age,membership_years,number_of_children,quantity,unit_price,avg_purchase_value,purchase_frequency,avg_discount_used,online_purchases,in_store_purchases,total_transactions,total_items_purchased,promotion_effectiveness,days_since_last_purchase,loyalty_program,promo_flag,gender_Female,gender_Male,gender_Other,income_bracket_High,income_bracket_Low,income_bracket_Medium,marital_status_Divorced,marital_status_Married,marital_status_Single,education_level_Bachelor's,education_level_High School,education_level_Master's,education_level_PhD,occupation_Employed,occupation_Retired,occupation_Self-Employed,occupation_Student,occupation_Unemployed,product_category_Beauty,product_category_Books,product_category_Clothing,product_category_Electronics,product_category_Groceries,product_category_Home,product_category_Home Goods,product_category_Sports,product_category_Toys,promotion_type_20% Off,promotion_type_BOGO,promotion_type_Buy One Get One Free,promotion_type_Discount,promotion_type_Seasonal Discount,churn_prob
67,10,4,2.295774647887324,51.92535211267605,120.81211267605632,7.1,0.23,213,0,2982,1846,1.0,492,1,1,1,0,0,1,0,0,1,0,0,1,0,0,0,0,0,0,1,0,0,0,0,1,0,0,0,0,0,0,1,0,0,0,0.99
47,3,4,2.887323943661972,45.95253521126761,133.6919718309859,23.666666666666668,0.06,284,0,639,1775,1.0,492,0,1,0,1,0,1,0,0,1,0,0,0,0,0,1,0,1,0,0,0,0,1,0,0,0,0,0,0,0,0,0,0,0,1,0.98
39,10,4,2.4722222222222223,49.293055555555554,123.39625,7.199999999999999,0.22,144,0,1800,7056,1.0,514,0,1,1,0,0,1,0,0,1,0,0,0,0,1,0,1,0,0,0,0,0,0,0,0,0,0,0,0,1,0,1,0,0,0,0.965
51,13,0,2.647887323943662,45.35422535211268,120.1850704225352,5.461538461538462,11.337021491248372,639,71,2769,1704,1.0,375,1,1,1,0,0,0,1,0,0,1,0,0,0,0,1,1,0,0,0,0,0,0,0,0,0,0,1,0,0,0,0,1,0,0,0.0
37,11,3,2.458333333333333,48.973194444444445,122.31347222222222,6.545454545454546,0.09,0,288,2088,4104,1.0,372,1,1,1,0,0,1,0,0,1,0,0,1,0,0,0,0,0,0,0,1,0,0,0,0,0,0,0,1,0,0,0,0,0,1,0.0
36,14,1,2.625,47.32347222222222,124.53277777777778,5.142857142857143,0.23,144,0,1728,6264,1.0,373,1,1,0,0,1,1,0,0,0,0,1,0,0,0,1,0,0,1,0,0,0,0,0,0,0,1,0,0,0,0,0,1,0,0,0.005
49,6,1,2.486111111111111,50.906527777777775,125.61763888888888,12.0,0.15,432,0,1008,5616,1.0,372,1,1,1,0,0,0,0,1,1,0,0,0,0,1,0,0,1,0,0,0,0,0,0,1,0,0,0,0,0,0,1,0,0,0,0.005
42,13,2,2.718309859154929,50.6843661971831,140.28661971830985,5.461538461538462,0.01,426,0,497,7384,1.0,384,0,1,0,0,1,1,0,0,0,0,1,0,1,0,0,0,0,1,0,0,0,0,0,0,1,0,0,0,0,0,1,0,0,0,0.0
26,15,3,2.4507042253521125,48.07,118.39211267605634,4.733333333333333,0.09,213,0,1633,2698,1.0,384,1,1,0,0,1,0,0,1,1,0,0,0,0,1,0,1,0,0,0,0,0,0,0,0,0,0,0,0,1,0,1,0,0,0,0.01
48,11,0,2.5774647887323945,51.69394366197183,132.6056338028169,6.454545454545454,11.7797599545946,497,568,426,5112,1.0,378,0,1,0,1,0,1,0,0,0,0,1,1,0,0,0,0,0,1,0,0,0,0,0,0,1,0,0,0,0,0,0,0,1,0,0.0
59,13,1,2.5211267605633805,47.566901408450704,118.95718309859156,5.461538461538462,0.02,142,0,639,5822,1.0,379,0,1,0,0,1,0,1,0,0,0,1,0,0,0,1,0,1,0,0,0,0,0,0,0,0,0,1,0,0,1,0,0,0,0,0.005
20,1,1,2.513888888888889,46.40736111111111,119.11097222222222,72.0,0.22,288,0,3600,4680,1.0,371,1,1,0,0,1,0,1,0,0,0,1,0,1,0,0,1,0,0,0,0,0,0,0,0,0,0,0,0,1,0,1,0,0,0,0.005
54,12,2,2.507042253521127,51.53323943661972,127.55084507042254,5.916666666666667,0.08,0,142,2769,4047,1.0,372,0,1,0,1,0,0,0,1,0,0,1,0,1,0,0,1,0,0,0,0,1,0,0,0,0,0,0,0,0,0,0,0,1,0,0.0
32,8,0,2.5,49.94236111111111,126.44597222222222,9.0,0.08,216,0,3600,5688,1.0,374,0,1,0,1,0,1,0,0,0,1,0,0,0,0,1,0,0,0,0,1,1,0,0,0,0,0,0,0,0,0,1,0,0,0,0.0
30,4,0,2.422535211267605,51.37394366197184,124.34295774647887,17.75,0.18,284,0,2982,2485,1.0,496,1,1,0,1,0,0,1,0,0,1,0,0,1,0,0,0,0,0,1,0,0,0,0,0,0,0,1,0,0,0,1,0,0,0,0.99
60,2,0,2.422535211267605,52.11929577464788,125.68154929577464,35.5,0.01,355,0,1207,2911,1.0,370,0,1,1,0,0,0,1,0,1,0,0,0,0,1,0,1,0,0,0,0,1,0,0,0,0,0,0,0,0,0,0,0,0,1,0.0
48,10,4,2.583333333333333,47.28486111111111,120.83180555555556,7.199999999999999,13.396364307572856,0,288,432,864,1.0,389,1,1,0,0,1,0,1,0,1,0,0,0,1,0,0,1,0,0,0,0,0,1,0,0,0,0,0,0,0,0,0,1,0,0,0.0
37,9,4,2.5,50.30111111111111,129.3127777777778,8.0,0.25,216,0,648,5112,1.0,383,1,1,0,1,0,0,1,0,0,0,1,1,0,0,0,0,0,0,0,1,0,1,0,0,0,0,0,0,0,0,0,0,1,0,0.0
55,10,4,2.486111111111111,49.64152777777778,122.82069444444444,7.199999999999999,0.04,0,72,3456,5976,1.0,377,0,1,1,0,0,0,0,1,0,0,1,0,0,1,0,0,1,0,0,0,1,0,0,0,0,0,0,0,0,0,1,0,0,0,0.005
36,14,1,2.388888888888889,52.64013888888889,124.915,5.142857142857143,0.09,216,0,1800,2232,1.0,492,0,1,1,0,0,1,0,0,0,0,1,0,1,0,0,0,0,1,0,0,0,0,0,0,0,0,0,0,1,1,0,0,0,0,0.995
53,3,4,2.535211267605634,51.51549295774648,129.62450704225353,23.666666666666668,0.13,0,284,1207,4686,1.0,372,1,1,0,0,1,1,0,0,0,0,1,0,1,0,0,1,0,0,0,0,1,0,0,0,0,0,0,0,0,0,1,0,0,0,0.0
26,5,3,2.619718309859155,49.48014084507042,126.99098591549296,14.2,0.29,0,142,2059,1633,1.0,495,0,1,1,0,0,0,0,1,0,1,0,0,1,0,0,0,0,0,0,1,0,1,0,0,0,0,0,0,0,0,0,1,0,0,0.985
56,8,0,2.563380281690141,51.05042253521127,134.06704225352112,8.875,0.04,0,426,1491,7029,1.0,370,0,1,0,0,1,0,0,1,0,1,0,0,1,0,0,0,0,0,0,1,0,0,0,0,0,0,0,0,1,0,0,1,0,0,0.005
25,6,4,3.2222222222222223,52.539307215210655,168.05041998597687,12.0,0.2436730036980392,175,70,2015,1310,0.625,898,0,1,1,0,0,0,1,0,0,1,0,0,0,1,0,0,0,0,1,0,0,0,0,0,0,1,0,0,0,0,0,0,0,0,0.73
33,4,1,2.25,47.50611111111111,103.74111111111112,18.0,0.15,0,288,2088,2808,1.0,371,1,1,0,0,1,1,0,0,0,1,0,0,1,0,0,0,0,1,0,0,0,0,0,1,0,0,0,0,0,0,0,0,0,1,0.005
40,7,2,2.704225352112676,49.42070422535211,129.1785915492958,10.142857142857142,0.09,71,0,3337,3337,1.0,378,1,1,1,0,0,1,0,0,1,0,0,0,1,0,0,0,0,1,0,0,0,1,0,0,0,0,0,0,0,0,0,1,0,0,0.01
38,1,2,2.9444444444444446,52.86007463912071,150.17876038935253,72.0,0.3041956299387657,130,95,2231,4962,0.5555555555555556,664,0,1,0,1,0,1,0,0,0,0,1,0,0,1,0,1,0,0,0,0,0,1,0,0,0,0,0,0,0,0,0,0,0,0,0.69
25,6,0,2.4788732394366195,48.75056338028169,121.63845070422536,11.833333333333334,0.12,0,213,3053,4615,1.0,370,0,1,0,1,0,1,0,0,1,0,0,0,0,1,0,1,0,0,0,0,0,1,0,0,0,0,0,0,0,1,0,0,0,0,0.01
49,6,0,2.591549295774648,47.6430985915493,122.97352112676056,11.833333333333334,9.298732098924075,284,710,1349,6603,1.0,371,0,1,1,0,0,0,0,1,0,0,1,0,0,0,1,0,0,1,0,0,0,0,0,0,0,0,0,0,1,0,1,0,0,0,0.0
60,8,0,2.513888888888889,47.24958333333333,116.4673611111111,9.0,0.15,0,144,1296,5544,1.0,375,1,1,0,0,1,1,0,0,0,1,0,0,0,0,1,0,0,0,0,1,1,0,0,0,0,0,0,0,0,0,0,0,1,0,0.0
49,5,3,2.5694444444444446,49.778888888888886,128.77152777777778,14.4,0.03,216,0,2592,4680,1.0,502,1,1,0,0,1,0,0,1,1,0,0,1,0,0,0,1,0,0,0,0,1,0,0,0,0,0,0,0,0,0,0,0,1,0,0.995
44,14,4,2.5416666666666665,49.50694444444444,125.81444444444443,5.142857142857143,14.913690070988231,648,576,1368,5544,1.0,377,0,1,0,1,0,1,0,0,1,0,0,1,0,0,0,0,0,0,0,1,0,0,0,0,0,0,0,1,0,1,0,0,0,0,0.0
25,9,2,2.436619718309859,50.42704225352113,123.80366197183098,7.888888888888888,0.02,142,0,2627,1562,1.0,380,0,1,0,1,0,1,0,0,0,1,0,0,0,0,1,1,0,0,0,0,1,0,0,0,0,0,0,0,0,0,0,0,1,0,0.0
35,9,4,2.492957746478873,51.15084507042253,124.1074647887324,7.888888888888888,0.27,284,0,3408,6532,1.0,371,1,1,1,0,0,1,0,0,0,1,0,0,0,1,0,0,0,1,0,0,1,0,0,0,0,0,0,0,0,0,0,0,0,1,0.015
46,2,2,3.056338028169014,50.87295960371563,158.38395109091886,35.5,0.322260730512845,173,53,851,3053,0.6338028169014085,500,1,1,1,0,0,1,0,0,0,0,1,0,0,0,1,0,1,0,0,0,0,1,0,0,0,0,0,0,0,0,0,0,0,0,0.12
43,5,1,2.5972222222222223,51.750277777777775,135.80624999999998,14.4,0.08,0,288,3168,5544,1.0,491,1,1,0,1,0,1,0,0,0,1,0,0,1,0,0,1,0,0,0,0,0,0,0,0,0,1,0,0,0,0,0,1,0,0,0.985
40,7,2,2.5972222222222223,47.04388888888889,126.08458333333334,10.285714285714286,0.09,72,0,3384,3384,1.0,371,1,1,1,0,0,1,0,0,1,0,0,0,1,0,0,0,0,1,0,0,0,0,0,0,0,1,0,0,0,0,1,0,0,0,0.0
55,3,3,2.3472222222222223,53.72388888888889,127.49694444444444,24.0,9.222769018017392,576,72,576,864,1.0,371,0,1,0,0,1,1,0,0,0,1,0,0,0,1,0,0,0,1,0,0,0,1,0,0,0,0,0,0,0,1,0,0,0,0,0.0
60,8,0,2.583333333333333,49.28736111111111,125.68069444444444,9.0,0.15,0,144,1296,5544,1.0,371,1,1,0,0,1,1,0,0,0,1,0,0,0,0,1,0,0,0,0,1,0,0,0,0,0,0,0,1,0,0,0,0,1,0,0.0
55,5,1,2.4788732394366195,49.67647887323944,122.5888732394366,14.2,0.08,142,0,1917,2911,1.0,371,0,1,0,0,1,0,1,0,1,0,0,0,0,0,1,0,0,0,0,1,0,0,0,0,0,0,0,0,1,1,0,0,0,0,0.0
46,12,4,2.430555555555556,50.53402777777777,121.67625,6.0,0.07,0,288,2664,2736,1.0,491,0,1,0,0,1,1,0,0,1,0,0,1,0,0,0,0,0,1,0,0,0,0,0,0,1,0,0,0,0,0,0,0,1,0,0.995
46,10,1,2.422535211267605,49.58225352112676,120.0574647887324,7.1,0.13,568,0,2698,2059,1.0,370,0,1,0,0,1,1,0,0,0,0,1,0,0,0,1,0,0,0,0,1,0,1,0,0,0,0,0,0,0,0,0,0,0,1,0.015
46,9,3,2.75,45.70986111111111,126.73472222222222,8.0,0.23,144,0,3672,6840,1.0,375,0,1,1,0,0,1,0,0,0,0,1,0,1,0,0,0,0,0,0,1,0,0,0,0,0,0,0,0,1,1,0,0,0,0,0.0
62,1,3,2.4507042253521125,51.32760563380282,125.93845070422536,71.0,0.01,142,0,426,4047,1.0,371,1,1,0,0,1,0,0,1,0,0,1,0,0,0,1,0,1,0,0,0,0,1,0,0,0,0,0,0,0,1,0,0,0,0,0.0
49,6,0,2.388888888888889,53.51055555555556,122.16791666666668,12.0,9.298732098924075,288,720,1368,6696,1.0,372,0,1,1,0,0,0,0,1,0,0,1,0,0,0,1,0,0,1,0,0,1,0,0,0,0,0,0,0,0,1,0,0,0,0,0.0
40,6,1,2.5492957746478875,49.35845070422535,122.8050704225352,11.833333333333334,0.14,142,0,2982,4473,1.0,370,1,1,0,1,0,0,0,1,1,0,0,0,0,0,1,0,0,1,0,0,0,1,0,0,0,0,0,0,0,0,0,0,1,0,0.005
29,2,3,2.591549295774648,55.518169014084506,146.0543661971831,35.5,10.422353915074105,284,71,3550,6532,1.0,387,0,1,0,1,0,1,0,0,0,1,0,0,0,0,1,1,0,0,0,0,0,0,1,0,0,0,0,0,0,0,0,0,0,1,0.0
19,10,4,2.361111111111111,53.48444444444445,125.93347222222224,7.199999999999999,0.22,0,288,648,5544,1.0,373,1,1,1,0,0,0,0,1,1,0,0,0,0,0,1,1,0,0,0,0,0,0,0,0,0,0,1,0,0,0,0,1,0,0,0.01
42,13,0,2.625,49.68638888888889,128.74541666666667,5.538461538461538,5.584120139568189,432,360,2160,2160,1.0,378,0,1,0,1,0,0,1,0,0,1,0,0,0,0,1,0,0,1,0,0,0,0,0,0,0,0,0,1,0,1,0,0,0,0,0.0
38,1,2,2.647887323943662,53.37197183098591,135.91619718309855,71.0,0.0,213,0,2201,4899,1.0,499,0,1,0,1,0,1,0,0,0,0,1,0,0,1,0,1,0,0,0,0,0,0,0,0,0,1,0,0,0,0,0,0,0,1,0.99
40,6,0,2.5492957746478875,50.37169014084507,131.62535211267604,11.833333333333334,0.26,284,0,3337,1704,1.0,370,0,1,0,1,0,0,1,0,0,0,1,0,1,0,0,0,0,0,1,0,0,0,0,1,0,0,0,0,0,0,0,1,0,0,0.005
62,1,3,2.380281690140845,43.767183098591545,105.65197183098591,71.0,0.01,142,0,426,4047,1.0,374,1,1,0,0,1,0,0,1,0,0,1,0,0,0,1,0,1,0,0,0,0,0,0,1,0,0,0,0,0,0,0,0,1,0,0.0
26,10,2,2.4444444444444446,54.14263888888889,135.54208333333335,7.199999999999999,0.11,288,0,1656,3312,1.0,505,0,1,0,0,1,1,0,0,0,0,1,0,1,0,0,0,0,0,1,0,1,0,0,0,0,0,0,0,0,0,0,0,0,1,0.995
70,3,2,2.5,48.74930555555556,123.12791666666668,24.0,0.03,144,0,1512,5256,1.0,384,0,1,0,0,1,1,0,0,0,1,0,0,0,0,1,0,0,0,1,0,0,1,0,0,0,0,0,0,0,0,0,0,1,0,0.005
25,6,4,2.611111111111111,49.602916666666665,129.64083333333332,12.0,0.11,144,0,2016,1224,1.0,504,0,1,1,0,0,0,1,0,0,1,0,0,0,1,0,0,0,0,1,0,0,0,0,0,0,0,0,1,0,0,0,1,0,0,0.98
68,11,4,2.422535211267605,49.78746478873239,119.62676056338027,6.454545454545454,0.07,71,0,2840,1704,1.0,525,1,1,1,0,0,0,1,0,0,0,1,0,0,1,0,0,0,1,0,0,0,0,0,0,0,0,0,0,1,1,0,0,0,0,1.0
21,3,4,2.875,51.45793204558485,148.42589484900606,24.0,0.3169063309125567,159,63,2087,2363,0.4166666666666667,620,0,1,0,0,1,0,1,0,0,0,1,0,0,1,0,0,0,1,0,0,0,0,0,1,0,0,0,0,0,0,0,0,0,0,0.115
68,5,1,2.492957746478873,51.06661971830986,123.48577464788733,14.2,0.14,142,0,2414,3124,1.0,491,1,1,0,1,0,1,0,0,0,1,0,0,0,1,0,0,0,1,0,0,0,1,0,0,0,0,0,0,0,0,1,0,0,0,0.99
57,14,4,2.436619718309859,50.13718309859155,121.1687323943662,5.071428571428571,0.11,284,0,1349,6248,1.0,377,1,1,1,0,0,1,0,0,0,1,0,0,1,0,0,0,0,0,0,1,0,0,0,0,0,0,0,1,0,0,0,0,0,1,0.0
36,14,1,2.6944444444444446,48.25930555555556,131.085,5.142857142857143,0.09,216,0,1800,2232,1.0,527,0,1,1,0,0,1,0,0,0,0,1,0,1,0,0,0,0,1,0,0,0,0,0,0,1,0,0,0,0,0,0,0,1,0,0.975
45,9,3,3.138888888888889,54.46773222607382,173.348797785481,8.0,0.324563585048185,168,59,3455,6848,0.5555555555555556,776,0,1,1,0,0,0,1,0,0,1,0,0,0,0,1,0,0,1,0,0,0,0,1,0,0,0,0,0,0,0,0,0,0,0,0.78
30,4,0,2.2777777777777777,51.47680555555556,117.90722222222222,18.0,0.18,288,0,3024,2520,1.0,491,1,1,0,1,0,0,1,0,0,1,0,0,1,0,0,0,0,0,1,0,0,1,0,0,0,0,0,0,0,0,0,1,0,0,0.97
24,9,2,2.638888888888889,51.675694444444446,132.56944444444446,8.0,0.29,288,0,1728,1440,1.0,374,0,1,1,0,0,1,0,0,0,0,1,0,1,0,0,0,0,1,0,0,0,0,0,0,1,0,0,0,0,0,0,1,0,0,0.0
70,7,1,2.458333333333333,48.61638888888889,117.37152777777776,10.285714285714286,0.26,144,0,720,4464,1.0,374,1,1,0,0,1,0,0,1,0,1,0,0,0,1,0,0,0,0,0,1,1,0,0,0,0,0,0,0,0,0,1,0,0,0,0.005
67,10,4,2.375,47.44875,113.5213888888889,7.199999999999999,0.23,216,0,3024,1872,1.0,502,1,1,1,0,0,1,0,0,1,0,0,1,0,0,0,0,0,0,1,0,0,0,0,0,0,0,0,0,1,0,0,0,0,1,0.965
48,10,1,2.2535211267605635,50.27028169014085,115.4112676056338,7.1,0.3,213,0,2840,4615,1.0,370,1,1,0,1,0,0,1,0,1,0,0,0,1,0,0,0,0,1,0,0,0,0,0,0,0,0,0,1,0,0,1,0,0,0,0.0
38,4,0,2.7222222222222223,49.11236111111111,131.425,18.0,0.16,144,0,3384,2592,1.0,492,1,1,0,1,0,0,0,1,0,0,1,1,0,0,0,0,0,1,0,0,0,0,0,0,0,0,0,1,0,0,0,1,0,0,0.985
68,11,1,2.4722222222222223,50.26,121.62277777777778,6.545454545454546,0.14,288,0,3600,2592,1.0,373,1,1,0,0,1,0,0,1,0,1,0,0,1,0,0,0,1,0,0,0,0,0,0,0,0,0,0,0,1,0,1,0,0,0,0.0
54,12,2,2.535211267605634,45.39464788732394,110.54661971830988,5.916666666666667,0.08,0,142,2769,4047,1.0,374,0,1,0,1,0,0,0,1,0,0,1,0,1,0,0,1,0,0,0,0,0,0,0,0,1,0,0,0,0,0,1,0,0,0,0.0
43,12,4,2.4788732394366195,51.57323943661972,126.33380281690144,5.916666666666667,0.07,213,0,1278,1278,1.0,490,0,1,0,0,1,0,1,0,1,0,0,0,0,1,0,0,0,0,1,0,0,0,0,0,0,0,1,0,0,0,0,0,1,0,0.995
31,12,1,2.430555555555556,45.94347222222222,108.09069444444444,6.0,0.17,288,0,504,6048,1.0,372,0,1,1,0,0,1,0,0,0,1,0,1,0,0,0,0,1,0,0,0,0,0,0,0,0,0,1,0,0,0,0,0,1,0,0.005
24,10,3,2.763888888888889,50.90597222222223,143.35083333333333,7.199999999999999,0.17,0,144,1584,5616,1.0,491,1,1,0,0,1,0,1,0,0,0,1,0,0,0,1,0,0,0,0,1,0,0,0,0,0,0,0,1,0,0,1,0,0,0,0.965
57,9,1,2.507042253521127,54.559295774647886,137.7680281690141,7.888888888888888,0.19,142,0,426,4189,1.0,371,0,1,0,1,0,1,0,0,0,0,1,0,1,0,0,1,0,0,0,0,0,1,0,0,0,0,0,0,0,0,0,0,0,1,0.005
35,3,4,2.323943661971831,52.45901408450705,126.00732394366196,23.666666666666668,0.02,213,0,3195,4402,1.0,508,1,1,0,0,1,1,0,0,0,0,1,0,0,1,0,0,0,0,1,0,0,0,0,0,0,1,0,0,0,0,0,0,1,0,0.985
32,2,1,2.3943661971830985,49.67014084507042,120.26084507042256,35.5,0.13,426,0,3337,5325,1.0,376,0,1,0,0,1,0,0,1,0,1,0,0,0,1,0,0,1,0,0,0,0,0,0,0,0,0,1,0,0,0,0,0,1,0,0.005
48,6,1,2.555555555555556,50.85388888888889,125.79277777777776,12.0,6.729058415759139,720,72,3528,3096,1.0,372,0,1,0,0,1,0,1,0,0,1,0,0,0,1,0,0,1,0,0,0,1,0,0,0,0,0,0,0,0,0,0,1,0,0,0.0
52,8,3,2.5694444444444446,46.89597222222223,117.75083333333332,9.0,5.539578469529545,432,432,3600,7200,1.0,370,1,1,1,0,0,0,0,1,1,0,0,0,0,1,0,0,0,0,0,1,0,1,0,0,0,0,0,0,0,0,0,1,0,0,0.0
18,3,0,2.605633802816901,50.4,132.4001408450704,23.666666666666668,0.29,0,355,1633,4686,1.0,372,1,1,0,0,1,1,0,0,1,0,0,1,0,0,0,1,0,0,0,0,0,1,0,0,0,0,0,0,0,0,1,0,0,0,0.005
47,10,3,2.5492957746478875,45.82464788732395,117.06309859154928,7.1,0.12,142,0,1704,3834,1.0,371,0,1,0,0,1,0,0,1,1,0,0,0,0,0,1,0,1,0,0,0,0,0,0,0,1,0,0,0,0,0,0,1,0,0,0.005
60,7,4,2.388888888888889,51.43013888888889,121.75847222222222,10.285714285714286,0.22,216,0,720,3024,1.0,370,1,1,0,1,0,1,0,0,0,1,0,1,0,0,0,1,0,0,0,0,1,0,0,0,0,0,0,0,0,1,0,0,0,0,0.005
49,6,0,2.388888888888889,47.03805555555555,103.75819444444444,12.0,9.298732098924075,288,720,1368,6696,1.0,375,0,1,1,0,0,0,0,1,0,0,1,0,0,0,1,0,0,1,0,0,0,0,0,0,0,0,0,1,0,0,0,1,0,0,0.0
40,4,2,2.6619718309859155,51.48197183098592,138.44985915492958,17.75,8.484291688565325,0,710,2698,5609,1.0,375,1,1,0,1,0,0,0,1,0,0,1,1,0,0,0,0,0,0,0,1,0,1,0,0,0,0,0,0,0,0,1,0,0,0,0.0
21,1,2,2.75,51.85402777777778,146.01902777777778,72.0,0.02,0,72,2592,1728,1.0,373,0,1,1,0,0,0,0,1,1,0,0,0,0,1,0,1,0,0,0,0,0,0,1,0,0,0,0,0,0,0,1,0,0,0,0.0
58,13,1,2.563380281690141,53.50704225352113,140.69661971830988,5.461538461538462,12.497540224720405,568,213,568,2627,1.0,371,1,1,0,0,1,0,1,0,0,1,0,0,0,1,0,0,0,0,0,1,0,0,0,0,0,0,0,0,1,1,0,0,0,0,0.0
52,12,4,2.5492957746478875,50.76647887323944,130.02535211267605,5.916666666666667,0.2,355,0,426,7171,1.0,504,0,1,0,0,1,1,0,0,1,0,0,0,0,0,1,0,0,0,0,1,0,0,1,0,0,0,0,0,0,0,0,0,0,1,1.0
61,8,1,2.5972222222222223,50.03833333333333,131.51541666666668,9.0,0.17,360,0,2808,1944,1.0,492,1,1,0,0,1,0,1,0,0,1,0,0,0,1,0,0,1,0,0,0,0,1,0,0,0,0,0,0,0,0,0,1,0,0,0.99
47,4,2,2.5,53.76805555555556,131.5726388888889,18.0,14.628142769659158,144,720,3096,5112,1.0,375,1,1,1,0,0,1,0,0,1,0,0,0,0,1,0,1,0,0,0,0,0,0,0,0,1,0,0,0,0,0,1,0,0,0,0.005
49,14,4,2.611111111111111,48.36152777777778,124.24875,5.142857142857143,0.22,144,0,2016,1944,1.0,495,1,1,1,0,0,0,0,1,0,1,0,1,0,0,0,0,1,0,0,0,0,0,0,1,0,0,0,0,0,0,0,0,0,1,0.995
59,13,1,3.0422535211267605,49.00501031673307,145.9254534854105,5.461538461538462,0.331729423163535,143,76,638,5893,0.6901408450704225,450,0,1,0,0,1,0,1,0,0,0,1,0,0,0,1,0,1,0,0,0,1,0,0,0,0,0,0,0,0,0,1,0,0,0,0.06
51,14,1,2.513888888888889,50.72333333333333,131.1476388888889,5.142857142857143,5.486951393525363,72,648,1944,4896,1.0,371,1,1,0,0,1,0,0,1,0,1,0,0,0,0,1,1,0,0,0,0,0,0,0,0,1,0,0,0,0,1,0,0,0,0,0.005
40,2,0,2.611111111111111,45.38791666666666,116.20194444444444,36.0,0.08,144,0,1296,6048,1.0,373,0,1,0,1,0,1,0,0,0,0,1,0,0,1,0,0,0,0,0,1,0,0,1,0,0,0,0,0,0,0,0,0,1,0,0.01
59,13,1,2.4507042253521125,50.036197183098594,121.02816901408453,5.461538461538462,0.02,142,0,639,5822,1.0,371,0,1,0,0,1,0,1,0,0,0,1,0,0,0,1,0,1,0,0,0,0,0,1,0,0,0,0,0,0,1,0,0,0,0,0.0
27,4,1,2.2916666666666665,53.00111111111111,118.83583333333334,18.0,0.02,216,0,1512,5832,1.0,370,0,1,1,0,0,0,1,0,0,0,1,0,0,1,0,0,0,1,0,0,0,1,0,0,0,0,0,0,0,0,0,0,0,1,0.015
55,2,1,2.3472222222222223,52.46680555555556,119.01138888888887,36.0,0.23,216,0,576,5832,1.0,498,1,1,0,1,0,1,0,0,1,0,0,0,0,1,0,0,0,0,0,1,0,0,0,0,1,0,0,0,0,0,0,1,0,0,1.0
34,1,0,2.625,52.88722222222222,137.46680555555557,72.0,11.431400866504926,504,144,3240,5832,1.0,374,0,1,0,1,0,0,1,0,0,0,1,0,0,1,0,0,1,0,0,0,0,0,0,1,0,0,0,0,0,0,1,0,0,0,0.0
45,6,0,2.638888888888889,51.35263888888889,132.50638888888886,12.0,12.092511217609008,216,432,1224,3672,1.0,374,0,1,0,0,1,1,0,0,0,1,0,1,0,0,0,0,0,0,0,1,0,0,0,0,1,0,0,0,0,1,0,0,0,0,0.005
37,9,4,2.4027777777777777,48.176944444444445,117.77125,8.0,0.25,216,0,648,5112,1.0,370,1,1,0,1,0,0,1,0,0,0,1,1,0,0,0,0,0,0,0,1,0,0,1,0,0,0,0,0,0,1,0,0,0,0,0.0
61,1,4,2.5492957746478875,48.27422535211268,119.97070422535212,71.0,0.04,0,142,710,1775,1.0,516,1,1,0,1,0,1,0,0,0,1,0,1,0,0,0,1,0,0,0,0,0,0,0,0,1,0,0,0,0,1,0,0,0,0,0.98
33,12,1,2.5694444444444446,53.68055555555556,133.66347222222225,6.0,0.09,0,144,2952,4536,1.0,375,1,1,1,0,0,0,1,0,1,0,0,1,0,0,0,0,0,0,1,0,0,0,1,0,0,0,0,0,0,0,1,0,0,0,0.0
37,5,2,2.4507042253521125,51.49521126760563,123.48436619718308,14.2,10.56587716784563,213,71,2769,1846,1.0,370,0,1,0,1,0,0,1,0,1,0,0,1,0,0,0,0,1,0,0,0,0,0,0,0,1,0,0,0,0,0,0,1,0,0,0.0
43,4,1,2.591549295774648,52.41028169014085,140.13098591549294,17.75,0.28,284,0,1917,5325,1.0,374,0,1,0,1,0,0,1,0,0,1,0,1,0,0,0,0,0,0,1,0,0,1,0,0,0,0,0,0,0,0,0,0,1,0,0.01
29,14,4,2.430555555555556,51.52013888888889,124.71694444444444,5.142857142857143,0.28,288,0,2232,2808,1.0,371,1,1,0,1,0,0,1,0,1,0,0,0,0,1,0,0,0,0,1,0,1,0,0,0,0,0,0,0,0,0,0,1,0,0,0.005
33,12,3,2.3661971830985915,48.66591549295775,114.53915492957746,5.916666666666667,0.15,71,0,1278,5396,1.0,373,1,1,0,0,1,0,0,1,0,0,1,0,0,1,0,1,0,0,0,0,1,0,0,0,0,0,0,0,0,0,0,0,0,1,0.0
21,1,2,3.0694444444444446,53.13786011582332,160.44135812524772,72.0,0.3277988332748605,158,68,2591,1874,0.5138888888888888,817,0,1,1,0,0,0,0,1,1,0,0,0,0,1,0,1,0,0,0,0,0,0,0,1,0,0,0,0,0,0,0,0,0,0,0.075
40,10,4,2.7777777777777777,51.45367248118778,146.79796188800776,7.199999999999999,0.2654534749452277,140,67,2303,6173,0.5416666666666666,815,1,1,1,0,0,0,1,0,0,0,1,0,1,0,0,0,0,0,0,1,0,1,0,0,0,0,0,0,0,0,0,0,0,0,0.1
68,2,3,3.1527777777777777,50.7378004534024,157.51439625805403,36.0,0.2479089546107361,154,77,863,1663,0.6111111111111112,836,1,1,0,0,1,0,1,0,0,1,0,0,0,0,1,0,0,1,0,0,0,0,0,0,0,1,0,0,0,0,0,0,0,0,0.13
27,6,2,2.5277777777777777,50.42819444444444,129.58888888888887,12.0,0.14,0,72,1872,6264,1.0,377,0,1,0,0,1,0,0,1,1,0,0,0,1,0,0,0,0,1,0,0,0,0,0,1,0,0,0,0,0,0,0,1,0,0,0.005
25,2,1,2.436619718309859,49.808873239436615,123.64422535211268,35.5,0.05,355,0,3124,3976,1.0,494,0,1,0,0,1,1,0,0,0,1,0,1,0,0,0,0,0,1,0,0,0,1,0,0,0,0,0,0,0,0,0,1,0,0,0.985
65,15,2,2.611111111111111,50.79430555555555,133.06875000000002,4.8,0.03,0,144,2880,2232,1.0,371,1,1,0,1,0,0,0,1,0,0,1,0,0,1,0,0,0,0,1,0,0,0,0,0,0,0,0,1,0,0,0,0,1,0,0.0
45,5,4,2.591549295774648,50.189577464788734,132.46394366197185,14.2,0.06,213,0,1633,7171,1.0,373,0,1,0,0,1,0,0,1,1,0,0,0,0,0,1,0,1,0,0,0,0,0,1,0,0,0,0,0,0,0,0,1,0,0,0.0
23,5,0,2.605633802816901,46.57887323943662,122.05042253521128,14.2,10.441826594846464,142,710,1988,1207,1.0,380,0,1,0,0,1,1,0,0,1,0,0,0,1,0,0,0,0,0,0,1,0,0,0,0,1,0,0,0,0,0,0,0,0,1,0.0
36,5,4,2.5694444444444446,51.64277777777778,135.90430555555557,14.4,6.181456079389093,648,72,720,5256,1.0,377,0,1,1,0,0,1,0,0,0,0,1,0,0,1,0,0,0,0,1,0,1,0,0,0,0,0,0,0,0,0,0,0,0,1,0.0
35,6,2,2.583333333333333,51.45574285749226,131.54949920774683,12.0,0.3464655915451053,134,59,935,7166,0.6388888888888888,847,1,1,1,0,0,0,1,0,0,1,0,0,0,0,1,0,0,0,0,1,1,0,0,0,0,0,0,0,0,0,0,0,0,0,0.095
68,1,4,2.5277777777777777,50.08416666666667,126.16388888888888,72.0,0.01,288,0,792,5760,1.0,371,0,1,1,0,0,0,0,1,0,0,1,1,0,0,0,0,0,0,1,0,1,0,0,0,0,0,0,0,0,0,0,0,0,1,0.0
43,10,0,2.5416666666666665,54.17111111111112,139.54625,7.199999999999999,0.3,288,0,3312,2232,1.0,371,0,1,0,0,1,0,0,1,0,1,0,0,0,0,1,1,0,0,0,0,0,1,0,0,0,0,0,0,0,0,0,1,0,0,0.0
38,8,0,2.5,48.27319444444444,121.40736111111111,9.0,0.2,0,216,2664,4392,1.0,382,1,1,0,1,0,0,0,1,1,0,0,1,0,0,0,0,1,0,0,0,0,0,0,1,0,0,0,0,0,1,0,0,0,0,0.005
52,6,3,2.619718309859155,49.08422535211268,130.26915492957747,11.833333333333334,0.17,142,0,1349,1704,1.0,497,1,1,0,1,0,1,0,0,0,1,0,1,0,0,0,0,0,0,0,1,1,0,0,0,0,0,0,0,0,0,0,0,0,1,1.0
62,15,2,2.4166666666666665,49.99347222222222,124.05180555555556,4.8,0.08,72,0,1512,4608,1.0,370,0,1,0,0,1,0,1,0,0,0,1,0,1,0,0,0,0,0,0,1,0,0,1,0,0,0,0,0,0,0,1,0,0,0,0.0
58,4,4,2.486111111111111,48.907916666666665,119.85708333333336,18.0,7.040439272233234,720,288,2736,2016,1.0,370,0,1,0,0,1,0,1,0,0,1,0,0,0,0,1,0,0,0,0,1,0,0,0,0,0,0,0,1,0,0,0,1,0,0,0.0
19,11,1,3.25,49.33545584584539,154.2251958958936,6.545454545454546,0.2453747995174061,180,65,2879,4837,0.6111111111111112,826,0,1,0,0,1,0,1,0,0,0,1,0,1,0,0,0,1,0,0,0,0,0,0,0,0,0,0,1,0,0,0,0,0,0,0.085
68,1,4,2.625,48.98180555555555,129.29888888888888,72.0,0.01,288,0,792,5760,1.0,371,0,1,1,0,0,0,0,1,0,0,1,1,0,0,0,0,0,0,1,0,0,0,1,0,0,0,0,0,0,0,0,1,0,0,0.005
30,15,2,2.732394366197183,50.709154929577466,136.7338028169014,4.733333333333333,0.22,142,0,3337,6248,1.0,510,1,1,0,1,0,0,1,0,0,0,1,1,0,0,0,1,0,0,0,0,1,0,0,0,0,0,0,0,0,0,0,1,0,0,0.975
57,12,3,2.380281690140845,48.16943661971831,112.586338028169,5.916666666666667,0.01,213,0,2272,7171,1.0,377,0,1,1,0,0,0,1,0,0,0,1,1,0,0,0,1,0,0,0,0,0,1,0,0,0,0,0,0,0,0,0,1,0,0,0.0
67,5,1,2.4507042253521125,46.85366197183099,113.81042253521127,14.2,0.25,142,0,1562,7029,1.0,490,0,1,1,0,0,1,0,0,0,1,0,0,1,0,0,0,0,1,0,0,1,0,0,0,0,0,0,0,0,0,0,0,0,1,0.985
38,4,1,2.5972222222222223,52.434583333333336,136.81166666666667,18.0,0.06,288,0,1728,2880,1.0,492,1,1,1,0,0,1,0,0,1,0,0,1,0,0,0,1,0,0,0,0,1,0,0,0,0,0,0,0,0,1,0,0,0,0,0.985
57,9,1,2.5416666666666665,47.80833333333333,123.90625,8.0,0.08,0,216,2808,1944,1.0,494,1,1,0,1,0,1,0,0,0,0,1,0,1,0,0,0,0,0,1,0,0,0,0,0,1,0,0,0,0,0,0,1,0,0,0.965
41,10,1,2.492957746478873,50.9474647887324,128.1087323943662,7.1,0.16,142,0,568,6177,1.0,376,1,1,1,0,0,1,0,0,0,0,1,0,0,0,1,0,0,1,0,0,1,0,0,0,0,0,0,0,0,0,0,1,0,0,0.0
69,10,2,2.4722222222222223,51.21736111111111,126.78472222222224,7.199999999999999,11.988521437096658,288,720,1080,2952,1.0,370,0,1,0,0,1,0,0,1,1,0,0,1,0,0,0,0,0,0,0,1,0,0,0,0,1,0,0,0,0,0,0,1,0,0,0.0
46,14,3,2.6338028169014085,47.64521126760563,123.41732394366198,5.071428571428571,0.28,0,71,2769,1491,1.0,370,0,1,1,0,0,0,1,0,1,0,0,0,1,0,0,0,0,1,0,0,1,0,0,0,0,0,0,0,0,1,0,0,0,0,0.0
23,2,0,2.2535211267605635,46.70591549295774,102.7412676056338,35.5,0.02,284,0,639,5964,1.0,376,1,1,0,1,0,0,0,1,0,1,0,0,0,1,0,0,0,1,0,0,0,0,0,0,0,0,0,1,0,0,0,0,0,1,0.0
49,14,4,2.915492957746479,52.83657450679373,157.19808380157428,5.071428571428571,0.3328161284279509,131,77,1987,1977,0.5633802816901409,425,1,1,1,0,0,0,0,1,0,1,0,1,0,0,0,0,1,0,0,0,0,0,0,1,0,0,0,0,0,0,0,0,0,0,0.685
50,12,2,2.6338028169014085,51.96788732394366,135.71422535211266,5.916666666666667,0.19,284,0,1491,2485,1.0,372,0,1,0,1,0,0,0,1,1,0,0,0,0,0,1,0,1,0,0,0,1,0,0,0,0,0,0,0,0,0,0,0,1,0,0.025
26,13,1,2.464788732394366,45.5825352112676,111.1012676056338,5.461538461538462,0.15,497,0,2840,6674,1.0,522,1,1,0,1,0,0,0,1,0,1,0,0,0,1,0,0,0,0,1,0,0,0,1,0,0,0,0,0,0,0,0,0,0,1,0.99
68,11,1,2.861111111111111,49.49361111111111,144.82819444444445,6.545454545454546,0.22,216,0,3312,5112,1.0,372,1,1,1,0,0,0,1,0,0,1,0,0,1,0,0,1,0,0,0,0,0,0,1,0,0,0,0,0,0,0,0,0,1,0,0.005
66,12,0,2.563380281690141,49.16084507042254,126.1243661971831,5.916666666666667,12.246906308329049,213,355,1917,6532,1.0,372,0,1,0,1,0,0,0,1,1,0,0,0,0,0,1,0,0,1,0,0,0,0,0,0,0,1,0,0,0,0,1,0,0,0,0.0
50,10,4,2.5211267605633805,47.95140845070423,122.64478873239436,7.1,0.25,426,0,2130,7100,1.0,493,0,1,0,1,0,0,0,1,0,0,1,0,1,0,0,0,1,0,0,0,0,0,0,0,0,1,0,0,0,1,0,0,0,0,0.995
57,10,1,2.323943661971831,49.59549295774648,115.94084507042253,7.1,0.17,213,0,2414,4757,1.0,492,1,1,0,1,0,1,0,0,1,0,0,0,0,0,1,0,0,1,0,0,0,0,1,0,0,0,0,0,0,0,1,0,0,0,0.995
32,8,0,2.464788732394366,51.13042253521127,127.43704225352114,8.875,0.08,213,0,3550,5609,1.0,373,0,1,0,1,0,1,0,0,0,1,0,0,0,0,1,0,0,0,0,1,0,0,0,0,0,0,1,0,0,0,0,0,0,1,0.0
20,2,1,2.375,49.989444444444445,118.6086111111111,36.0,0.09,360,0,2664,3456,1.0,370,0,1,0,0,1,0,1,0,0,0,1,0,0,1,0,0,0,0,0,1,0,0,0,0,0,1,0,0,0,1,0,0,0,0,0.01
58,13,1,2.875,49.81777777777778,145.68180555555557,5.538461538461538,12.497540224720405,576,216,576,2664,1.0,371,1,1,0,0,1,0,1,0,0,1,0,0,0,1,0,0,0,0,0,1,0,0,0,0,0,0,0,0,1,0,0,0,0,1,0.0
44,9,2,2.605633802816901,49.98323943661972,133.70985915492955,7.888888888888888,6.785057725304087,497,0,3266,5609,1.0,372,0,1,1,0,0,1,0,0,0,0,1,0,0,1,0,0,0,0,1,0,0,0,1,0,0,0,0,0,0,1,0,0,0,0,0.0
66,11,1,2.380281690140845,49.0143661971831,116.9387323943662,6.454545454545454,0.23,71,0,2982,7100,1.0,490,1,1,0,1,0,1,0,0,0,0,1,1,0,0,0,0,0,1,0,0,0,0,0,0,0,1,0,0,0,0,0,1,0,0,0.99
40,13,4,2.309859154929577,50.71535211267606,115.98211267605632,5.461538461538462,0.25,142,0,2769,2982,1.0,370,1,1,0,1,0,0,0,1,0,0,1,1,0,0,0,0,0,0,1,0,0,0,1,0,0,0,0,0,0,0,0,0,0,1,0.005
63,4,2,2.458333333333333,44.95597222222222,111.2265277777778,18.0,0.19,0,360,504,2448,1.0,386,1,1,1,0,0,1,0,0,0,1,0,0,0,1,0,0,0,0,0,1,0,0,1,0,0,0,0,0,0,0,0,0,0,1,0.0
34,11,0,2.3472222222222223,40.32333333333333,96.1725,6.545454545454546,10.060466925235062,72,504,648,3744,1.0,375,1,1,0,1,0,1,0,0,0,1,0,0,1,0,0,1,0,0,0,0,0,0,0,0,1,0,0,0,0,0,0,0,1,0,0.0
38,4,0,2.458333333333333,48.44,120.34680555555556,18.0,0.16,144,0,3384,2592,1.0,497,1,1,0,1,0,0,0,1,0,0,1,1,0,0,0,0,0,1,0,0,0,0,0,1,0,0,0,0,0,0,1,0,0,0,0.99
65,4,4,2.6666666666666665,48.44875,132.495,18.0,9.824867521735362,432,144,1800,6552,1.0,372,0,1,0,0,1,1,0,0,0,1,0,0,1,0,0,0,0,0,0,1,0,1,0,0,0,0,0,0,0,0,0,1,0,0,0.0
35,12,0,2.486111111111111,49.37833333333333,118.78097222222222,6.0,5.543592706147611,576,360,864,5616,1.0,372,1,1,0,1,0,1,0,0,1,0,0,0,0,1,0,1,0,0,0,0,0,0,0,0,0,0,0,1,0,1,0,0,0,0,0.0
51,14,1,2.458333333333333,49.435833333333335,120.48208333333332,5.142857142857143,5.486951393525363,72,648,1944,4896,1.0,370,1,1,0,0,1,0,0,1,0,1,0,0,0,0,1,1,0,0,0,0,0,0,0,0,0,0,1,0,0,1,0,0,0,0,0.0
50,7,1,2.267605633802817,48.982253521126765,113.65338028169016,10.142857142857142,0.14,142,0,2840,3266,1.0,370,1,1,0,1,0,0,1,0,0,0,1,0,0,1,0,1,0,0,0,0,0,0,0,0,0,0,1,0,0,1,0,0,0,0,0.015
46,14,2,2.5,51.551944444444445,130.0643055555555,5.142857142857143,0.27,0,216,1080,2880,1.0,370,1,1,0,0,1,1,0,0,0,1,0,0,0,0,1,0,0,0,1,0,0,1,0,0,0,0,0,0,0,0,1,0,0,0,0.0
18,15,3,2.408450704225352,48.09380281690141,116.79084507042252,4.733333333333333,0.28,213,0,3266,4686,1.0,379,0,1,0,1,0,1,0,0,0,0,1,0,0,0,1,0,1,0,0,0,0,0,0,0,0,0,1,0,0,0,1,0,0,0,0.0
47,11,1,2.563380281690141,48.61521126760563,124.77929577464788,6.454545454545454,7.038417437673107,0,355,2059,5538,1.0,372,0,1,1,0,0,0,1,0,0,0,1,0,0,1,0,0,1,0,0,0,0,0,0,0,1,0,0,0,0,0,0,1,0,0,0.0
27,10,1,2.6901408450704225,50.85394366197183,136.53056338028168,7.1,0.22,142,0,1491,2130,1.0,496,0,1,0,1,0,0,0,1,0,1,0,0,1,0,0,0,0,0,1,0,0,0,0,0,0,1,0,0,0,0,0,0,1,0,0.995
46,9,3,2.676056338028169,50.236338028169016,135.15338028169012,7.888888888888888,0.23,142,0,3621,6745,1.0,376,0,1,1,0,0,1,0,0,0,0,1,0,1,0,0,0,0,0,0,1,0,0,1,0,0,0,0,0,0,0,0,0,0,1,0.005
18,1,4,2.591549295774648,51.23577464788732,134.95183098591548,71.0,0.22,213,0,1278,2769,1.0,372,1,1,0,1,0,0,0,1,1,0,0,1,0,0,0,0,1,0,0,0,0,0,0,1,0,0,0,0,0,0,0,0,0,1,0.005
29,2,3,2.4788732394366195,49.80098591549296,123.90802816901407,35.5,10.422353915074105,284,71,3550,6532,1.0,375,0,1,0,1,0,1,0,0,0,1,0,0,0,0,1,1,0,0,0,0,0,0,0,0,1,0,0,0,0,1,0,0,0,0,0.0
49,9,1,2.5211267605633805,47.06366197183099,121.66281690140843,7.888888888888888,0.16,213,0,1420,3976,1.0,374,1,1,0,1,0,1,0,0,0,1,0,0,1,0,0,0,0,1,0,0,0,0,0,0,0,0,0,1,0,0,0,0,1,0,0.01
40,10,4,2.4788732394366195,49.848591549295776,123.66281690140843,7.1,0.0,0,213,2272,6106,1.0,388,1,1,1,0,0,0,1,0,0,0,1,0,1,0,0,0,0,0,0,1,1,0,0,0,0,0,0,0,0,0,1,0,0,0,0.0
49,14,1,2.6527777777777777,54.82111111111111,145.40708333333333,5.142857142857143,0.15,288,0,1512,7344,1.0,495,1,1,0,0,1,1,0,0,0,0,1,0,0,0,1,0,0,1,0,0,0,0,0,0,0,0,1,0,0,0,0,1,0,0,0.995
26,4,2,2.5774647887323945,48.275211267605634,124.09887323943664,17.75,0.21,284,0,852,3195,1.0,373,0,1,0,0,1,0,1,0,0,1,0,1,0,0,0,0,0,1,0,0,0,0,0,0,0,0,0,1,0,0,0,1,0,0,0.01
19,13,3,2.3380281690140845,48.13535211267606,108.50901408450704,5.461538461538462,0.21,213,0,3408,5041,1.0,493,0,1,0,1,0,1,0,0,0,0,1,0,1,0,0,0,0,0,1,0,0,0,0,0,0,0,1,0,0,1,0,0,0,0,0.985
24,2,4,2.4027777777777777,45.782222222222224,111.17166666666668,36.0,10.783070662780508,576,576,2160,1944,1.0,371,0,1,0,0,1,0,0,1,0,0,1,0,1,0,0,0,1,0,0,0,1,0,0,0,0,0,0,0,0,0,0,0,1,0,0.0
32,4,3,2.5211267605633805,49.38239436619718,125.04859154929578,17.75,10.883620836964743,213,710,2201,1917,1.0,376,1,1,1,0,0,0,0,1,0,0,1,1,0,0,0,1,0,0,0,0,1,0,0,0,0,0,0,0,0,0,0,0,0,1,0.0
50,7,1,2.4722222222222223,49.35111111111111,121.97833333333334,10.285714285714286,0.13,0,216,3456,936,1.0,517,0,1,0,0,1,0,0,1,0,1,0,1,0,0,0,0,1,0,0,0,1,0,0,0,0,0,0,0,0,0,1,0,0,0,0.97
25,14,0,2.486111111111111,50.86805555555556,127.18402777777776,5.142857142857143,0.17,0,144,1584,7128,1.0,497,0,1,1,0,0,1,0,0,1,0,0,1,0,0,0,1,0,0,0,0,0,1,0,0,0,0,0,0,0,0,1,0,0,0,0.995
49,5,4,2.507042253521127,51.74845070422535,130.416338028169,14.2,0.02,142,0,3266,994,1.0,371,0,1,1,0,0,0,1,0,0,0,1,0,0,1,0,1,0,0,0,0,0,0,0,0,0,0,0,0,1,0,0,1,0,0,0.0
55,3,3,2.732394366197183,46.511830985915495,126.46605633802815,23.666666666666668,9.222769018017392,568,71,568,852,1.0,370,0,1,0,0,1,1,0,0,0,1,0,0,0,1,0,0,0,1,0,0,0,0,0,1,0,0,0,0,0,1,0,0,0,0,0.005
24,9,1,2.23943661971831,49.820422535211264,112.83605633802816,7.888888888888888,0.1,284,0,2201,994,1.0,378,1,1,1,0,0,1,0,0,0,1,0,0,0,1,0,0,0,0,1,0,1,0,0,0,0,0,0,0,0,0,0,0,0,1,0.03
34,11,0,2.5694444444444446,49.71833333333333,126.72125,6.545454545454546,10.060466925235062,72,504,648,3744,1.0,372,1,1,0,1,0,1,0,0,0,1,0,0,1,0,0,1,0,0,0,0,0,0,0,0,0,0,0,1,0,0,0,0,1,0,0.005
25,11,3,2.323943661971831,46.36225352112676,107.53112676056338,6.454545454545454,0.11,0,284,3266,3692,1.0,370,0,1,0,0,1,0,1,0,1,0,0,0,1,0,0,0,1,0,0,0,0,0,1,0,0,0,0,0,0,0,0,0,0,1,0.02
32,7,1,2.611111111111111,52.95444444444445,137.44416666666666,10.285714285714286,0.05,216,0,792,4248,1.0,490,0,1,0,0,1,1,0,0,1,0,0,0,0,0,1,0,0,1,0,0,0,0,0,0,0,0,1,0,0,0,0,0,1,0,0.965
53,8,3,3.0694444444444446,49.40883244475915,148.30927511205522,9.0,0.3334808089280088,142,89,3527,4250,0.6666666666666666,580,0,1,0,0,1,0,1,0,1,0,0,0,0,1,0,1,0,0,0,0,1,0,0,0,0,0,0,0,0,0,1,0,0,0,0.785
33,2,4,2.513888888888889,49.79194444444445,122.09555555555556,36.0,5.864957945911096,648,648,3312,3168,1.0,371,0,1,0,1,0,1,0,0,0,0,1,1,0,0,0,0,1,0,0,0,0,0,0,0,0,0,0,1,0,0,0,0,0,1,0.0
49,11,4,2.605633802816901,50.83098591549296,135.54633802816903,6.454545454545454,10.416272228669367,213,355,2840,4615,1.0,371,0,1,0,1,0,0,0,1,0,1,0,1,0,0,0,0,0,0,0,1,1,0,0,0,0,0,0,0,0,0,0,0,0,1,0.0
26,13,1,3.028169014084507,53.81780017046178,156.01729048176864,5.461538461538462,0.3381109326765511,150,79,2839,6390,0.6619718309859155,463,1,1,0,1,0,0,0,1,0,1,0,0,0,1,0,0,0,0,1,0,1,0,0,0,0,0,0,0,0,0,0,0,1,0,0.695
19,13,3,2.638888888888889,51.40430555555556,135.71152777777775,5.538461538461538,0.21,216,0,3456,5112,1.0,495,0,1,0,1,0,1,0,0,0,0,1,0,1,0,0,0,0,0,1,0,0,1,0,0,0,0,0,0,0,0,0,0,0,1,0.98
22,14,2,2.5211267605633805,46.99352112676056,118.08549295774648,5.071428571428571,13.0802703786225,71,710,3337,2556,1.0,379,1,1,0,0,1,0,0,1,0,1,0,0,0,1,0,0,0,1,0,0,0,0,0,0,0,1,0,0,0,1,0,0,0,0,0.0
63,4,2,2.535211267605634,47.907042253521126,121.09281690140844,17.75,0.19,0,355,497,2414,1.0,373,1,1,1,0,0,1,0,0,0,1,0,0,0,1,0,0,0,0,0,1,0,1,0,0,0,0,0,0,0,0,1,0,0,0,0.0
66,12,1,2.2777777777777777,49.48805555555556,110.11263888888888,6.0,0.08,0,216,3240,4896,1.0,502,0,1,1,0,0,1,0,0,1,0,0,0,1,0,0,0,0,0,0,1,1,0,0,0,0,0,0,0,0,0,0,0,0,1,0.985
40,2,0,2.361111111111111,48.68708333333333,115.31777777777776,36.0,0.08,144,0,1296,6048,1.0,376,0,1,0,1,0,1,0,0,0,0,1,0,0,1,0,0,0,0,0,1,0,0,1,0,0,0,0,0,0,0,0,0,0,1,0.0
28,5,1,2.513888888888889,44.83986111111111,110.68722222222222,14.4,14.89490852814388,360,216,2016,5976,1.0,371,1,1,0,0,1,0,1,0,0,0,1,0,0,0,1,0,0,0,1,0,0,0,0,0,0,0,0,1,0,0,0,0,0,1,0.0
47,8,1,3.013888888888889,52.32090651487053,152.5638963630744,9.0,0.3264948622308632,144,72,863,3023,0.5694444444444444,725,0,1,1,0,0,1,0,0,0,1,0,1,0,0,0,1,0,0,0,0,0,0,0,0,0,0,0,1,0,0,0,0,0,0,0.09
48,10,1,2.507042253521127,51.60478873239437,130.0056338028169,7.1,0.3,213,0,2840,4615,1.0,370,1,1,0,1,0,0,1,0,1,0,0,0,1,0,0,0,0,1,0,0,0,0,0,0,1,0,0,0,0,1,0,0,0,0,0.0
65,7,1,2.3472222222222223,55.465833333333336,129.63958333333332,10.285714285714286,0.18,0,144,576,6696,1.0,498,0,1,1,0,0,0,1,0,1,0,0,0,0,0,1,0,0,1,0,0,0,1,0,0,0,0,0,0,0,0,0,0,0,1,0.99
21,1,2,2.4444444444444446,51.2475,128.19166666666666,72.0,0.02,0,72,2592,1728,1.0,374,0,1,1,0,0,0,0,1,1,0,0,0,0,1,0,1,0,0,0,0,0,0,0,0,0,0,0,1,0,0,0,0,0,1,0.0
67,10,4,2.9722222222222223,47.204001226499535,143.69797590172084,7.199999999999999,0.3548353248200475,170,54,3023,1867,0.6527777777777778,918,1,1,1,0,0,1,0,0,1,0,0,1,0,0,0,0,0,0,1,0,0,0,0,0,0,1,0,0,0,0,1,0,0,0,0.855
58,1,0,2.676056338028169,53.33169014084508,143.19267605633803,71.0,0.26,284,0,1704,2343,1.0,493,1,1,1,0,0,0,0,1,0,1,0,0,0,0,1,0,1,0,0,0,1,0,0,0,0,0,0,0,0,0,0,1,0,0,0.975
66,12,0,2.680555555555556,51.38583333333334,135.61027777777778,6.0,0.1,0,216,3456,2520,1.0,372,1,1,0,0,1,1,0,0,0,0,1,0,1,0,0,0,0,1,0,0,1,0,0,0,0,0,0,0,0,0,0,0,1,0,0.015
38,4,0,2.464788732394366,47.95957746478874,118.29140845070424,17.75,0.16,142,0,3337,2556,1.0,490,1,1,0,1,0,0,0,1,0,0,1,1,0,0,0,0,0,1,0,0,0,0,0,0,0,0,1,0,0,0,0,0,0,1,0.99
58,11,2,2.4444444444444446,51.00305555555556,128.74902777777777,6.545454545454546,0.18,0,216,1080,7272,1.0,494,0,1,0,0,1,0,0,1,0,1,0,0,0,0,1,0,1,0,0,0,0,0,1,0,0,0,0,0,0,0,0,1,0,0,1.0
23,2,0,2.4788732394366195,45.930281690140845,112.35338028169016,35.5,0.02,284,0,639,5964,1.0,375,1,1,0,1,0,0,0,1,0,1,0,0,0,1,0,0,0,1,0,0,0,0,0,0,0,0,0,0,1,1,0,0,0,0,0.005
66,15,4,2.458333333333333,53.781527777777775,131.41472222222222,4.8,11.526385894687447,720,360,1008,4104,1.0,371,1,1,1,0,0,1,0,0,1,0,0,0,0,0,1,0,0,1,0,0,0,0,0,0,0,0,0,1,0,1,0,0,0,0,0.0
42,3,3,2.4788732394366195,50.138028169014085,122.90084507042252,23.666666666666668,6.2308236598892215,639,710,1136,4757,1.0,375,0,1,0,0,1,0,0,1,0,1,0,0,0,1,0,1,0,0,0,0,0,0,0,0,0,0,0,1,0,0,1,0,0,0,0.005
36,6,4,3.1944444444444446,50.54592890910329,165.73482674752427,12.0,0.2733198460135158,138,94,1655,4906,0.6111111111111112,621,1,1,0,0,1,1,0,0,0,1,0,1,0,0,0,0,0,0,0,1,0,1,0,0,0,0,0,0,0,0,0,0,0,0,0.09
40,13,4,2.1666666666666665,51.954166666666666,112.4063888888889,5.538461538461538,0.25,144,0,2808,3024,1.0,372,1,1,0,1,0,0,0,1,0,0,1,1,0,0,0,0,0,0,1,0,1,0,0,0,0,0,0,0,0,0,0,0,0,1,0.005
55,12,4,2.619718309859155,45.45450704225352,117.5312676056338,5.916666666666667,6.984031468775303,355,497,1065,5893,1.0,380,1,1,1,0,0,0,0,1,0,0,1,0,0,1,0,0,0,1,0,0,0,0,0,0,1,0,0,0,0,0,0,0,0,1,0.005
47,8,1,2.464788732394366,51.18450704225352,124.24225352112676,8.875,12.707630080622156,0,71,781,2769,1.0,374,0,1,1,0,0,1,0,0,0,1,0,1,0,0,0,1,0,0,0,0,0,0,0,1,0,0,0,0,0,0,0,1,0,0,0.0
21,1,2,2.430555555555556,54.64138888888888,129.15833333333333,72.0,0.02,0,72,2592,1728,1.0,380,0,1,1,0,0,0,0,1,1,0,0,0,0,1,0,1,0,0,0,0,0,0,1,0,0,0,0,0,0,1,0,0,0,0,0.005
41,3,3,2.5774647887323945,46.58352112676056,117.44140845070424,23.666666666666668,7.683813403410546,71,497,3337,3124,1.0,391,1,1,0,1,0,1,0,0,1,0,0,1,0,0,0,1,0,0,0,0,1,0,0,0,0,0,0,0,0,0,1,0,0,0,0.0
41,11,4,3.055555555555556,50.86472711257559,156.21085289474678,6.545454545454546,0.3386503901423259,156,73,2159,6480,0.6666666666666666,914,1,1,0,0,1,1,0,0,0,1,0,0,0,1,0,0,0,0,1,0,0,1,0,0,0,0,0,0,0,0,1,0,0,0,0.125
55,1,4,2.704225352112676,52.24985915492958,143.4011267605634,71.0,11.963909765832623,568,284,2485,3550,1.0,373,0,1,0,0,1,0,1,0,1,0,0,0,0,1,0,1,0,0,0,0,1,0,0,0,0,0,0,0,0,0,0,0,0,1,0.0
34,8,3,2.5,50.83166666666667,126.30777777777776,9.0,0.23,0,288,2592,3744,1.0,371,0,1,0,1,0,0,0,1,0,1,0,0,0,1,0,0,1,0,0,0,1,0,0,0,0,0,0,0,0,0,0,1,0,0,0.0
26,5,1,2.9722222222222223,49.46078202029769,153.05201697007965,14.4,0.2556799516258726,170,45,1223,2514,0.6944444444444444,587,1,1,1,0,0,0,1,0,1,0,0,1,0,0,0,0,0,0,1,0,0,0,0,0,0,0,0,1,0,0,1,0,0,0,0.79
60,10,3,2.5211267605633805,47.30788732394366,118.71422535211266,7.1,0.18,355,0,2982,2414,1.0,506,0,1,0,1,0,0,0,1,1,0,0,0,0,1,0,0,0,1,0,0,0,0,0,1,0,0,0,0,0,0,0,1,0,0,1.0
57,8,4,2.605633802816901,47.069014084507046,128.24732394366197,8.875,0.25,71,0,852,1136,1.0,383,1,1,0,1,0,0,0,1,0,0,1,0,0,1,0,0,0,0,0,1,0,0,0,0,0,1,0,0,0,0,1,0,0,0,0.0
56,15,4,2.375,48.52236111111111,110.22930555555556,4.8,0.1,144,0,2088,5688,1.0,370,0,1,1,0,0,1,0,0,0,1,0,1,0,0,0,1,0,0,0,0,0,0,0,0,1,0,0,0,0,0,1,0,0,0,0.015
31,3,3,2.361111111111111,49.301944444444445,115.09291666666668,24.0,0.03,288,0,2880,1512,1.0,370,1,1,1,0,0,0,1,0,0,0,1,0,0,0,1,0,1,0,0,0,1,0,0,0,0,0,0,0,0,0,0,1,0,0,0.0
36,14,2,2.2535211267605635,47.83661971830986,105.86704225352112,5.071428571428571,11.44651528717226,71,710,1420,5680,1.0,376,1,1,1,0,0,0,0,1,0,0,1,0,0,1,0,1,0,0,0,0,0,0,0,0,0,0,1,0,0,1,0,0,0,0,0.0
63,14,3,2.563380281690141,53.89056338028169,133.9285915492958,5.071428571428571,0.05,71,0,2840,852,1.0,378,1,1,0,1,0,0,1,0,1,0,0,1,0,0,0,0,0,0,0,1,0,0,0,0,0,0,0,1,0,1,0,0,0,0,0.015
40,6,0,2.4027777777777777,48.94486111111112,119.15930555555556,12.0,0.26,288,0,3384,1728,1.0,378,0,1,0,1,0,0,1,0,0,0,1,0,1,0,0,0,0,0,1,0,0,0,1,0,0,0,0,0,0,0,0,1,0,0,0.005
51,13,3,2.464788732394366,47.02788732394366,114.40408450704224,5.461538461538462,0.08,284,0,3621,1065,1.0,378,1,1,0,1,0,0,1,0,0,1,0,1,0,0,0,1,0,0,0,0,0,0,0,1,0,0,0,0,0,0,0,0,1,0,0.01
57,9,4,2.5,45.00083333333333,117.77180555555556,8.0,0.05,216,0,3672,3744,1.0,492,0,1,0,0,1,1,0,0,1,0,0,0,1,0,0,0,0,0,1,0,0,1,0,0,0,0,0,0,0,1,0,0,0,0,0.99
42,4,2,2.464788732394366,53.34845070422536,132.22014084507043,17.75,0.23,213,0,1704,1420,1.0,371,0,1,1,0,0,0,0,1,0,0,1,0,0,1,0,1,0,0,0,0,0,0,0,0,0,1,0,0,0,0,0,0,1,0,0.005
51,11,4,2.436619718309859,51.93971830985915,124.01295774647888,6.454545454545454,0.1,213,0,1988,1349,1.0,371,1,1,0,0,1,1,0,0,0,0,1,0,0,1,0,0,0,0,0,1,0,0,1,0,0,0,0,0,0,0,0,0,0,1,0.005
49,8,4,2.5277777777777777,52.18819444444445,133.2373611111111,9.0,0.05,144,0,1368,1080,1.0,491,1,1,0,0,1,0,1,0,0,0,1,0,1,0,0,0,1,0,0,0,0,1,0,0,0,0,0,0,0,1,0,0,0,0,0.99
40,7,2,2.888888888888889,49.759159594655166,143.8699787839655,10.285714285714286,0.3074591279723742,161,54,3383,3517,0.7083333333333334,807,1,1,1,0,0,1,0,0,1,0,0,0,1,0,0,0,0,1,0,0,0,1,0,0,0,0,0,0,0,0,1,0,0,0,0.08
30,14,1,2.5,51.110416666666666,125.98930555555556,5.142857142857143,0.25,72,0,2736,5688,1.0,490,1,1,1,0,0,0,1,0,1,0,0,0,0,1,0,0,0,1,0,0,0,0,0,0,1,0,0,0,0,1,0,0,0,0,0.995
34,15,2,2.458333333333333,53.79222222222222,130.7386111111111,4.8,0.07,288,0,1872,1944,1.0,492,1,1,0,1,0,0,1,0,0,0,1,1,0,0,0,0,1,0,0,0,1,0,0,0,0,0,0,0,0,1,0,0,0,0,0.99
61,1,4,2.4444444444444446,48.754305555555554,121.20125,72.0,0.04,0,144,720,1800,1.0,490,1,1,0,1,0,1,0,0,0,1,0,1,0,0,0,1,0,0,0,0,0,0,0,0,0,0,0,0,1,1,0,0,0,0,0.96
40,11,2,2.3661971830985915,51.35267605633803,118.8230985915493,6.454545454545454,9.767799181160909,0,213,1207,3195,1.0,384,1,1,0,0,1,1,0,0,0,0,1,0,1,0,0,1,0,0,0,0,0,0,0,0,0,0,0,1,0,1,0,0,0,0,0.005
35,6,2,2.323943661971831,46.71239436619718,108.95535211267604,11.833333333333334,0.16,0,71,923,6958,1.0,373,1,1,1,0,0,0,1,0,0,1,0,0,0,0,1,0,0,0,0,1,0,0,0,0,1,0,0,0,0,1,0,0,0,0,0.005
46,14,2,2.638888888888889,46.97083333333333,121.15458333333332,5.142857142857143,0.27,0,216,1080,2880,1.0,371,1,1,0,0,1,1,0,0,0,1,0,0,0,0,1,0,0,0,1,0,0,1,0,0,0,0,0,0,0,1,0,0,0,0,0.005
32,7,1,2.323943661971831,47.53802816901408,112.396338028169,10.142857142857142,0.05,213,0,781,4189,1.0,490,0,1,0,0,1,1,0,0,1,0,0,0,0,0,1,0,0,1,0,0,0,0,0,0,1,0,0,0,0,0,0,0,1,0,0.99
30,14,1,2.5416666666666665,49.03916666666667,124.86722222222222,5.142857142857143,0.25,72,0,2736,5688,1.0,490,1,1,1,0,0,0,1,0,1,0,0,0,0,1,0,0,0,1,0,0,0,0,0,0,0,0,0,0,1,0,0,1,0,0,1.0
22,14,2,2.458333333333333,53.47430555555556,134.9363888888889,5.142857142857143,13.0802703786225,72,720,3384,2592,1.0,371,1,1,0,0,1,0,0,1,0,1,0,0,0,1,0,0,0,1,0,0,0,0,0,0,1,0,0,0,0,0,0,0,0,1,0.005
55,7,1,2.361111111111111,49.05416666666667,112.63166666666666,10.285714285714286,0.12,144,0,2448,7344,1.0,370,1,1,0,0,1,0,1,0,0,0,1,0,0,1,0,0,0,0,1,0,0,0,0,1,0,0,0,0,0,0,1,0,0,0,0.0
34,8,3,2.4722222222222223,50.19583333333333,123.0748611111111,9.0,0.23,0,288,2592,3744,1.0,371,0,1,0,1,0,0,0,1,0,1,0,0,0,1,0,0,1,0,0,0,0,0,0,0,0,0,0,0,1,1,0,0,0,0,0.0
23,9,3,3.0694444444444446,45.88376873224461,148.72689921677863,8.0,0.2861548053702306,155,74,2591,3672,0.5416666666666666,599,1,1,0,1,0,1,0,0,0,1,0,0,0,0,1,0,0,0,1,0,0,0,1,0,0,0,0,0,0,0,0,0,0,0,0.78
56,1,3,2.611111111111111,51.26638888888888,130.1447222222222,72.0,9.99205815441885,504,648,3096,2376,1.0,370,0,1,1,0,0,0,1,0,0,0,1,0,0,0,1,0,0,0,0,1,0,0,1,0,0,0,0,0,0,0,0,0,1,0,0.0
68,11,4,2.647887323943662,48.35366197183099,127.6643661971831,6.454545454545454,0.07,71,0,2840,1704,1.0,492,1,1,1,0,0,0,1,0,0,0,1,0,0,1,0,0,0,1,0,0,0,1,0,0,0,0,0,0,0,0,0,0,1,0,0.985
27,4,0,2.513888888888889,52.27055555555555,131.71055555555554,18.0,0.2,0,288,1296,5760,1.0,371,1,1,1,0,0,1,0,0,1,0,0,0,0,0,1,0,0,0,0,1,0,0,0,0,0,0,0,1,0,0,0,0,1,0,0.01
62,5,2,2.507042253521127,49.7169014084507,124.88408450704226,14.2,0.29,71,0,3337,6603,1.0,490,0,1,1,0,0,0,1,0,0,1,0,0,1,0,0,0,0,0,0,1,0,0,1,0,0,0,0,0,0,0,1,0,0,0,1.0
54,15,1,2.513888888888889,49.00138888888889,121.93875,4.8,8.864371006316826,576,144,2592,3456,1.0,374,0,1,0,1,0,1,0,0,1,0,0,0,1,0,0,0,0,0,1,0,0,0,0,0,0,0,0,0,1,0,0,1,0,0,0.0
55,8,4,2.5774647887323945,52.67788732394367,129.27042253521128,8.875,0.07,0,71,2840,2840,1.0,374,1,1,1,0,0,0,0,1,1,0,0,1,0,0,0,0,1,0,0,0,0,0,0,1,0,0,0,0,0,0,0,1,0,0,0.005
57,10,1,2.583333333333333,48.28611111111111,126.29375,7.199999999999999,0.17,216,0,2448,4824,1.0,502,1,1,0,1,0,1,0,0,1,0,0,0,0,0,1,0,0,1,0,0,0,0,0,0,0,1,0,0,0,1,0,0,0,0,0.995
44,14,4,2.680555555555556,47.79817999163947,125.92969331661229,5.142857142857143,0.3526901398748365,127,81,1439,5735,0.5694444444444444,781,0,1,0,1,0,1,0,0,1,0,0,1,0,0,0,0,0,0,0,1,1,0,0,0,0,0,0,0,0,0,0,0,0,0,0.175
43,12,0,2.3472222222222223,50.12680555555556,118.58333333333331,6.0,0.08,360,0,2520,1368,1.0,500,0,1,0,0,1,0,1,0,0,0,1,0,0,0,1,0,0,0,0,1,0,0,0,1,0,0,0,0,0,1,0,0,0,0,0.985
48,10,4,2.513888888888889,51.81111111111111,129.3151388888889,7.199999999999999,13.396364307572856,0,288,432,864,1.0,372,1,1,0,0,1,0,1,0,1,0,0,0,1,0,0,1,0,0,0,0,0,0,1,0,0,0,0,0,0,0,0,1,0,0,0.0
31,5,4,2.380281690140845,55.9912676056338,134.42647887323943,14.2,0.03,142,0,1349,1562,1.0,492,1,1,0,1,0,0,1,0,1,0,0,0,0,1,0,0,0,0,0,1,0,0,0,0,1,0,0,0,0,0,0,0,0,1,0.985
70,1,1,2.492957746478873,55.31056338028169,135.65140845070422,71.0,0.02,0,213,639,6532,1.0,373,1,1,0,0,1,0,0,1,1,0,0,0,0,0,1,1,0,0,0,0,0,0,1,0,0,0,0,0,0,0,0,1,0,0,0.0
18,3,3,2.3943661971830985,50.73211267605634,121.13084507042257,23.666666666666668,0.3,284,0,1704,5538,1.0,500,0,1,0,1,0,1,0,0,0,1,0,0,0,0,1,1,0,0,0,0,0,0,0,0,0,0,0,1,0,1,0,0,0,0,1.0
69,4,2,2.9295774647887325,50.28786831145828,154.2872478937205,17.75,0.3452751535102992,171,44,2058,2405,0.6056338028169014,488,1,1,0,0,1,1,0,0,1,0,0,0,0,1,0,0,1,0,0,0,0,0,0,0,0,0,0,1,0,0,0,0,0,0,0.82
52,1,0,2.583333333333333,49.23708333333334,127.30541666666666,72.0,0.3,144,0,1872,7344,1.0,506,0,1,1,0,0,1,0,0,1,0,0,0,0,1,0,1,0,0,0,0,0,1,0,0,0,0,0,0,0,0,0,0,0,1,1.0
21,11,4,2.555555555555556,52.10416666666666,132.79916666666668,6.545454545454546,8.744172933134937,72,432,2304,4896,1.0,373,1,1,0,0,1,1,0,0,0,0,1,0,0,0,1,1,0,0,0,0,0,1,0,0,0,0,0,0,0,0,0,1,0,0,0.0
32,2,0,2.5694444444444446,48.81888888888889,126.39111111111112,36.0,0.1,216,0,3312,4896,1.0,491,1,1,1,0,0,1,0,0,1,0,0,0,0,1,0,0,0,0,1,0,0,0,0,0,1,0,0,0,0,0,0,1,0,0,0.985
65,15,2,2.4507042253521125,49.239859154929576,119.9661971830986,4.733333333333333,0.03,0,142,2840,2201,1.0,370,1,1,0,1,0,0,0,1,0,0,1,0,0,1,0,0,0,0,1,0,0,0,1,0,0,0,0,0,0,0,0,1,0,0,0.015
64,12,3,2.486111111111111,48.500972222222224,118.73055555555555,6.0,0.18,432,0,2232,5544,1.0,492,1,1,1,0,0,0,0,1,1,0,0,0,1,0,0,0,0,1,0,0,1,0,0,0,0,0,0,0,0,0,0,0,1,0,0.995
56,15,1,2.4444444444444446,49.48638888888889,120.14041666666668,4.8,0.19,144,0,936,5832,1.0,370,1,1,0,1,0,1,0,0,0,0,1,0,0,1,0,0,1,0,0,0,0,1,0,0,0,0,0,0,0,0,1,0,0,0,0.0
51,1,3,2.619718309859155,50.29957746478873,130.46154929577466,71.0,5.800870915786277,639,426,2272,2982,1.0,386,0,1,0,0,1,1,0,0,0,1,0,0,0,1,0,0,1,0,0,0,0,0,1,0,0,0,0,0,0,1,0,0,0,0,0.0
40,13,4,2.5277777777777777,53.35166666666667,135.52430555555554,5.538461538461538,0.25,144,0,2808,3024,1.0,379,1,1,0,1,0,0,0,1,0,0,1,1,0,0,0,0,0,0,1,0,0,0,0,0,0,0,0,0,1,0,0,1,0,0,0.01
68,3,2,2.4166666666666665,49.26722222222222,120.53680555555556,24.0,0.18,0,216,2520,5328,1.0,499,1,1,0,1,0,1,0,0,0,0,1,0,0,1,0,0,0,1,0,0,0,0,0,1,0,0,0,0,0,0,0,0,0,1,0.99
47,11,1,2.507042253521127,49.78450704225352,128.26464788732395,6.454545454545454,7.038417437673107,0,355,2059,5538,1.0,378,0,1,1,0,0,0,1,0,0,0,1,0,0,1,0,0,1,0,0,0,1,0,0,0,0,0,0,0,0,0,0,0,0,1,0.0
30,12,1,3.111111111111111,47.97118229501064,143.52111459002128,6.0,0.2996171761158516,152,77,3239,7206,0.625,904,0,1,0,1,0,0,1,0,1,0,0,0,0,1,0,1,0,0,0,0,0,0,0,1,0,0,0,0,0,0,0,0,0,0,0.145
51,13,3,2.388888888888889,51.38736111111111,121.10569444444444,5.538461538461538,0.08,288,0,3672,1080,1.0,371,1,1,0,1,0,0,1,0,0,1,0,1,0,0,0,1,0,0,0,0,0,0,0,0,1,0,0,0,0,0,0,0,0,1,0.0
44,7,2,2.4444444444444446,50.6475,118.61180555555556,10.285714285714286,13.066465081831671,144,144,1008,6984,1.0,373,1,1,1,0,0,1,0,0,1,0,0,0,1,0,0,0,1,0,0,0,0,1,0,0,0,0,0,0,0,0,0,0,1,0,0.0
33,5,4,2.507042253521127,50.3874647887324,128.91661971830985,14.2,0.13,0,284,852,1846,1.0,370,0,1,1,0,0,0,1,0,0,1,0,0,0,0,1,0,1,0,0,0,0,1,0,0,0,0,0,0,0,1,0,0,0,0,0.005
48,15,2,2.3472222222222223,49.09847222222223,116.76166666666668,4.8,0.21,216,0,504,4608,1.0,494,0,1,0,1,0,1,0,0,1,0,0,0,0,0,1,0,0,0,1,0,0,0,0,0,0,1,0,0,0,0,0,1,0,0,0.985
55,2,1,2.535211267605634,48.29591549295775,119.70549295774649,35.5,0.23,213,0,568,5751,1.0,495,1,1,0,1,0,1,0,0,1,0,0,0,0,1,0,0,0,0,0,1,0,1,0,0,0,0,0,0,0,0,0,1,0,0,1.0
60,5,4,2.4444444444444446,48.5575,119.36444444444444,14.4,0.02,72,0,3528,3744,1.0,505,0,1,0,1,0,0,1,0,1,0,0,1,0,0,0,0,0,1,0,0,0,0,1,0,0,0,0,0,0,0,0,0,0,1,1.0
44,3,3,2.736111111111111,47.55416666666667,130.87597222222223,24.0,0.25,360,0,1152,6480,1.0,373,1,1,0,1,0,0,1,0,0,0,1,1,0,0,0,0,1,0,0,0,0,0,1,0,0,0,0,0,0,1,0,0,0,0,0.01
42,4,2,2.375,48.802638888888886,115.28222222222222,18.0,0.23,216,0,1728,1440,1.0,376,0,1,1,0,0,0,0,1,0,0,1,0,0,1,0,1,0,0,0,0,0,0,0,0,0,0,1,0,0,0,0,0,1,0,0.0
64,13,3,2.5774647887323945,50.99239436619718,130.10028169014083,5.461538461538462,0.29,284,0,639,4757,1.0,494,1,1,0,1,0,0,1,0,0,0,1,0,1,0,0,0,1,0,0,0,1,0,0,0,0,0,0,0,0,0,0,1,0,0,0.995
28,13,2,2.958333333333333,50.56850217063617,148.41461328174728,5.538461538461538,0.2161674812752278,158,59,1439,932,0.625,764,1,1,0,0,1,0,0,1,0,0,1,0,0,1,0,0,0,0,0,1,0,0,0,0,0,1,0,0,0,0,0,0,0,0,0.115
41,11,2,2.638888888888889,48.530277777777776,129.77222222222224,6.545454545454546,0.28,0,144,1728,4896,1.0,373,1,1,1,0,0,0,1,0,0,1,0,1,0,0,0,0,0,0,0,1,0,0,1,0,0,0,0,0,0,0,0,1,0,0,0.005
38,8,2,2.76056338028169,50.6243661971831,137.9880281690141,8.875,11.0820626280203,213,497,355,1207,1.0,371,0,1,1,0,0,1,0,0,1,0,0,0,0,1,0,0,0,1,0,0,0,0,0,0,0,0,1,0,0,0,1,0,0,0,0.0
24,9,2,2.605633802816901,47.999154929577465,129.97676056338028,7.888888888888888,0.29,284,0,1704,1420,1.0,371,0,1,1,0,0,1,0,0,0,0,1,0,1,0,0,0,0,1,0,0,0,0,1,0,0,0,0,0,0,1,0,0,0,0,0.0
70,1,0,2.5211267605633805,46.763521126760565,120.24661971830986,71.0,0.03,0,71,1491,1633,1.0,372,1,1,0,0,1,0,0,1,1,0,0,0,0,1,0,0,0,0,0,1,1,0,0,0,0,0,0,0,0,0,1,0,0,0,0.0
66,15,4,2.555555555555556,43.232083333333335,107.92611111111113,4.8,11.526385894687447,720,360,1008,4104,1.0,381,1,1,1,0,0,1,0,0,1,0,0,0,0,0,1,0,0,1,0,0,0,0,0,0,1,0,0,0,0,0,0,0,1,0,0.0
26,5,3,2.507042253521127,47.53718309859155,120.33084507042253,14.2,0.29,0,142,2059,1633,1.0,532,0,1,1,0,0,0,0,1,0,1,0,0,1,0,0,0,0,0,0,1,0,0,0,1,0,0,0,0,0,0,0,0,0,1,0.975
18,13,0,2.2253521126760565,51.01154929577465,109.33732394366196,5.461538461538462,0.18,284,0,2272,6035,1.0,379,1,1,0,0,1,0,1,0,0,0,1,0,1,0,0,0,1,0,0,0,0,0,0,0,0,0,0,1,0,0,0,1,0,0,0.0
50,9,2,3.295774647887324,48.34181891567205,162.92558552184315,7.888888888888888,0.2860694028791253,161,86,1135,3283,0.5070422535211268,440,1,1,1,0,0,0,1,0,0,0,1,1,0,0,0,1,0,0,0,0,1,0,0,0,0,0,0,0,0,0,0,0,0,0,0.1
34,10,4,2.513888888888889,50.43875,126.89694444444444,7.199999999999999,13.629738377996562,288,72,2016,1224,1.0,391,1,1,0,1,0,1,0,0,0,0,1,1,0,0,0,0,0,1,0,0,0,0,0,0,0,1,0,0,0,0,0,1,0,0,0.0
54,4,1,2.611111111111111,50.09722222222222,128.63097222222223,18.0,0.11,144,0,864,4176,1.0,372,1,1,1,0,0,1,0,0,1,0,0,1,0,0,0,1,0,0,0,0,1,0,0,0,0,0,0,0,0,0,1,0,0,0,0.0
50,12,2,2.563380281690141,48.09,122.47859154929576,5.916666666666667,0.19,284,0,1491,2485,1.0,371,0,1,0,1,0,0,0,1,1,0,0,0,0,0,1,0,1,0,0,0,0,0,0,1,0,0,0,0,0,1,0,0,0,0,0.015
18,15,3,2.4722222222222223,53.809305555555554,128.76777777777775,4.8,0.28,216,0,3312,4752,1.0,382,0,1,0,1,0,1,0,0,0,0,1,0,0,0,1,0,1,0,0,0,0,0,0,1,0,0,0,0,0,0,1,0,0,0,0.005
28,13,2,2.408450704225352,48.78,117.32661971830989,5.461538461538462,5.674058651816404,142,213,1349,710,1.0,387,1,1,0,0,1,0,0,1,0,0,1,0,0,1,0,0,0,0,0,1,1,0,0,0,0,0,0,0,0,0,0,0,0,1,0.0
31,9,1,2.9444444444444446,52.21321113760084,155.99577791022642,8.0,0.3386676595355226,160,60,3095,7335,0.5694444444444444,601,1,1,0,0,1,0,1,0,1,0,0,0,1,0,0,1,0,0,0,0,0,0,0,0,0,1,0,0,0,0,0,0,0,0,0.09
30,4,0,2.323943661971831,54.64549295774648,125.13450704225352,17.75,0.18,284,0,2982,2485,1.0,495,1,1,0,1,0,0,1,0,0,1,0,0,1,0,0,0,0,0,1,0,0,0,0,1,0,0,0,0,0,0,0,1,0,0,0.99
66,1,2,2.486111111111111,50.82875,125.86541666666666,72.0,0.08,0,144,1008,5328,1.0,373,1,1,0,0,1,0,1,0,1,0,0,0,0,1,0,1,0,0,0,0,0,1,0,0,0,0,0,0,0,0,0,0,0,1,0.005
49,5,3,2.507042253521127,48.89957746478873,120.18,14.2,0.03,213,0,2556,4615,1.0,495,1,1,0,0,1,0,0,1,1,0,0,1,0,0,0,1,0,0,0,0,0,0,0,0,1,0,0,0,0,1,0,0,0,0,1.0
51,14,1,2.375,51.98180555555555,124.5123611111111,5.142857142857143,5.486951393525363,72,648,1944,4896,1.0,370,1,1,0,0,1,0,0,1,0,1,0,0,0,0,1,1,0,0,0,0,0,0,0,0,0,0,0,1,0,0,0,0,1,0,0.0
52,9,1,2.7222222222222223,52.79291666666667,138.81847222222223,8.0,0.11,144,0,1512,5616,1.0,377,1,1,0,0,1,0,0,1,0,0,1,1,0,0,0,0,0,0,0,1,0,1,0,0,0,0,0,0,0,0,0,0,1,0,0.0
25,1,2,2.430555555555556,45.2925,109.1398611111111,72.0,0.13,216,0,1512,4968,1.0,494,0,1,1,0,0,0,0,1,0,0,1,1,0,0,0,0,0,0,1,0,0,0,0,0,0,0,0,1,0,0,1,0,0,0,0.975
26,7,4,2.4507042253521125,49.463802816901406,120.12084507042252,10.142857142857142,0.25,213,0,2769,3976,1.0,372,0,1,0,0,1,0,1,0,1,0,0,1,0,0,0,1,0,0,0,0,0,1,0,0,0,0,0,0,0,1,0,0,0,0,0.0
70,3,2,2.388888888888889,49.90416666666667,122.9075,24.0,0.03,144,0,1512,5256,1.0,373,0,1,0,0,1,1,0,0,0,1,0,0,0,0,1,0,0,0,1,0,0,0,0,0,0,1,0,0,0,0,1,0,0,0,0.005
58,12,1,2.5416666666666665,47.79444444444445,125.32041666666666,6.0,0.18,72,0,648,4968,1.0,496,0,1,1,0,0,0,1,0,0,1,0,0,0,0,1,0,0,0,0,1,0,0,1,0,0,0,0,0,0,0,1,0,0,0,1.0
67,9,1,2.3943661971830985,49.61718309859155,120.19225352112676,7.888888888888888,0.16,142,0,2343,2556,1.0,501,1,1,0,1,0,0,0,1,0,1,0,0,0,0,1,0,0,1,0,0,0,0,1,0,0,0,0,0,0,0,0,1,0,0,0.99
39,10,4,2.4722222222222223,53.27680555555556,131.97652777777776,7.199999999999999,0.22,144,0,1800,7056,1.0,497,0,1,1,0,0,1,0,0,1,0,0,0,0,1,0,1,0,0,0,0,0,0,1,0,0,0,0,0,0,0,1,0,0,0,0.98
25,14,0,2.6944444444444446,48.83805555555556,131.30930555555557,5.142857142857143,0.17,0,144,1584,7128,1.0,493,0,1,1,0,0,1,0,0,1,0,0,1,0,0,0,1,0,0,0,0,0,1,0,0,0,0,0,0,0,0,0,0,1,0,1.0
70,7,1,2.680555555555556,48.782916666666665,132.38222222222225,10.285714285714286,0.26,144,0,720,4464,1.0,370,1,1,0,0,1,0,0,1,0,1,0,0,0,1,0,0,0,0,0,1,0,0,0,1,0,0,0,0,0,0,0,1,0,0,0.005
68,3,2,2.5492957746478875,53.24408450704225,133.60056338028167,23.666666666666668,0.18,0,213,2485,5254,1.0,494,1,1,0,1,0,1,0,0,0,0,1,0,0,1,0,0,0,1,0,0,0,1,0,0,0,0,0,0,0,0,0,0,0,1,1.0
69,13,4,2.638888888888889,53.06597222222222,139.8552777777778,5.538461538461538,0.16,0,360,1728,4608,1.0,374,1,1,0,1,0,1,0,0,1,0,0,0,0,1,0,0,1,0,0,0,0,0,1,0,0,0,0,0,0,0,0,0,1,0,0.005
35,2,0,2.555555555555556,49.16694444444445,123.26402777777778,36.0,13.246025698199697,72,144,2232,6768,1.0,371,0,1,1,0,0,1,0,0,0,1,0,0,0,0,1,0,0,1,0,0,0,0,0,0,0,0,1,0,0,0,0,0,0,1,0.0
39,9,0,2.788732394366197,46.08352112676056,131.66830985915493,7.888888888888888,0.18,0,71,2840,5538,1.0,371,0,1,0,1,0,1,0,0,0,1,0,1,0,0,0,0,0,1,0,0,0,0,0,0,0,1,0,0,0,1,0,0,0,0,0.01
35,12,3,2.625,48.234722222222224,129.16361111111112,6.0,0.03,0,216,3384,5544,1.0,494,1,1,0,1,0,1,0,0,0,1,0,1,0,0,0,0,1,0,0,0,0,0,0,1,0,0,0,0,0,0,1,0,0,0,1.0
57,10,0,2.708333333333333,50.24180555555555,138.36583333333334,7.199999999999999,0.27,0,288,720,7488,1.0,383,0,1,0,1,0,1,0,0,0,0,1,1,0,0,0,0,0,1,0,0,0,0,0,0,1,0,0,0,0,0,0,1,0,0,0.005
45,13,3,2.492957746478873,47.09943661971831,117.53366197183098,5.461538461538462,0.15,142,0,3479,5325,1.0,375,0,1,0,1,0,1,0,0,0,1,0,0,0,0,1,0,0,1,0,0,0,0,1,0,0,0,0,0,0,1,0,0,0,0,0.005
70,1,2,2.513888888888889,46.89875,116.30694444444444,72.0,0.19,432,0,1656,4608,1.0,375,0,1,1,0,0,1,0,0,1,0,0,0,0,1,0,0,0,1,0,0,1,0,0,0,0,0,0,0,0,0,0,0,1,0,0.0
40,8,3,2.507042253521127,53.076056338028174,128.67028169014085,8.875,0.15,0,142,3550,1917,1.0,490,0,1,0,1,0,0,1,0,0,0,1,1,0,0,0,0,0,0,1,0,0,1,0,0,0,0,0,0,0,0,0,1,0,0,0.99
50,10,4,2.563380281690141,45.06450704225352,116.25661971830984,7.1,0.25,426,0,2130,7100,1.0,496,0,1,0,1,0,0,0,1,0,0,1,0,1,0,0,0,1,0,0,0,0,1,0,0,0,0,0,0,0,1,0,0,0,0,0.995
49,5,4,2.555555555555556,49.11958333333334,129.27708333333334,14.4,0.02,144,0,3312,1008,1.0,371,0,1,1,0,0,0,1,0,0,0,1,0,0,1,0,1,0,0,0,0,0,0,0,0,0,0,1,0,0,0,0,0,1,0,0.01
49,9,1,2.5492957746478875,46.41859154929577,118.7925352112676,7.888888888888888,0.16,213,0,1420,3976,1.0,370,1,1,0,1,0,1,0,0,0,1,0,0,1,0,0,0,0,1,0,0,1,0,0,0,0,0,0,0,0,0,0,0,1,0,0.005
61,2,4,2.507042253521127,48.450563380281686,123.55042253521128,35.5,0.24,213,0,2627,6035,1.0,491,1,1,1,0,0,0,1,0,0,0,1,0,0,1,0,0,0,1,0,0,0,0,0,1,0,0,0,0,0,0,1,0,0,0,0.98
54,4,4,2.4444444444444446,45.19708333333333,111.78944444444444,18.0,0.01,216,0,3384,4824,1.0,371,1,1,1,0,0,0,0,1,1,0,0,0,0,1,0,0,1,0,0,0,0,1,0,0,0,0,0,0,0,0,0,0,0,1,0.005
40,12,1,2.676056338028169,55.94197183098591,151.41042253521127,5.916666666666667,0.24,284,0,2840,1278,1.0,499,0,1,0,0,1,1,0,0,0,0,1,0,0,0,1,0,0,0,1,0,1,0,0,0,0,0,0,0,0,0,1,0,0,0,0.98
55,10,4,2.555555555555556,49.53777777777778,124.94583333333334,7.199999999999999,0.04,0,72,3456,5976,1.0,381,0,1,1,0,0,0,0,1,0,0,1,0,0,1,0,0,1,0,0,0,1,0,0,0,0,0,0,0,0,0,0,1,0,0,0.01
68,1,4,2.5211267605633805,43.49521126760563,114.81535211267608,71.0,0.21,284,0,3124,6390,1.0,490,1,1,0,1,0,0,1,0,0,1,0,1,0,0,0,0,0,0,0,1,0,0,0,0,0,1,0,0,0,0,0,0,1,0,1.0
18,3,3,2.4722222222222223,50.13138888888889,120.89958333333334,24.0,0.3,288,0,1728,5616,1.0,493,0,1,0,1,0,1,0,0,0,1,0,0,0,0,1,1,0,0,0,0,0,0,0,1,0,0,0,0,0,1,0,0,0,0,0.99
31,13,4,2.591549295774648,51.16183098591549,130.31295774647887,5.461538461538462,9.81401991006413,355,71,2059,2201,1.0,374,1,1,0,1,0,1,0,0,0,0,1,1,0,0,0,1,0,0,0,0,0,0,1,0,0,0,0,0,0,0,0,0,1,0,0.0
42,15,0,2.611111111111111,49.87680555555556,133.0723611111111,4.8,0.15,0,72,3312,3312,1.0,374,1,1,1,0,0,1,0,0,0,1,0,1,0,0,0,1,0,0,0,0,0,0,1,0,0,0,0,0,0,1,0,0,0,0,0.005
60,6,2,2.375,52.141666666666666,125.76611111111112,12.0,0.12,360,0,3096,2016,1.0,370,0,1,0,1,0,0,1,0,0,0,1,0,0,1,0,0,0,0,1,0,0,1,0,0,0,0,0,0,0,0,0,1,0,0,0.005
48,10,1,2.591549295774648,52.96728022458591,133.16733363150422,7.1,0.3049385131748522,125,62,2839,4583,0.6901408450704225,583,1,1,0,1,0,0,1,0,1,0,0,0,1,0,0,0,0,1,0,0,0,0,0,0,0,0,0,1,0,0,1,0,0,0,0.115
53,15,2,2.7464788732394365,45.67802816901408,125.39732394366196,4.733333333333333,0.04,0,213,994,6461,1.0,491,0,1,1,0,0,0,1,0,0,0,1,1,0,0,0,1,0,0,0,0,0,0,1,0,0,0,0,0,0,1,0,0,0,0,0.995
37,9,4,2.3380281690140845,48.50394366197183,114.75845070422535,7.888888888888888,0.25,213,0,639,5041,1.0,375,1,1,0,1,0,0,1,0,0,0,1,1,0,0,0,0,0,0,0,1,0,0,0,0,0,0,0,1,0,0,1,0,0,0,0.0
48,10,1,2.4027777777777777,52.55180555555555,126.82319444444444,7.199999999999999,0.2,0,216,3600,4752,1.0,375,0,1,0,1,0,0,1,0,0,1,0,0,0,1,0,0,0,0,0,1,0,1,0,0,0,0,0,0,0,0,0,0,0,1,0.005
56,15,3,2.583333333333333,48.38180555555555,122.62819444444445,4.8,0.17,216,0,3672,5184,1.0,500,0,1,0,0,1,0,0,1,0,0,1,0,0,1,0,0,0,0,0,1,0,0,0,1,0,0,0,0,0,0,0,0,1,0,0.995
49,8,4,2.6619718309859155,45.52830985915493,121.6012676056338,8.875,0.05,142,0,1349,1065,1.0,490,1,1,0,0,1,0,1,0,0,0,1,0,1,0,0,0,1,0,0,0,0,0,1,0,0,0,0,0,0,0,1,0,0,0,0.995
64,12,3,2.4444444444444446,48.15236111111111,117.96,6.0,0.18,432,0,2232,5544,1.0,538,1,1,1,0,0,0,0,1,1,0,0,0,1,0,0,0,0,1,0,0,0,0,0,0,1,0,0,0,0,0,0,0,1,0,0.985
44,15,2,2.591549295774648,52.01619718309859,137.92915492957746,4.733333333333333,0.06,213,0,2343,3976,1.0,491,1,1,0,0,1,0,0,1,0,0,1,0,0,0,1,0,1,0,0,0,0,0,0,0,1,0,0,0,0,0,1,0,0,0,0.99
49,9,1,2.7746478873239435,51.26034857864905,143.56287672186266,7.888888888888888,0.2455281682125246,160,47,1419,3957,0.5915492957746479,492,1,1,0,1,0,1,0,0,0,1,0,0,1,0,0,0,0,1,0,0,0,0,1,0,0,0,0,0,0,0,0,0,0,0,0.165
26,7,4,2.563380281690141,48.02295774647887,118.10661971830986,10.142857142857142,0.25,213,0,2769,3976,1.0,376,0,1,0,0,1,0,1,0,1,0,0,1,0,0,0,1,0,0,0,0,1,0,0,0,0,0,0,0,0,0,1,0,0,0,0.0
27,6,4,2.563380281690141,45.722535211267605,116.00478873239436,11.833333333333334,0.25,0,142,1491,2627,1.0,528,1,1,0,0,1,0,1,0,0,0,1,0,1,0,0,1,0,0,0,0,0,0,0,0,0,1,0,0,0,0,0,1,0,0,0.98
50,4,3,2.492957746478873,51.29338028169014,131.24957746478873,17.75,0.08,142,0,2059,3976,1.0,371,0,1,0,0,1,1,0,0,0,0,1,0,0,1,0,0,0,0,1,0,0,0,0,0,0,1,0,0,0,0,1,0,0,0,0.005
55,8,4,2.492957746478873,47.66450704225352,120.69267605633804,8.875,0.07,0,71,2840,2840,1.0,373,1,1,1,0,0,0,0,1,1,0,0,1,0,0,0,0,1,0,0,0,0,0,0,0,1,0,0,0,0,0,1,0,0,0,0.005
40,15,4,2.611111111111111,50.14916666666667,131.59930555555556,4.8,0.18,288,0,3384,4680,1.0,376,0,1,0,1,0,0,1,0,1,0,0,0,0,0,1,1,0,0,0,0,1,0,0,0,0,0,0,0,0,0,0,0,1,0,0.01
56,5,3,2.5492957746478875,52.614366197183095,135.17591549295776,14.2,0.12,71,0,3621,5609,1.0,490,0,1,1,0,0,0,1,0,0,0,1,1,0,0,0,1,0,0,0,0,0,0,0,1,0,0,0,0,0,0,0,0,1,0,0.99
28,5,1,2.507042253521127,48.08267605633802,121.99788732394369,14.2,14.89490852814388,355,213,1988,5893,1.0,373,1,1,0,0,1,0,1,0,0,0,1,0,0,0,1,0,0,0,1,0,0,0,0,0,0,1,0,0,0,0,0,0,1,0,0.0
44,15,2,2.486111111111111,47.234722222222224,116.79208333333334,4.8,0.06,216,0,2376,4032,1.0,494,1,1,0,0,1,0,0,1,0,0,1,0,0,0,1,0,1,0,0,0,0,0,0,1,0,0,0,0,0,0,1,0,0,0,0.99
23,7,4,2.5492957746478875,47.23887323943662,122.4156338028169,10.142857142857142,6.967388763654297,71,0,1207,4757,1.0,373,1,1,0,0,1,0,0,1,0,1,0,0,1,0,0,1,0,0,0,0,0,0,1,0,0,0,0,0,0,0,1,0,0,0,0.0
56,10,2,3.055555555555556,51.46919187586777,151.5098863203122,7.199999999999999,0.2820526924898429,152,73,3383,2091,0.5138888888888888,862,0,1,0,1,0,0,0,1,0,0,1,0,0,0,1,1,0,0,0,0,0,0,1,0,0,0,0,0,0,0,0,0,0,0,0.81
30,12,1,2.647887323943662,48.60140845070422,129.76577464788733,5.916666666666667,10.382436680341316,142,355,3124,6887,1.0,377,0,1,0,1,0,0,1,0,1,0,0,0,0,1,0,1,0,0,0,0,0,0,0,1,0,0,0,0,0,0,0,0,1,0,0.0
49,5,3,2.5416666666666665,55.75375,145.51944444444445,14.4,0.03,216,0,2592,4680,1.0,491,1,1,0,0,1,0,0,1,1,0,0,1,0,0,0,1,0,0,0,0,0,0,0,0,0,0,0,1,0,0,1,0,0,0,0.98
33,7,0,2.708333333333333,47.79611111111112,129.99555555555557,10.285714285714286,12.74456772352784,720,216,2952,3240,1.0,372,1,1,0,0,1,0,1,0,0,1,0,0,0,0,1,0,0,0,1,0,0,0,0,0,0,0,1,0,0,1,0,0,0,0,0.005
60,1,2,2.3661971830985915,51.48929577464789,121.78267605633802,71.0,0.03,0,142,2556,6674,1.0,494,1,1,0,0,1,0,0,1,0,1,0,0,1,0,0,1,0,0,0,0,0,0,0,0,0,0,0,0,1,1,0,0,0,0,0.99
29,4,1,2.5211267605633805,51.672676056338034,130.02239436619718,17.75,0.13,355,0,3053,4189,1.0,374,1,1,1,0,0,0,0,1,0,1,0,1,0,0,0,1,0,0,0,0,1,0,0,0,0,0,0,0,0,1,0,0,0,0,0.0
56,5,3,2.408450704225352,49.01915492957747,119.79478873239437,14.2,0.12,71,0,3621,5609,1.0,491,0,1,1,0,0,0,1,0,0,0,1,1,0,0,0,1,0,0,0,0,0,0,0,0,0,0,1,0,0,0,0,1,0,0,1.0
66,12,1,2.513888888888889,50.74541666666667,130.1025,6.0,0.08,0,216,3240,4896,1.0,492,0,1,1,0,0,1,0,0,1,0,0,0,1,0,0,0,0,0,0,1,0,0,0,0,0,0,1,0,0,0,0,1,0,0,0.985
48,3,2,2.5416666666666665,45.812777777777775,117.41430555555556,24.0,0.11,288,0,3312,7416,1.0,371,0,1,0,1,0,0,1,0,0,1,0,0,1,0,0,0,0,0,1,0,1,0,0,0,0,0,0,0,0,1,0,0,0,0,0.01
23,5,0,2.6944444444444446,53.539027777777775,147.7748611111111,14.4,10.441826594846464,144,720,2016,1224,1.0,374,0,1,0,0,1,1,0,0,1,0,0,0,1,0,0,0,0,0,0,1,1,0,0,0,0,0,0,0,0,1,0,0,0,0,0.005
48,10,1,2.436619718309859,48.234507042253526,116.6650704225352,7.1,0.2,0,213,3550,4686,1.0,372,0,1,0,1,0,0,1,0,0,1,0,0,0,1,0,0,0,0,0,1,0,0,1,0,0,0,0,0,0,1,0,0,0,0,0.01
42,4,2,2.563380281690141,49.767183098591545,126.7743661971831,17.75,0.23,213,0,1704,1420,1.0,376,0,1,1,0,0,0,0,1,0,0,1,0,0,1,0,1,0,0,0,0,0,0,0,1,0,0,0,0,0,1,0,0,0,0,0.0
69,10,2,2.680555555555556,48.05708333333334,126.71930555555554,7.199999999999999,11.988521437096658,288,720,1080,2952,1.0,370,0,1,0,0,1,0,0,1,1,0,0,1,0,0,0,0,0,0,0,1,0,0,0,0,0,1,0,0,0,1,0,0,0,0,0.0
51,1,3,2.611111111111111,46.20458333333333,120.48916666666666,72.0,5.800870915786277,648,432,2304,3024,1.0,370,0,1,0,0,1,1,0,0,0,1,0,0,0,1,0,0,1,0,0,0,0,0,0,0,0,0,0,0,1,0,1,0,0,0,0.0
44,7,2,2.535211267605634,47.20478873239436,116.68816901408452,10.142857142857142,13.066465081831671,142,142,994,6887,1.0,374,1,1,1,0,0,1,0,0,1,0,0,0,1,0,0,0,1,0,0,0,0,1,0,0,0,0,0,0,0,0,1,0,0,0,0.0
32,12,2,2.436619718309859,48.554225352112674,114.11112676056338,5.916666666666667,0.11,0,213,2698,2414,1.0,371,0,1,1,0,0,0,0,1,0,0,1,0,0,0,1,0,0,1,0,0,0,0,1,0,0,0,0,0,0,1,0,0,0,0,0.015
27,6,2,2.5211267605633805,52.80690140845071,134.60957746478874,11.833333333333334,0.14,0,71,1846,6177,1.0,372,0,1,0,0,1,0,0,1,1,0,0,0,1,0,0,0,0,1,0,0,0,0,0,0,0,0,0,1,0,1,0,0,0,0,0.005
63,10,4,2.492957746478873,52.4856338028169,128.3523943661972,7.1,0.11,213,0,1846,3834,1.0,499,0,1,0,0,1,1,0,0,1,0,0,0,0,0,1,0,0,1,0,0,0,0,0,0,1,0,0,0,0,0,0,0,0,1,0.99
56,15,4,2.591549295774648,52.01957746478873,132.08577464788732,4.733333333333333,0.1,142,0,2059,5609,1.0,378,0,1,1,0,0,1,0,0,0,1,0,1,0,0,0,1,0,0,0,0,1,0,0,0,0,0,0,0,0,1,0,0,0,0,0.0
36,14,0,2.5492957746478875,51.11985915492958,131.58014084507042,5.071428571428571,12.27544002550685,355,639,568,1846,1.0,375,0,1,0,0,1,0,0,1,0,0,1,0,1,0,0,0,0,1,0,0,0,0,0,0,0,0,1,0,0,0,0,0,0,1,0.0
64,13,3,2.5277777777777777,53.47527777777778,135.21819444444444,5.538461538461538,0.29,288,0,648,4824,1.0,497,1,1,0,1,0,0,1,0,0,0,1,0,1,0,0,0,1,0,0,0,0,0,0,0,0,1,0,0,0,1,0,0,0,0,0.995
52,10,0,2.680555555555556,48.48305555555556,126.73819444444445,7.199999999999999,0.24,0,288,3240,3456,1.0,375,0,1,1,0,0,0,1,0,0,0,1,0,1,0,0,1,0,0,0,0,0,0,0,0,1,0,0,0,0,0,0,1,0,0,0.0
52,6,3,2.676056338028169,49.331267605633805,131.50718309859155,11.833333333333334,0.17,142,0,1349,1704,1.0,504,1,1,0,1,0,1,0,0,0,1,0,1,0,0,0,0,0,0,0,1,0,0,0,0,0,0,0,1,0,1,0,0,0,0,0.995
40,3,0,2.535211267605634,50.95422535211268,128.53929577464788,23.666666666666668,13.281031919823771,639,426,426,3834,1.0,370,1,1,0,0,1,1,0,0,0,1,0,0,0,0,1,0,1,0,0,0,0,1,0,0,0,0,0,0,0,0,0,1,0,0,0.0
68,2,2,2.4788732394366195,47.04788732394366,116.4925352112676,35.5,7.482818375611498,355,142,2059,4757,1.0,374,1,1,1,0,0,1,0,0,0,1,0,0,0,0,1,1,0,0,0,0,1,0,0,0,0,0,0,0,0,0,0,0,1,0,0.0
65,4,4,2.430555555555556,47.655277777777776,115.89555555555556,18.0,9.824867521735362,432,144,1800,6552,1.0,372,0,1,0,0,1,1,0,0,0,1,0,0,1,0,0,0,0,0,0,1,0,0,0,1,0,0,0,0,0,0,1,0,0,0,0.0
52,12,4,2.638888888888889,54.22166666666666,144.8148611111111,6.0,0.2,360,0,432,7272,1.0,495,0,1,0,0,1,1,0,0,1,0,0,0,0,0,1,0,0,0,0,1,0,0,0,0,1,0,0,0,0,0,0,0,0,1,0.965
42,5,1,2.611111111111111,50.24412759034093,134.4754774029041,14.4,0.2403566195971871,125,69,1871,2130,0.5972222222222222,760,1,1,0,1,0,1,0,0,0,0,1,0,0,0,1,0,0,0,1,0,0,0,0,0,0,0,0,1,0,0,0,0,0,0,0.13
35,9,4,2.4788732394366195,47.9369014084507,118.02225352112676,7.888888888888888,0.27,284,0,3408,6532,1.0,375,1,1,1,0,0,1,0,0,0,1,0,0,0,1,0,0,0,1,0,0,0,0,0,0,0,1,0,0,0,0,0,1,0,0,0.01
44,15,3,2.8028169014084505,54.03394366197183,150.34718309859156,4.733333333333333,0.13,0,213,1491,5680,1.0,497,1,1,0,0,1,0,1,0,0,0,1,1,0,0,0,1,0,0,0,0,0,0,0,0,0,0,0,0,1,1,0,0,0,0,0.97
68,1,4,2.513888888888889,43.68361111111111,111.00875,72.0,0.21,288,0,3168,6480,1.0,490,1,1,0,1,0,0,1,0,0,1,0,1,0,0,0,0,0,0,0,1,1,0,0,0,0,0,0,0,0,0,0,0,1,0,0.99
44,11,0,2.6338028169014085,46.99535211267606,122.94352112676056,6.454545454545454,0.22,213,0,2698,6958,1.0,395,1,1,0,0,1,1,0,0,1,0,0,0,0,0,1,0,0,0,1,0,0,0,0,1,0,0,0,0,0,1,0,0,0,0,0.015
25,10,4,2.680555555555556,51.53777777777778,139.70930555555557,7.199999999999999,0.15,288,0,648,6480,1.0,498,0,1,0,1,0,1,0,0,1,0,0,0,1,0,0,0,0,0,1,0,0,1,0,0,0,0,0,0,0,0,0,1,0,0,0.99
48,1,0,2.591549295774648,52.55774647887324,137.50521126760563,71.0,0.17,0,213,639,4686,1.0,376,1,1,1,0,0,0,0,1,0,1,0,0,0,0,1,1,0,0,0,0,0,0,0,0,0,1,0,0,0,0,1,0,0,0,0.0
56,5,3,3.267605633802817,50.61029973172726,168.57755499666447,14.2,0.2969049297510815,184,55,3620,5765,0.6056338028169014,567,0,1,1,0,0,0,1,0,0,0,1,1,0,0,0,1,0,0,0,0,0,0,0,0,0,1,0,0,0,0,0,0,0,0,0.85
56,5,3,2.680555555555556,55.86611111111111,148.12027777777777,14.4,0.12,72,0,3672,5688,1.0,501,0,1,1,0,0,0,1,0,0,0,1,1,0,0,0,1,0,0,0,0,0,0,1,0,0,0,0,0,0,0,1,0,0,0,0.98
58,1,0,2.563380281690141,50.73887323943662,129.59267605633804,71.0,0.26,284,0,1704,2343,1.0,491,1,1,1,0,0,0,0,1,0,1,0,0,0,0,1,0,1,0,0,0,0,0,0,0,0,0,1,0,0,0,0,0,1,0,0.99
44,9,4,2.380281690140845,50.28732394366197,121.61366197183098,7.888888888888888,8.454846215008608,284,0,2698,1136,1.0,370,0,1,0,1,0,0,1,0,0,1,0,0,0,1,0,0,0,1,0,0,0,0,0,0,1,0,0,0,0,0,0,0,0,1,0.005
57,9,3,2.458333333333333,50.156527777777775,126.92986111111112,8.0,0.16,216,0,2232,5400,1.0,497,1,1,0,0,1,0,0,1,0,1,0,0,0,0,1,0,0,1,0,0,1,0,0,0,0,0,0,0,0,1,0,0,0,0,1.0
44,15,2,2.5,49.48375,124.15,4.8,0.06,216,0,2376,4032,1.0,490,1,1,0,0,1,0,0,1,0,0,1,0,0,0,1,0,1,0,0,0,0,0,0,1,0,0,0,0,0,1,0,0,0,0,1.0
54,15,1,2.408450704225352,49.59140845070423,120.15267605633802,4.733333333333333,8.864371006316826,568,142,2556,3408,1.0,373,0,1,0,1,0,1,0,0,1,0,0,0,1,0,0,0,0,0,1,0,0,0,0,0,1,0,0,0,0,0,0,1,0,0,0.0
26,4,2,2.323943661971831,53.601549295774646,122.39746478873238,17.75,0.21,284,0,852,3195,1.0,372,0,1,0,0,1,0,1,0,0,1,0,1,0,0,0,0,0,1,0,0,1,0,0,0,0,0,0,0,0,1,0,0,0,0,0.0
64,12,3,2.676056338028169,47.75619718309859,128.03676056338028,5.916666666666667,0.18,426,0,2201,5467,1.0,492,1,1,1,0,0,0,0,1,1,0,0,0,1,0,0,0,0,1,0,0,0,0,0,0,0,0,1,0,0,0,0,0,1,0,0.98
26,5,1,2.619718309859155,46.94619718309859,121.5449295774648,14.2,0.18,0,213,1207,2485,1.0,491,1,1,1,0,0,0,1,0,1,0,0,1,0,0,0,0,0,0,1,0,0,0,0,0,0,1,0,0,0,1,0,0,0,0,0.955
26,4,4,2.6338028169014085,48.67140845070423,126.29154929577466,17.75,0.21,142,0,1846,5041,1.0,491,1,1,0,0,1,1,0,0,1,0,0,0,0,1,0,0,0,0,0,1,0,0,1,0,0,0,0,0,0,0,0,0,1,0,0.985
53,3,2,2.732394366197183,52.42929577464789,142.61084507042253,23.666666666666668,0.11,0,142,3195,3195,1.0,371,1,1,0,1,0,0,1,0,1,0,0,1,0,0,0,0,0,0,1,0,1,0,0,0,0,0,0,0,0,0,0,1,0,0,0.0
60,8,0,2.816901408450704,45.51981117717556,125.55924779689389,8.875,0.3233685858638792,155,50,1277,5524,0.5774647887323944,508,1,1,0,0,1,1,0,0,0,1,0,0,0,0,1,0,0,0,0,1,0,0,0,0,0,1,0,0,0,0,0,0,0,0,0.075
22,15,2,2.4444444444444446,50.05805555555556,121.26222222222223,4.8,0.1,360,0,2736,2736,1.0,373,0,1,0,1,0,0,1,0,1,0,0,0,1,0,0,0,0,1,0,0,0,0,0,0,0,0,1,0,0,0,1,0,0,0,0.005
21,1,3,2.535211267605634,48.05183098591549,119.39169014084506,71.0,6.493395409035405,639,213,710,923,1.0,374,1,1,0,1,0,0,1,0,0,1,0,0,0,0,1,0,1,0,0,0,1,0,0,0,0,0,0,0,0,0,0,1,0,0,0.0
52,9,3,2.605633802816901,45.06408450704225,116.8249295774648,7.888888888888888,0.25,142,0,2343,5964,1.0,496,1,1,1,0,0,0,1,0,1,0,0,1,0,0,0,0,0,1,0,0,0,0,0,0,0,1,0,0,0,0,1,0,0,0,0.99
47,2,0,2.4788732394366195,51.878169014084506,129.15647887323945,35.5,0.21,0,213,639,3976,1.0,497,0,1,0,0,1,0,0,1,0,0,1,0,1,0,0,0,0,0,0,1,0,0,0,0,0,0,0,1,0,0,0,0,0,1,0.975
66,1,2,3.138888888888889,48.916246448563626,150.87402422634142,72.0,0.2401477985029257,181,61,1655,5553,0.5833333333333334,596,0,1,0,1,0,0,0,1,0,1,0,1,0,0,0,0,0,1,0,0,1,0,0,0,0,0,0,0,0,0,0,0,0,0,0.115
64,1,3,2.9444444444444446,47.25144011397269,142.74487589747366,72.0,0.2833928331227655,144,82,1583,1649,0.6388888888888888,853,0,1,0,1,0,0,1,0,0,1,0,0,0,0,1,0,0,1,0,0,1,0,0,0,0,0,0,0,0,0,0,0,0,0,0.135
37,1,3,2.619718309859155,50.205211267605634,135.20070422535213,71.0,14.179033576724732,142,0,2627,1775,1.0,372,0,1,0,0,1,1,0,0,1,0,0,0,0,0,1,0,0,0,0,1,0,0,0,0,0,1,0,0,0,0,1,0,0,0,0.005
23,7,4,2.380281690140845,47.92140845070423,113.5756338028169,10.142857142857142,6.967388763654297,71,0,1207,4757,1.0,379,1,1,0,0,1,0,0,1,0,1,0,0,1,0,0,1,0,0,0,0,1,0,0,0,0,0,0,0,0,0,0,0,1,0,0.0
51,11,4,2.4507042253521125,52.98915492957747,133.70394366197183,6.454545454545454,0.1,213,0,1988,1349,1.0,371,1,1,0,0,1,1,0,0,0,0,1,0,0,1,0,0,0,0,0,1,0,0,0,0,1,0,0,0,0,0,0,0,1,0,0.005
25,1,2,2.535211267605634,47.50267605633803,121.96647887323944,71.0,0.2,0,71,3053,2414,1.0,391,0,1,0,1,0,1,0,0,0,0,1,0,1,0,0,0,1,0,0,0,1,0,0,0,0,0,0,0,0,1,0,0,0,0,0.005
22,14,4,3.0,52.099061928554,158.8137576599249,5.071428571428571,0.3144616618518591,165,49,2697,5110,0.5211267605633803,443,1,1,0,1,0,1,0,0,0,1,0,1,0,0,0,0,1,0,0,0,0,0,1,0,0,0,0,0,0,0,0,0,0,0,0.78
32,4,3,2.591549295774648,47.67507042253521,120.5905633802817,17.75,10.883620836964743,213,710,2201,1917,1.0,371,1,1,1,0,0,0,0,1,0,0,1,1,0,0,0,1,0,0,0,0,0,0,0,0,1,0,0,0,0,1,0,0,0,0,0.0
66,12,1,2.708333333333333,48.66291666666667,131.49680555555557,6.0,0.04,288,0,1152,7416,1.0,371,1,1,0,1,0,0,0,1,0,1,0,0,0,1,0,1,0,0,0,0,0,0,0,0,0,1,0,0,0,0,1,0,0,0,0.005
43,12,4,2.5774647887323945,47.93830985915493,128.3669014084507,5.916666666666667,0.07,213,0,1278,1278,1.0,491,0,1,0,0,1,0,1,0,1,0,0,0,0,1,0,0,0,0,1,0,0,0,0,0,0,1,0,0,0,0,1,0,0,0,0.995
44,7,2,2.3194444444444446,46.80138888888889,110.20208333333332,10.285714285714286,13.066465081831671,144,144,1008,6984,1.0,376,1,1,1,0,0,1,0,0,1,0,0,0,1,0,0,0,1,0,0,0,0,0,0,0,0,1,0,0,0,1,0,0,0,0,0.005
34,10,4,2.625,55.31986111111112,148.02638888888887,7.199999999999999,13.629738377996562,288,72,2016,1224,1.0,370,1,1,0,1,0,1,0,0,0,0,1,1,0,0,0,0,0,1,0,0,0,1,0,0,0,0,0,0,0,1,0,0,0,0,0.01
65,15,2,2.5277777777777777,53.54263888888889,138.57916666666668,4.8,0.03,0,144,2880,2232,1.0,370,1,1,0,1,0,0,0,1,0,0,1,0,0,1,0,0,0,0,1,0,0,0,0,1,0,0,0,0,0,0,0,1,0,0,0.01
51,11,4,2.9722222222222223,52.657584410891104,159.9005310104511,6.545454545454546,0.2638709331808113,161,67,2015,1363,0.625,827,1,1,0,0,1,1,0,0,0,0,1,0,0,1,0,0,0,0,0,1,0,0,0,1,0,0,0,0,0,0,0,0,0,0,0.06
38,4,0,2.605633802816901,47.99450704225352,121.78732394366196,17.75,0.16,142,0,3337,2556,1.0,501,1,1,0,1,0,0,0,1,0,0,1,1,0,0,0,0,0,1,0,0,0,0,0,0,0,0,0,0,1,0,1,0,0,0,0.995
44,3,3,2.4507042253521125,52.38394366197184,129.97549295774647,23.666666666666668,0.25,355,0,1136,6390,1.0,373,1,1,0,1,0,0,1,0,0,0,1,1,0,0,0,0,1,0,0,0,0,0,0,0,0,0,1,0,0,0,1,0,0,0,0.01
47,4,2,2.422535211267605,48.102112676056336,120.04521126760564,17.75,14.628142769659158,142,710,3053,5041,1.0,372,1,1,1,0,0,1,0,0,1,0,0,0,0,1,0,1,0,0,0,0,1,0,0,0,0,0,0,0,0,0,0,0,1,0,0.0
53,3,4,2.4507042253521125,48.44507042253521,121.31,23.666666666666668,0.13,0,284,1207,4686,1.0,371,1,1,0,0,1,1,0,0,0,0,1,0,1,0,0,1,0,0,0,0,0,0,0,1,0,0,0,0,0,0,0,0,1,0,0.0
66,11,2,2.492957746478873,53.60704225352112,136.72140845070422,6.454545454545454,0.29,284,0,2343,6816,1.0,499,0,1,0,1,0,1,0,0,1,0,0,0,1,0,0,0,0,0,1,0,1,0,0,0,0,0,0,0,0,0,0,1,0,0,0.99
47,4,2,2.507042253521127,47.194647887323946,118.26225352112677,17.75,14.628142769659158,142,710,3053,5041,1.0,371,1,1,1,0,0,1,0,0,1,0,0,0,0,1,0,1,0,0,0,0,0,0,0,0,0,0,0,0,1,0,0,0,0,1,0.0
30,15,2,2.638888888888889,51.48458333333333,137.2527777777778,4.8,0.22,144,0,3384,6336,1.0,490,1,1,0,1,0,0,1,0,0,0,1,1,0,0,0,1,0,0,0,0,0,0,0,0,0,0,0,1,0,0,0,0,1,0,0.995
49,8,4,2.6666666666666665,55.31458333333333,149.35236111111112,9.0,0.05,144,0,1368,1080,1.0,492,1,1,0,0,1,0,1,0,0,0,1,0,1,0,0,0,1,0,0,0,0,0,0,0,0,0,1,0,0,0,1,0,0,0,0.98
70,3,2,2.3472222222222223,51.21083333333333,118.34541666666668,24.0,0.03,144,0,1512,5256,1.0,378,0,1,0,0,1,1,0,0,0,1,0,0,0,0,1,0,0,0,1,0,0,0,0,0,1,0,0,0,0,0,0,1,0,0,0.0
41,12,4,2.486111111111111,45.14680555555556,113.7513888888889,6.0,0.25,288,0,1224,2664,1.0,373,1,1,1,0,0,0,0,1,0,1,0,0,0,1,0,0,0,1,0,0,0,0,1,0,0,0,0,0,0,0,1,0,0,0,0.005
31,7,2,2.5972222222222223,50.10361111111112,131.8925,10.285714285714286,14.906391210892846,720,360,2232,4248,1.0,372,1,1,0,1,0,1,0,0,0,1,0,1,0,0,0,0,0,0,0,1,0,0,0,0,0,0,0,0,1,0,0,0,0,1,0.005
46,2,2,2.5277777777777777,50.30430555555555,126.33805555555556,36.0,0.12,0,144,864,3024,1.0,372,1,1,1,0,0,1,0,0,0,0,1,0,0,0,1,0,1,0,0,0,0,0,0,0,1,0,0,0,0,0,0,0,1,0,0.0
40,8,3,2.6944444444444446,53.70666666666667,149.30041666666665,9.0,0.15,0,144,3600,1944,1.0,496,0,1,0,1,0,0,1,0,0,0,1,1,0,0,0,0,0,0,1,0,0,0,0,0,0,0,1,0,0,0,0,1,0,0,0.975
66,12,1,2.619718309859155,49.57929577464789,122.93901408450704,5.916666666666667,0.04,284,0,1136,7313,1.0,373,1,1,0,1,0,0,0,1,0,1,0,0,0,1,0,1,0,0,0,0,0,0,0,0,0,0,0,1,0,0,0,0,1,0,0.005
49,3,1,2.638888888888889,50.83125,134.46541666666667,24.0,0.26,0,72,3456,6552,1.0,373,0,1,0,0,1,1,0,0,0,1,0,0,0,1,0,0,1,0,0,0,0,0,0,0,0,0,0,0,1,1,0,0,0,0,0.01
21,15,3,2.5277777777777777,53.410138888888895,131.5954166666667,4.8,0.27,432,0,1728,1512,1.0,371,0,1,0,1,0,1,0,0,1,0,0,0,0,1,0,1,0,0,0,0,0,1,0,0,0,0,0,0,0,0,0,0,1,0,0.0
54,14,2,2.583333333333333,48.32527777777778,121.15472222222222,5.142857142857143,6.5933528789785125,648,216,792,1008,1.0,372,1,1,1,0,0,1,0,0,1,0,0,1,0,0,0,0,1,0,0,0,0,0,1,0,0,0,0,0,0,0,0,0,0,1,0.0
55,1,4,2.3472222222222223,51.937777777777775,126.34333333333332,72.0,11.963909765832623,576,288,2520,3600,1.0,370,0,1,0,0,1,0,1,0,1,0,0,0,0,1,0,1,0,0,0,0,1,0,0,0,0,0,0,0,0,0,0,0,1,0,0.0
58,2,4,2.388888888888889,51.67319444444444,119.81083333333332,36.0,14.23906493009916,288,576,1224,4176,1.0,378,1,1,0,1,0,1,0,0,0,0,1,0,1,0,0,0,0,0,1,0,1,0,0,0,0,0,0,0,0,1,0,0,0,0,0.005
58,12,1,2.236111111111111,53.94708333333333,119.34819444444445,6.0,0.18,72,0,648,4968,1.0,495,0,1,1,0,0,0,1,0,0,1,0,0,0,0,1,0,0,0,0,1,0,0,0,0,0,0,0,0,1,0,0,1,0,0,0.975
70,3,2,2.605633802816901,49.38535211267606,126.9574647887324,23.666666666666668,0.03,142,0,1491,5183,1.0,370,0,1,0,0,1,1,0,0,0,1,0,0,0,0,1,0,0,0,1,0,0,0,0,0,1,0,0,0,0,1,0,0,0,0,0.005
25,1,2,2.436619718309859,50.82183098591549,122.81112676056338,71.0,0.13,213,0,1491,4899,1.0,500,0,1,1,0,0,0,0,1,0,0,1,1,0,0,0,0,0,0,1,0,0,0,0,0,0,0,1,0,0,0,0,1,0,0,0.995
63,4,0,2.6944444444444446,50.42125,132.23569444444445,18.0,0.08,144,0,1368,4752,1.0,371,0,1,0,0,1,0,0,1,0,0,1,0,1,0,0,0,0,0,0,1,0,0,1,0,0,0,0,0,0,0,1,0,0,0,0.0
60,10,3,2.408450704225352,51.2625352112676,125.1261971830986,7.1,0.18,355,0,2982,2414,1.0,496,0,1,0,1,0,0,0,1,1,0,0,0,0,1,0,0,0,1,0,0,0,0,0,0,0,0,1,0,0,0,1,0,0,0,1.0
45,5,1,2.5492957746478875,46.88394366197184,119.0649295774648,14.2,14.679563163475962,568,142,3408,5538,1.0,370,1,1,1,0,0,0,1,0,1,0,0,0,0,0,1,1,0,0,0,0,0,0,0,0,0,0,1,0,0,0,0,0,1,0,0.0
32,2,0,2.507042253521127,54.885633802816905,140.17802816901408,35.5,0.1,213,0,3266,4828,1.0,496,1,1,1,0,0,1,0,0,1,0,0,0,0,1,0,0,0,0,1,0,0,0,0,0,0,0,0,1,0,1,0,0,0,0,0.99
50,13,0,2.8028169014084505,46.65028169014085,129.5650704225352,5.461538461538462,0.03,284,0,568,5893,1.0,372,0,1,0,0,1,0,0,1,0,0,1,1,0,0,0,0,0,0,1,0,1,0,0,0,0,0,0,0,0,0,0,1,0,0,0.0
68,6,2,2.5492957746478875,50.36619718309859,123.73211267605632,11.833333333333334,0.08,142,0,3408,3195,1.0,495,1,1,0,0,1,0,0,1,0,1,0,0,0,0,1,0,0,0,1,0,0,0,1,0,0,0,0,0,0,0,1,0,0,0,0.965
18,7,3,2.422535211267605,53.54577464788732,123.86859154929576,10.142857142857142,0.27,0,213,3053,5396,1.0,370,0,1,1,0,0,0,0,1,0,1,0,0,0,0,1,0,1,0,0,0,0,0,1,0,0,0,0,0,0,0,1,0,0,0,0.015
22,15,2,2.736111111111111,49.61333333333333,133.8419444444445,4.8,0.1,360,0,2736,2736,1.0,371,0,1,0,1,0,0,1,0,1,0,0,0,1,0,0,0,0,1,0,0,0,0,0,0,0,1,0,0,0,1,0,0,0,0,0.01
28,10,1,3.2253521126760565,52.87805543205606,166.77233531025269,7.1,0.2524799716094919,151,91,1703,3705,0.6056338028169014,553,1,1,1,0,0,1,0,0,1,0,0,0,0,0,1,1,0,0,0,0,0,1,0,0,0,0,0,0,0,0,0,0,0,0,0.13
28,5,1,2.5492957746478875,46.65281690140845,118.00760563380284,14.2,14.89490852814388,355,213,1988,5893,1.0,370,1,1,0,0,1,0,1,0,0,0,1,0,0,0,1,0,0,0,1,0,0,1,0,0,0,0,0,0,0,1,0,0,0,0,0.0
23,2,0,2.718309859154929,47.99408450704225,128.99197183098593,35.5,0.02,284,0,639,5964,1.0,377,1,1,0,1,0,0,0,1,0,1,0,0,0,1,0,0,0,1,0,0,0,0,0,0,0,0,0,0,1,0,0,1,0,0,0.005
35,2,1,2.5211267605633805,54.70943661971831,136.38394366197184,35.5,0.04,142,0,2130,994,1.0,495,0,1,0,0,1,0,0,1,0,1,0,0,0,1,0,1,0,0,0,0,1,0,0,0,0,0,0,0,0,0,0,1,0,0,0.995
63,14,3,2.708333333333333,54.44388888888889,145.5330555555555,5.142857142857143,0.05,72,0,2880,864,1.0,375,1,1,0,1,0,0,1,0,1,0,0,1,0,0,0,0,0,0,0,1,0,0,0,0,0,0,0,0,1,0,0,0,0,1,0.01
55,12,4,2.492957746478873,51.49295774647887,127.99028169014085,5.916666666666667,6.984031468775303,355,497,1065,5893,1.0,374,1,1,1,0,0,0,0,1,0,0,1,0,0,1,0,0,0,1,0,0,0,0,0,0,0,1,0,0,0,0,0,1,0,0,0.005
23,9,3,2.5774647887323945,48.82183098591549,124.6612676056338,7.888888888888888,0.18,355,0,2556,3763,1.0,498,1,1,0,1,0,1,0,0,0,1,0,0,0,0,1,0,0,0,1,0,0,0,0,0,1,0,0,0,0,0,1,0,0,0,0.99
67,14,2,3.0277777777777777,52.674285261656806,162.55815385664695,5.142857142857143,0.331904193480632,141,88,3455,5400,0.5972222222222222,797,1,1,1,0,0,0,0,1,0,0,1,0,1,0,0,0,0,0,1,0,0,0,0,1,0,0,0,0,0,0,0,0,0,0,0.785
24,9,2,2.7222222222222223,49.60097222222223,137.9044444444445,8.0,0.29,288,0,1728,1440,1.0,375,0,1,1,0,0,1,0,0,0,0,1,0,1,0,0,0,0,1,0,0,0,0,0,0,0,1,0,0,0,0,1,0,0,0,0.0
21,1,2,2.333333333333333,54.63875,129.54347222222225,72.0,0.02,0,72,2592,1728,1.0,371,0,1,1,0,0,0,0,1,1,0,0,0,0,1,0,1,0,0,0,0,0,1,0,0,0,0,0,0,0,0,0,0,0,1,0.005
47,10,0,2.718309859154929,51.32731735026045,140.1047755455913,7.1,0.3080188757896938,126,68,1490,1114,0.6338028169014085,552,1,1,0,1,0,0,1,0,0,0,1,1,0,0,0,0,1,0,0,0,0,1,0,0,0,0,0,0,0,0,0,0,0,0,0.075
68,6,2,2.6666666666666665,47.02236111111111,123.46708333333336,12.0,0.08,144,0,3456,3240,1.0,490,1,1,0,0,1,0,0,1,0,1,0,0,0,0,1,0,0,0,1,0,0,1,0,0,0,0,0,0,0,1,0,0,0,0,0.97
29,2,3,2.458333333333333,48.09569444444444,119.69597222222222,36.0,10.422353915074105,288,72,3600,6624,1.0,375,0,1,0,1,0,1,0,0,0,1,0,0,0,0,1,1,0,0,0,0,0,0,0,0,0,1,0,0,0,1,0,0,0,0,0.0
52,12,4,2.5774647887323945,50.601126760563375,134.95281690140845,5.916666666666667,0.2,355,0,426,7171,1.0,527,0,1,0,0,1,1,0,0,1,0,0,0,0,0,1,0,0,0,0,1,0,0,0,0,0,1,0,0,0,0,1,0,0,0,0.995
63,1,0,2.486111111111111,50.94861111111111,125.47166666666664,72.0,0.04,0,288,3528,6912,1.0,385,0,1,0,1,0,0,0,1,1,0,0,0,0,0,1,0,0,0,1,0,0,0,0,1,0,0,0,0,0,1,0,0,0,0,0.0
40,6,2,2.535211267605634,50.58661971830986,131.02661971830986,11.833333333333334,9.955841494925746,284,355,3337,7029,1.0,375,1,1,0,0,1,1,0,0,0,1,0,0,0,0,1,0,0,0,0,1,1,0,0,0,0,0,0,0,0,1,0,0,0,0,0.005
37,10,0,2.605633802816901,50.8969014084507,135.30605633802816,7.1,0.18,71,0,1420,1207,1.0,498,1,1,1,0,0,1,0,0,0,0,1,0,0,1,0,1,0,0,0,0,0,0,0,0,0,0,0,1,0,0,1,0,0,0,0.975
29,12,0,2.3380281690140845,48.92056338028169,115.07267605633804,5.916666666666667,0.26,142,0,1846,4757,1.0,493,0,1,1,0,0,0,0,1,0,0,1,0,0,0,1,0,0,0,0,1,0,0,1,0,0,0,0,0,0,1,0,0,0,0,0.99
29,12,0,2.4507042253521125,51.35366197183099,124.77845070422536,5.916666666666667,0.26,142,0,1846,4757,1.0,503,0,1,1,0,0,0,0,1,0,0,1,0,0,0,1,0,0,0,0,1,0,0,0,0,0,0,1,0,0,0,0,0,0,1,0.995
68,2,3,2.535211267605634,52.700563380281686,132.05239436619718,35.5,0.08,0,71,852,1491,1.0,371,1,1,0,0,1,0,1,0,0,1,0,0,0,0,1,0,0,1,0,0,0,0,1,0,0,0,0,0,0,0,0,1,0,0,0.0
59,1,3,2.486111111111111,46.753194444444446,116.97486111111112,72.0,0.25,216,0,3168,3312,1.0,495,1,1,0,1,0,0,0,1,1,0,0,0,0,1,0,0,0,1,0,0,0,1,0,0,0,0,0,0,0,0,0,0,0,1,0.985
58,12,1,2.486111111111111,48.397083333333335,121.75611111111112,6.0,0.18,72,0,648,4968,1.0,495,0,1,1,0,0,0,1,0,0,1,0,0,0,0,1,0,0,0,0,1,0,0,0,0,1,0,0,0,0,0,1,0,0,0,1.0
52,8,3,2.5211267605633805,46.9530985915493,120.28549295774648,8.875,5.539578469529545,426,426,3550,7100,1.0,384,1,1,1,0,0,0,0,1,1,0,0,0,0,1,0,0,0,0,0,1,0,0,0,0,1,0,0,0,0,0,0,0,0,1,0.0
63,10,4,2.6901408450704225,49.36408450704225,134.18845070422535,7.1,0.11,213,0,1846,3834,1.0,493,0,1,0,0,1,1,0,0,1,0,0,0,0,0,1,0,0,1,0,0,0,0,1,0,0,0,0,0,0,0,0,0,1,0,1.0
56,8,0,2.4444444444444446,50.37222222222223,123.16791666666668,9.0,0.04,0,432,1512,7128,1.0,374,0,1,0,0,1,0,0,1,0,1,0,0,1,0,0,0,0,0,0,1,0,0,0,0,0,1,0,0,0,0,1,0,0,0,0.0
59,3,4,2.430555555555556,55.769444444444446,136.06986111111112,24.0,0.1,144,0,3096,5616,1.0,370,0,1,0,0,1,0,0,1,0,0,1,0,1,0,0,0,0,1,0,0,0,0,0,0,0,1,0,0,0,0,0,1,0,0,0.005
60,2,0,2.323943661971831,46.930845070422535,109.956338028169,35.5,0.01,355,0,1207,2911,1.0,375,0,1,1,0,0,0,1,0,1,0,0,0,0,1,0,1,0,0,0,0,0,1,0,0,0,0,0,0,0,0,0,0,1,0,0.0
46,12,3,2.513888888888889,49.392500000000005,126.28611111111113,6.0,0.14,288,0,1872,2808,1.0,383,0,1,1,0,0,1,0,0,1,0,0,1,0,0,0,1,0,0,0,0,0,0,1,0,0,0,0,0,0,1,0,0,0,0,0.0
19,10,4,2.647887323943662,51.08915492957746,137.6094366197183,7.1,0.22,0,284,639,5467,1.0,371,1,1,1,0,0,0,0,1,1,0,0,0,0,0,1,1,0,0,0,0,0,0,0,0,1,0,0,0,0,0,0,1,0,0,0.0
33,8,0,2.380281690140845,49.30197183098591,116.92436619718308,8.875,11.40714310886413,355,142,3053,2201,1.0,374,0,1,1,0,0,0,0,1,1,0,0,0,0,0,1,0,0,1,0,0,0,0,0,0,0,0,1,0,0,0,0,0,1,0,0.0
59,1,2,2.464788732394366,50.53887323943663,129.08084507042253,71.0,0.1,0,71,1704,5396,1.0,371,1,1,0,0,1,0,1,0,0,0,1,0,0,0,1,0,0,0,0,1,0,0,0,1,0,0,0,0,0,0,0,0,1,0,0.0
60,10,1,2.5211267605633805,52.44267605633802,130.27830985915494,7.1,0.05,213,0,2272,1846,1.0,510,0,1,0,1,0,0,0,1,1,0,0,0,0,1,0,0,0,0,1,0,1,0,0,0,0,0,0,0,0,0,0,0,0,1,0.995
50,9,2,2.555555555555556,52.03833333333333,133.38875,8.0,0.22,360,0,1152,3456,1.0,370,1,1,1,0,0,0,1,0,0,0,1,1,0,0,0,1,0,0,0,0,0,1,0,0,0,0,0,0,0,0,0,1,0,0,0.0
47,10,0,2.5416666666666665,46.03416666666666,114.9263888888889,7.199999999999999,0.21,72,0,1512,1008,1.0,371,1,1,0,1,0,0,1,0,0,0,1,1,0,0,0,0,1,0,0,0,0,0,1,0,0,0,0,0,0,0,0,0,1,0,0.005
68,2,3,2.4444444444444446,51.004444444444445,125.65375,36.0,0.08,0,72,864,1512,1.0,370,1,1,0,0,1,0,1,0,0,1,0,0,0,0,1,0,0,1,0,0,0,1,0,0,0,0,0,0,0,0,0,1,0,0,0.005
41,10,4,2.4788732394366195,50.32281690140845,125.87,7.1,0.25,0,284,994,1562,1.0,370,0,1,0,1,0,1,0,0,0,1,0,1,0,0,0,0,0,0,0,1,0,0,0,1,0,0,0,0,0,0,1,0,0,0,0.0
60,5,4,2.4722222222222223,49.60888888888889,126.31486111111111,14.4,0.02,72,0,3528,3744,1.0,494,0,1,0,1,0,0,1,0,1,0,0,1,0,0,0,0,0,1,0,0,0,1,0,0,0,0,0,0,0,1,0,0,0,0,0.995
19,11,0,2.887323943661972,51.9011322424865,150.98705869929046,6.454545454545454,0.2381524432152011,126,83,1277,4249,0.5352112676056338,440,1,1,0,0,1,0,1,0,1,0,0,1,0,0,0,0,0,0,1,0,0,0,0,0,0,1,0,0,0,0,0,0,0,0,0.025
44,14,4,2.6666666666666665,51.36861111111111,136.70875,5.142857142857143,14.913690070988231,648,576,1368,5544,1.0,382,0,1,0,1,0,1,0,0,1,0,0,1,0,0,0,0,0,0,0,1,0,0,0,0,0,1,0,0,0,0,0,0,0,1,0.0
66,1,2,2.591549295774648,49.97056338028169,131.71563380281688,71.0,0.08,0,142,994,5254,1.0,371,1,1,0,0,1,0,1,0,1,0,0,0,0,1,0,1,0,0,0,0,0,0,0,0,0,0,1,0,0,1,0,0,0,0,0.0
27,6,2,2.930555555555556,54.30615941689139,161.82523550044945,12.0,0.2924242977997676,162,54,1871,6401,0.5833333333333334,649,0,1,0,0,1,0,0,1,1,0,0,0,1,0,0,0,0,1,0,0,0,1,0,0,0,0,0,0,0,0,0,0,0,0,0.065
66,11,2,2.464788732394366,51.41830985915493,125.16014084507044,6.454545454545454,5.520176522913397,497,71,3195,4402,1.0,370,1,1,0,0,1,1,0,0,0,1,0,0,0,1,0,0,0,1,0,0,0,0,0,1,0,0,0,0,0,0,1,0,0,0,0.005
30,12,1,2.6338028169014085,51.52971830985916,133.08464788732394,5.916666666666667,10.382436680341316,142,355,3124,6887,1.0,370,0,1,0,1,0,0,1,0,1,0,0,0,0,1,0,1,0,0,0,0,0,0,0,0,0,0,0,0,1,0,0,0,0,1,0.0
40,8,3,2.436619718309859,49.85014084507043,123.14014084507043,8.875,12.152893382918927,213,142,923,4828,1.0,372,1,1,1,0,0,1,0,0,0,0,1,0,1,0,0,0,0,1,0,0,0,0,0,1,0,0,0,0,0,0,0,0,0,1,0.0
28,5,1,2.5492957746478875,49.83957746478873,124.68366197183096,14.2,14.89490852814388,355,213,1988,5893,1.0,380,1,1,0,0,1,0,1,0,0,0,1,0,0,0,1,0,0,0,1,0,0,0,0,0,1,0,0,0,0,0,0,1,0,0,0.005
57,12,3,2.619718309859155,50.40338028169014,130.8711267605634,5.916666666666667,0.01,213,0,2272,7171,1.0,371,0,1,1,0,0,0,1,0,0,0,1,1,0,0,0,1,0,0,0,0,0,0,0,0,1,0,0,0,0,0,0,1,0,0,0.0
31,5,4,2.492957746478873,48.1312676056338,117.616338028169,14.2,0.03,142,0,1349,1562,1.0,507,1,1,0,1,0,0,1,0,1,0,0,0,0,1,0,0,0,0,0,1,0,0,0,0,0,0,1,0,0,0,1,0,0,0,0.99
42,4,2,2.583333333333333,50.24888888888889,130.36416666666665,18.0,0.23,216,0,1728,1440,1.0,373,0,1,1,0,0,0,0,1,0,0,1,0,0,1,0,1,0,0,0,0,1,0,0,0,0,0,0,0,0,0,0,1,0,0,0.0
47,2,0,2.458333333333333,49.46041666666667,122.36194444444445,36.0,0.21,0,216,648,4032,1.0,499,0,1,0,0,1,0,0,1,0,0,1,0,1,0,0,0,0,0,0,1,0,1,0,0,0,0,0,0,0,0,0,0,0,1,0.975
45,3,1,3.013888888888889,50.34031504163711,158.16157520818558,24.0,0.328144666178022,153,63,3455,1436,0.6111111111111112,845,0,1,0,1,0,0,1,0,0,1,0,0,0,1,0,0,0,0,1,0,0,1,0,0,0,0,0,0,0,0,0,0,0,0,0.04
49,5,4,2.6338028169014085,48.85915492957746,127.73633802816904,14.2,0.02,142,0,3266,994,1.0,372,0,1,1,0,0,0,1,0,0,0,1,0,0,1,0,1,0,0,0,0,0,0,0,0,1,0,0,0,0,0,0,0,0,1,0.0
58,3,2,3.013888888888889,51.57555029635317,154.34706755572614,24.0,0.2698115504438143,173,51,2375,5542,0.4861111111111111,749,0,1,1,0,0,0,1,0,0,0,1,0,0,1,0,0,1,0,0,0,0,1,0,0,0,0,0,0,0,0,0,0,0,0,0.805
22,14,0,2.5211267605633805,49.496760563380285,123.6269014084507,5.071428571428571,0.02,71,0,2840,1775,1.0,375,0,1,1,0,0,1,0,0,1,0,0,0,0,0,1,0,0,1,0,0,0,1,0,0,0,0,0,0,0,0,1,0,0,0,0.005
70,9,4,2.5774647887323945,50.71464788732394,130.1574647887324,7.888888888888888,0.16,142,0,1349,3905,1.0,492,1,1,0,1,0,0,1,0,0,1,0,0,0,1,0,0,0,0,0,1,0,1,0,0,0,0,0,0,0,0,1,0,0,0,0.995
48,8,0,2.611111111111111,46.8475,122.40847222222222,9.0,0.03,144,0,2016,4176,1.0,370,0,1,1,0,0,0,1,0,0,1,0,1,0,0,0,0,0,0,0,1,0,0,0,0,0,0,1,0,0,0,0,0,1,0,0.0
61,15,3,2.4788732394366195,47.153521126760566,116.3512676056338,4.733333333333333,6.043439896799889,71,284,1491,5964,1.0,378,1,1,0,0,1,1,0,0,0,1,0,0,1,0,0,0,0,1,0,0,1,0,0,0,0,0,0,0,0,0,0,0,0,1,0.0
21,15,3,3.0,51.41342053167486,155.09119830945264,4.8,0.2646619402900955,155,69,1727,1295,0.6111111111111112,831,0,1,0,1,0,1,0,0,1,0,0,0,0,1,0,1,0,0,0,0,0,1,0,0,0,0,0,0,0,0,0,0,0,0,0.115
66,11,2,2.492957746478873,54.256056338028166,132.743661971831,6.454545454545454,0.29,284,0,2343,6816,1.0,490,0,1,0,1,0,1,0,0,1,0,0,0,1,0,0,0,0,0,1,0,0,0,0,0,1,0,0,0,0,0,0,1,0,0,0.99
19,10,4,2.583333333333333,53.57305555555556,139.37875,7.199999999999999,0.22,0,288,648,5544,1.0,383,1,1,1,0,0,0,0,1,1,0,0,0,0,0,1,1,0,0,0,0,0,1,0,0,0,0,0,0,0,0,0,1,0,0,0.0
23,7,4,2.605633802816901,54.90549295774648,142.793661971831,10.142857142857142,6.967388763654297,71,0,1207,4757,1.0,371,1,1,0,0,1,0,0,1,0,1,0,0,1,0,0,1,0,0,0,0,0,0,0,0,0,0,0,0,1,1,0,0,0,0,0.0
57,14,4,2.430555555555556,47.422916666666666,114.85277777777776,5.142857142857143,0.11,288,0,1368,6336,1.0,370,1,1,1,0,0,1,0,0,0,1,0,0,1,0,0,0,0,0,0,1,0,0,0,0,0,0,0,1,0,0,0,1,0,0,0.0
53,3,2,2.619718309859155,55.94267605633802,148.7881690140845,23.666666666666668,0.11,0,142,3195,3195,1.0,375,1,1,0,1,0,0,1,0,1,0,0,1,0,0,0,0,0,0,1,0,0,0,1,0,0,0,0,0,0,1,0,0,0,0,0.01
50,9,2,2.5277777777777777,49.20763888888889,128.4713888888889,8.0,0.22,360,0,1152,3456,1.0,372,1,1,1,0,0,0,1,0,0,0,1,1,0,0,0,1,0,0,0,0,0,1,0,0,0,0,0,0,0,0,0,0,1,0,0.0
19,13,3,2.5492957746478875,53.96774647887324,144.94098591549294,5.461538461538462,0.21,213,0,3408,5041,1.0,497,0,1,0,1,0,1,0,0,0,0,1,0,1,0,0,0,0,0,1,0,0,0,1,0,0,0,0,0,0,0,1,0,0,0,0.99
60,5,4,2.4444444444444446,52.73972222222223,129.47,14.4,0.02,72,0,3528,3744,1.0,490,0,1,0,1,0,0,1,0,1,0,0,1,0,0,0,0,0,1,0,0,1,0,0,0,0,0,0,0,0,1,0,0,0,0,1.0
61,15,3,2.6901408450704225,51.1643661971831,140.80957746478873,4.733333333333333,6.043439896799889,71,284,1491,5964,1.0,379,1,1,0,0,1,1,0,0,0,1,0,0,1,0,0,0,0,1,0,0,1,0,0,0,0,0,0,0,0,0,0,1,0,0,0.0
67,2,2,2.563380281690141,47.28098591549296,123.15197183098591,35.5,0.07,142,0,852,3195,1.0,377,1,1,1,0,0,0,1,0,1,0,0,0,1,0,0,0,0,0,1,0,0,1,0,0,0,0,0,0,0,1,0,0,0,0,0.01
56,7,1,2.5211267605633805,48.24605633802817,123.69605633802816,10.142857142857142,0.04,142,0,2059,6603,1.0,375,1,1,0,0,1,0,1,0,1,0,0,0,0,0,1,0,0,0,1,0,0,0,0,0,0,1,0,0,0,0,0,0,0,1,0.0
23,5,0,2.4166666666666665,50.263333333333335,123.5122222222222,14.4,10.441826594846464,144,720,2016,1224,1.0,371,0,1,0,0,1,1,0,0,1,0,0,0,1,0,0,0,0,0,0,1,0,0,0,0,0,0,0,0,1,0,1,0,0,0,0.0
63,4,2,2.5972222222222223,49.01,129.35972222222222,18.0,0.19,0,360,504,2448,1.0,388,1,1,1,0,0,1,0,0,0,1,0,0,0,1,0,0,0,0,0,1,0,0,0,0,0,0,1,0,0,0,1,0,0,0,0.005
44,7,2,2.638888888888889,46.57541666666666,127.67597222222224,10.285714285714286,13.066465081831671,144,144,1008,6984,1.0,381,1,1,1,0,0,1,0,0,1,0,0,0,1,0,0,0,1,0,0,0,0,0,0,0,0,0,1,0,0,1,0,0,0,0,0.0
56,6,1,2.458333333333333,53.587916666666665,130.2623611111111,12.0,0.1,288,0,1296,2664,1.0,496,0,1,0,1,0,1,0,0,1,0,0,0,0,1,0,0,0,1,0,0,0,0,0,0,0,0,0,1,0,0,0,0,1,0,0.995
68,3,2,2.535211267605634,46.69802816901409,118.73774647887323,23.666666666666668,0.18,0,213,2485,5254,1.0,494,1,1,0,1,0,1,0,0,0,0,1,0,0,1,0,0,0,1,0,0,0,0,1,0,0,0,0,0,0,0,0,0,1,0,1.0
50,7,1,2.6944444444444446,49.13805555555555,135.52277777777778,10.285714285714286,0.14,144,0,2880,3312,1.0,373,1,1,0,1,0,0,1,0,0,0,1,0,0,1,0,1,0,0,0,0,0,0,0,0,0,0,1,0,0,0,0,0,1,0,0.0
25,9,2,2.555555555555556,50.91333333333333,130.42888888888888,8.0,0.02,144,0,2664,1584,1.0,376,0,1,0,1,0,1,0,0,0,1,0,0,0,0,1,1,0,0,0,0,0,0,1,0,0,0,0,0,0,0,0,1,0,0,0.0
69,11,3,2.5492957746478875,45.09352112676056,114.88704225352112,6.454545454545454,0.15,0,142,2556,5467,1.0,375,1,1,0,0,1,0,1,0,1,0,0,0,0,0,1,0,1,0,0,0,0,1,0,0,0,0,0,0,0,1,0,0,0,0,0.01
64,14,1,2.583333333333333,51.48763888888889,135.71944444444443,5.142857142857143,0.13,0,144,2448,1728,1.0,373,1,1,1,0,0,0,1,0,0,0,1,0,1,0,0,0,0,0,1,0,0,0,0,1,0,0,0,0,0,0,0,0,0,1,0.0
48,1,0,2.5,51.33972222222222,129.10319444444443,72.0,0.17,0,216,648,4752,1.0,381,1,1,1,0,0,0,0,1,0,1,0,0,0,0,1,1,0,0,0,0,0,0,0,0,1,0,0,0,0,0,0,0,1,0,0.005
61,2,4,2.333333333333333,50.31513888888889,117.39208333333332,36.0,0.24,216,0,2664,6120,1.0,499,1,1,1,0,0,0,1,0,0,0,1,0,0,1,0,0,0,1,0,0,0,0,0,0,0,0,0,0,1,0,0,0,1,0,0.995
35,9,4,2.611111111111111,49.159444444444446,130.30652777777777,8.0,0.27,288,0,3456,6624,1.0,377,1,1,1,0,0,1,0,0,0,1,0,0,0,1,0,0,0,1,0,0,0,1,0,0,0,0,0,0,0,0,1,0,0,0,0.005
32,5,3,2.375,48.616527777777776,112.85458333333332,14.4,0.23,216,0,1656,936,1.0,370,0,1,0,0,1,1,0,0,1,0,0,0,1,0,0,0,1,0,0,0,1,0,0,0,0,0,0,0,0,1,0,0,0,0,0.0
30,1,0,2.591549295774648,54.51859154929578,143.21309859154928,71.0,0.15,0,213,3337,1988,1.0,372,1,1,0,1,0,0,0,1,1,0,0,0,1,0,0,0,0,1,0,0,0,1,0,0,0,0,0,0,0,0,0,0,1,0,0.02
42,15,0,2.6901408450704225,48.54464788732395,129.54183098591548,4.733333333333333,0.15,0,71,3266,3266,1.0,370,1,1,1,0,0,1,0,0,0,1,0,1,0,0,0,1,0,0,0,0,0,1,0,0,0,0,0,0,0,0,0,0,0,1,0.005
23,5,4,2.4788732394366195,44.71704225352112,112.76647887323944,14.2,11.14976367097843,710,568,852,3479,1.0,378,1,1,0,0,1,1,0,0,0,1,0,0,1,0,0,1,0,0,0,0,0,0,0,0,0,0,0,0,1,0,0,1,0,0,0.005
37,1,3,2.6338028169014085,51.42323943661973,135.88845070422536,71.0,14.179033576724732,142,0,2627,1775,1.0,378,0,1,0,0,1,1,0,0,1,0,0,0,0,0,1,0,0,0,0,1,0,1,0,0,0,0,0,0,0,0,0,0,1,0,0.01
55,2,1,2.267605633802817,48.54450704225352,109.47323943661972,35.5,0.23,213,0,568,5751,1.0,490,1,1,0,1,0,1,0,0,1,0,0,0,0,1,0,0,0,0,0,1,0,0,0,0,0,0,0,0,1,1,0,0,0,0,0.975
24,2,4,2.4444444444444446,47.79027777777778,117.19402777777776,36.0,10.783070662780508,576,576,2160,1944,1.0,370,0,1,0,0,1,0,0,1,0,0,1,0,1,0,0,0,1,0,0,0,0,0,0,0,0,0,1,0,0,0,0,1,0,0,0.005
39,14,4,2.638888888888889,49.283750000000005,126.47680555555556,5.142857142857143,0.08,144,0,1152,6624,1.0,490,0,1,0,0,1,1,0,0,0,0,1,0,0,0,1,0,1,0,0,0,0,0,0,0,0,0,0,1,0,0,1,0,0,0,1.0
58,4,4,2.736111111111111,47.813141271636844,129.15300238274796,18.0,0.2580616565587949,160,50,2807,2212,0.5555555555555556,884,0,1,0,0,1,0,1,0,0,1,0,0,0,0,1,0,0,0,0,1,0,1,0,0,0,0,0,0,0,0,0,0,0,0,0.14
51,13,4,2.611111111111111,49.81263888888889,128.17152777777778,5.538461538461538,11.450168057204277,504,720,2808,4104,1.0,378,0,1,1,0,0,0,1,0,0,1,0,0,1,0,0,0,0,0,1,0,1,0,0,0,0,0,0,0,0,0,1,0,0,0,0.0
57,9,3,3.112676056338028,47.45339476642204,149.14650784270322,7.888888888888888,0.2722900650569842,159,77,2200,5331,0.6338028169014085,527,1,1,0,0,1,0,0,1,0,1,0,0,0,0,1,0,0,1,0,0,0,0,0,1,0,0,0,0,0,0,0,0,0,0,0.82
58,13,1,2.591549295774648,49.48394366197184,128.74690140845073,5.461538461538462,12.497540224720405,568,213,568,2627,1.0,373,1,1,0,0,1,0,1,0,0,1,0,0,0,1,0,0,0,0,0,1,0,0,0,0,0,1,0,0,0,0,0,1,0,0,0.0
46,14,2,2.5,48.58902777777777,118.13888888888889,5.142857142857143,0.27,0,216,1080,2880,1.0,383,1,1,0,0,1,1,0,0,0,1,0,0,0,0,1,0,0,0,1,0,0,1,0,0,0,0,0,0,0,0,0,0,1,0,0.0
23,7,4,2.625,50.420138888888886,131.06861111111112,10.285714285714286,6.967388763654297,72,0,1224,4824,1.0,379,1,1,0,0,1,0,0,1,0,1,0,0,1,0,0,1,0,0,0,0,0,0,0,1,0,0,0,0,0,0,0,0,1,0,0.0
32,5,3,2.3943661971830985,51.6756338028169,127.7411267605634,14.2,0.23,213,0,1633,923,1.0,375,0,1,0,0,1,1,0,0,1,0,0,0,1,0,0,0,1,0,0,0,0,0,0,0,0,0,1,0,0,1,0,0,0,0,0.01
48,1,0,2.680555555555556,49.406527777777775,136.4802777777778,72.0,0.17,0,216,648,4752,1.0,379,1,1,1,0,0,0,0,1,0,1,0,0,0,0,1,1,0,0,0,0,0,1,0,0,0,0,0,0,0,0,1,0,0,0,0.0
55,7,1,2.4444444444444446,54.304027777777776,133.20805555555555,10.285714285714286,0.12,144,0,2448,7344,1.0,374,1,1,0,0,1,0,1,0,0,0,1,0,0,1,0,0,0,0,1,0,0,0,0,0,0,1,0,0,0,0,0,0,0,1,0.0
42,4,2,2.486111111111111,51.35652777777778,128.20097222222222,18.0,0.23,216,0,1728,1440,1.0,371,0,1,1,0,0,0,0,1,0,0,1,0,0,1,0,1,0,0,0,0,0,0,0,1,0,0,0,0,0,0,1,0,0,0,0.0
49,2,0,2.8028169014084505,48.21887323943662,134.30774647887324,35.5,0.11,284,0,2769,2201,1.0,387,1,1,0,0,1,0,0,1,1,0,0,1,0,0,0,1,0,0,0,0,0,0,0,1,0,0,0,0,0,1,0,0,0,0,0.005
68,3,3,2.619718309859155,52.463802816901406,138.8676056338028,23.666666666666668,0.04,284,0,639,3337,1.0,382,0,1,1,0,0,0,1,0,0,0,1,0,1,0,0,0,0,0,1,0,0,0,0,0,0,0,1,0,0,0,1,0,0,0,0.01
43,12,0,2.486111111111111,50.83097222222222,126.01,6.0,0.08,360,0,2520,1368,1.0,495,0,1,0,0,1,0,1,0,0,0,1,0,0,0,1,0,0,0,0,1,0,0,0,1,0,0,0,0,0,0,0,1,0,0,0.985
62,1,2,2.464788732394366,51.03915492957747,124.89408450704224,71.0,0.12,284,0,426,5325,1.0,491,1,1,1,0,0,0,1,0,0,1,0,0,0,0,1,1,0,0,0,0,0,0,0,0,1,0,0,0,0,0,0,0,1,0,0.99
26,15,3,2.619718309859155,51.41084507042254,133.33169014084507,4.733333333333333,0.09,213,0,1633,2698,1.0,374,1,1,0,0,1,0,0,1,1,0,0,0,0,1,0,1,0,0,0,0,0,0,0,0,0,0,1,0,0,0,0,0,1,0,0.0
60,6,2,2.5694444444444446,51.04083333333333,129.165,12.0,0.12,360,0,3096,2016,1.0,375,0,1,0,1,0,0,1,0,0,0,1,0,0,1,0,0,0,0,1,0,0,0,0,0,0,0,0,0,1,0,0,1,0,0,0.0
60,7,4,2.486111111111111,52.51708333333333,132.1915277777778,10.285714285714286,0.22,216,0,720,3024,1.0,380,1,1,0,1,0,1,0,0,0,1,0,1,0,0,0,1,0,0,0,0,0,1,0,0,0,0,0,0,0,0,0,0,0,1,0.01
57,1,1,2.563380281690141,50.10042253521127,127.9674647887324,71.0,0.23,0,213,3266,4828,1.0,491,0,1,0,1,0,0,1,0,0,1,0,0,0,1,0,0,0,0,1,0,1,0,0,0,0,0,0,0,0,0,1,0,0,0,0.965
19,10,4,2.638888888888889,52.57472222222222,138.55513888888888,7.199999999999999,0.22,0,288,648,5544,1.0,384,1,1,1,0,0,0,0,1,1,0,0,0,0,0,1,1,0,0,0,0,0,0,0,0,0,0,0,1,0,0,1,0,0,0,0.005
35,9,4,2.513888888888889,49.98583333333333,123.07041666666666,8.0,0.27,288,0,3456,6624,1.0,370,1,1,1,0,0,1,0,0,0,1,0,0,0,1,0,0,0,1,0,0,0,0,0,0,1,0,0,0,0,0,1,0,0,0,0.005
36,6,4,2.555555555555556,51.78847222222223,132.89652777777778,12.0,0.16,360,0,1656,5040,1.0,381,1,1,0,0,1,1,0,0,0,1,0,1,0,0,0,0,0,0,0,1,1,0,0,0,0,0,0,0,0,1,0,0,0,0,0.005
47,10,3,2.5211267605633805,49.10746478873239,122.2438028169014,7.1,0.12,142,0,1704,3834,1.0,382,0,1,0,0,1,0,0,1,1,0,0,0,0,0,1,0,1,0,0,0,0,0,0,0,0,1,0,0,0,0,1,0,0,0,0.005
63,9,0,3.2253521126760565,50.78080984955251,167.9070069942414,7.888888888888888,0.2630459233198174,125,100,2342,2567,0.6901408450704225,545,1,1,0,0,1,0,0,1,1,0,0,1,0,0,0,0,1,0,0,0,0,0,0,1,0,0,0,0,0,0,1,0,0,0,0.1
58,1,1,2.23943661971831,51.52943661971831,115.86281690140844,71.0,0.03,0,355,1562,4899,1.0,495,1,1,1,0,0,0,1,0,1,0,0,0,0,1,0,1,0,0,0,0,0,0,0,0,0,0,0,1,0,0,0,0,1,0,0.96
38,8,2,2.563380281690141,48.85802816901408,122.29690140845072,8.875,11.0820626280203,213,497,355,1207,1.0,375,0,1,1,0,0,1,0,0,1,0,0,0,0,1,0,0,0,1,0,0,0,0,0,0,1,0,0,0,0,0,0,1,0,0,0.0
45,5,4,2.563380281690141,52.43746478873239,133.33985915492957,14.2,0.06,213,0,1633,7171,1.0,372,0,1,0,0,1,0,0,1,1,0,0,0,0,0,1,0,1,0,0,0,0,0,0,0,0,0,0,1,0,0,1,0,0,0,0.0
36,14,1,2.492957746478873,51.0730985915493,127.22352112676056,5.071428571428571,0.23,142,0,1704,6177,1.0,386,1,1,0,0,1,1,0,0,0,0,1,0,0,0,1,0,0,1,0,0,0,0,0,0,0,0,0,0,1,0,0,0,0,1,0.035
53,3,2,2.486111111111111,50.95180555555556,125.22722222222222,24.0,0.11,0,144,3240,3240,1.0,370,1,1,0,1,0,0,1,0,1,0,0,1,0,0,0,0,0,0,1,0,0,0,1,0,0,0,0,0,0,0,1,0,0,0,0.005
67,9,1,2.5492957746478875,53.18577464788733,137.386338028169,7.888888888888888,0.16,142,0,2343,2556,1.0,494,1,1,0,1,0,0,0,1,0,1,0,0,0,0,1,0,0,1,0,0,0,0,0,0,0,0,0,0,1,0,1,0,0,0,0.99
25,15,1,2.5492957746478875,51.970140845070425,130.0423943661972,4.733333333333333,0.29,0,426,710,6887,1.0,370,0,1,0,1,0,0,0,1,0,0,1,0,1,0,0,1,0,0,0,0,0,0,0,0,0,0,0,0,1,0,1,0,0,0,0.01
33,7,4,2.4507042253521125,53.63154929577465,135.94957746478875,10.142857142857142,0.29,71,0,2130,2343,1.0,382,0,1,0,0,1,0,1,0,1,0,0,0,0,0,1,0,0,0,1,0,0,0,0,0,1,0,0,0,0,0,1,0,0,0,0.0
22,14,4,2.535211267605634,49.43422535211268,121.70788732394368,5.071428571428571,0.2,213,0,2698,5112,1.0,492,1,1,0,1,0,1,0,0,0,1,0,1,0,0,0,0,1,0,0,0,0,0,1,0,0,0,0,0,0,0,0,1,0,0,1.0
26,4,2,2.4788732394366195,48.38971830985916,123.84239436619715,17.75,0.21,284,0,852,3195,1.0,378,0,1,0,0,1,0,1,0,0,1,0,1,0,0,0,0,0,1,0,0,0,0,0,0,0,0,0,1,0,0,0,1,0,0,0.005
34,13,4,2.5211267605633805,51.220140845070425,131.42492957746478,5.461538461538462,0.09,142,0,3337,5183,1.0,372,1,1,0,0,1,1,0,0,0,1,0,1,0,0,0,0,0,1,0,0,1,0,0,0,0,0,0,0,0,0,0,0,1,0,0.005
52,6,3,2.492957746478873,48.99788732394366,125.78478873239436,11.833333333333334,0.17,142,0,1349,1704,1.0,504,1,1,0,1,0,1,0,0,0,1,0,1,0,0,0,0,0,0,0,1,0,0,0,0,0,0,0,0,1,0,0,0,0,1,0.995
45,6,4,2.486111111111111,53.22444444444445,128.6375,12.0,10.205508242254684,0,504,1800,5472,1.0,381,1,1,0,1,0,1,0,0,0,0,1,0,0,0,1,0,0,1,0,0,0,0,0,0,1,0,0,0,0,1,0,0,0,0,0.0
24,1,1,2.4788732394366195,49.19338028169014,122.543661971831,71.0,0.16,0,213,1136,1136,1.0,378,1,1,0,1,0,0,1,0,0,1,0,1,0,0,0,0,1,0,0,0,1,0,0,0,0,0,0,0,0,1,0,0,0,0,0.01
50,9,2,2.323943661971831,49.97450704225352,116.80056338028167,7.888888888888888,0.22,355,0,1136,3408,1.0,370,1,1,1,0,0,0,1,0,0,0,1,1,0,0,0,1,0,0,0,0,0,0,0,1,0,0,0,0,0,1,0,0,0,0,0.0
68,3,2,2.4788732394366195,49.122394366197184,121.53816901408447,23.666666666666668,0.18,0,213,2485,5254,1.0,495,1,1,0,1,0,1,0,0,0,0,1,0,0,1,0,0,0,1,0,0,0,1,0,0,0,0,0,0,0,0,0,0,1,0,0.995
55,1,4,2.4722222222222223,51.24611111111111,122.95125,72.0,11.963909765832623,576,288,2520,3600,1.0,371,0,1,0,0,1,0,1,0,1,0,0,0,0,1,0,1,0,0,0,0,0,0,0,0,0,0,1,0,0,0,0,0,0,1,0.005
27,6,4,2.591549295774648,56.24098591549296,147.4194366197183,11.833333333333334,0.25,0,142,1491,2627,1.0,495,1,1,0,0,1,0,1,0,0,0,1,0,1,0,0,1,0,0,0,0,1,0,0,0,0,0,0,0,0,0,0,0,1,0,0.985
37,15,4,2.75,49.92972222222223,134.11944444444444,4.8,0.22,0,144,2808,7056,1.0,505,0,1,0,1,0,0,1,0,0,1,0,0,0,1,0,0,0,1,0,0,0,0,0,1,0,0,0,0,0,1,0,0,0,0,1.0
20,13,1,2.4166666666666665,49.53777777777778,118.61930555555556,5.538461538461538,0.28,288,0,720,6552,1.0,371,0,1,0,0,1,1,0,0,1,0,0,0,0,1,0,0,1,0,0,0,0,0,0,0,0,1,0,0,0,0,1,0,0,0,0.0
46,13,4,2.9722222222222223,50.79989583792466,152.44822918962328,5.538461538461538,0.2229424805250057,151,63,3023,4169,0.6388888888888888,768,0,1,0,0,1,1,0,0,0,0,1,1,0,0,0,0,0,0,1,0,1,0,0,0,0,0,0,0,0,0,0,0,1,0,0.785
55,1,4,2.6619718309859155,51.26112676056338,134.4981690140845,71.0,11.963909765832623,568,284,2485,3550,1.0,372,0,1,0,0,1,0,1,0,1,0,0,0,0,1,0,1,0,0,0,0,1,0,0,0,0,0,0,0,0,1,0,0,0,0,0.0
34,15,2,2.647887323943662,48.94676056338028,126.74169014084508,4.733333333333333,0.07,284,0,1846,1917,1.0,501,1,1,0,1,0,0,1,0,0,0,1,1,0,0,0,0,1,0,0,0,0,0,0,1,0,0,0,0,0,0,1,0,0,0,0.995
56,6,4,2.625,48.60069444444444,124.89,12.0,11.519955264740332,504,216,3312,1368,1.0,379,0,1,0,1,0,1,0,0,0,0,1,0,1,0,0,0,0,0,0,1,0,1,0,0,0,0,0,0,0,1,0,0,0,0,0.0
70,9,0,2.4722222222222223,50.79527777777778,122.16125,8.0,0.2,0,504,1080,2376,1.0,373,0,1,0,0,1,0,0,1,1,0,0,0,0,0,1,1,0,0,0,0,0,0,1,0,0,0,0,0,0,0,0,0,0,1,0.005
68,3,2,2.507042253521127,52.88957746478873,132.22140845070422,23.666666666666668,0.18,0,213,2485,5254,1.0,498,1,1,0,1,0,1,0,0,0,0,1,0,0,1,0,0,0,1,0,0,0,0,0,0,0,0,0,0,1,0,1,0,0,0,1.0
32,15,2,2.708333333333333,51.29027777777778,141.9372222222222,4.8,0.28,0,144,3168,6264,1.0,378,1,1,1,0,0,0,1,0,0,0,1,0,0,0,1,0,1,0,0,0,1,0,0,0,0,0,0,0,0,0,0,1,0,0,0.02
68,11,4,2.361111111111111,51.66694444444445,122.02958333333332,6.545454545454546,0.07,72,0,2880,1728,1.0,515,1,1,1,0,0,0,1,0,0,0,1,0,0,1,0,0,0,1,0,0,1,0,0,0,0,0,0,0,0,0,1,0,0,0,0.99
48,3,0,2.535211267605634,54.60929577464789,135.7450704225352,23.666666666666668,0.3,142,0,3266,3195,1.0,492,1,1,1,0,0,0,0,1,0,1,0,0,0,0,1,0,0,0,0,1,0,0,0,1,0,0,0,0,0,1,0,0,0,0,0.985
33,5,4,2.8472222222222223,46.91605311547855,134.65530067540152,14.4,0.354002046188376,156,59,863,1787,0.5833333333333334,656,0,1,1,0,0,0,1,0,0,1,0,0,0,0,1,0,1,0,0,0,0,0,0,1,0,0,0,0,0,0,0,0,0,0,0.12
32,5,3,2.4722222222222223,49.90763888888889,125.02888888888889,14.4,0.23,216,0,1656,936,1.0,382,0,1,0,0,1,1,0,0,1,0,0,0,1,0,0,0,1,0,0,0,0,0,1,0,0,0,0,0,0,0,0,0,0,1,0.005
33,12,3,2.535211267605634,45.319154929577465,116.8681690140845,5.916666666666667,12.716348056920523,568,639,2201,2982,1.0,370,0,1,0,0,1,0,1,0,0,0,1,0,0,0,1,0,1,0,0,0,0,0,0,0,0,0,0,1,0,0,0,1,0,0,0.0
43,12,2,2.492957746478873,51.95042253521127,127.70028169014084,5.916666666666667,0.12,213,0,3053,2627,1.0,505,1,1,0,1,0,0,1,0,1,0,0,0,0,1,0,0,0,0,0,1,0,0,0,0,0,0,1,0,0,0,0,1,0,0,0.985
49,14,4,2.4027777777777777,51.74069444444444,124.91166666666666,5.142857142857143,0.22,144,0,2016,1944,1.0,504,1,1,1,0,0,0,0,1,0,1,0,1,0,0,0,0,1,0,0,0,0,0,1,0,0,0,0,0,0,0,0,1,0,0,1.0
33,8,0,2.3943661971830985,52.32338028169014,125.62788732394368,8.875,11.40714310886413,355,142,3053,2201,1.0,374,0,1,1,0,0,0,0,1,1,0,0,0,0,0,1,0,0,1,0,0,1,0,0,0,0,0,0,0,0,1,0,0,0,0,0.0
26,13,1,2.5492957746478875,49.28295774647888,124.55112676056336,5.461538461538462,0.15,497,0,2840,6674,1.0,490,1,1,0,1,0,0,0,1,0,1,0,0,0,1,0,0,0,0,1,0,0,0,0,0,0,0,0,1,0,1,0,0,0,0,0.995
63,4,2,2.583333333333333,53.17819444444444,139.17902777777778,18.0,0.19,0,360,504,2448,1.0,378,1,1,1,0,0,1,0,0,0,1,0,0,0,1,0,0,0,0,0,1,0,0,0,0,1,0,0,0,0,0,0,0,0,1,0.0
57,9,1,3.013888888888889,48.435716028496,146.46149680914664,8.0,0.2163574131314654,161,58,2807,1940,0.625,664,1,1,0,1,0,1,0,0,0,0,1,0,1,0,0,0,0,0,1,0,0,0,0,0,0,0,0,1,0,0,0,0,0,0,0.71
54,4,4,2.732394366197183,47.417605633802815,136.78056338028168,17.75,0.01,213,0,3337,4757,1.0,384,1,1,1,0,0,0,0,1,1,0,0,0,0,1,0,0,1,0,0,0,0,0,1,0,0,0,0,0,0,1,0,0,0,0,0.01
36,6,4,2.680555555555556,53.739583333333336,147.55041666666665,12.0,0.16,360,0,1656,5040,1.0,374,1,1,0,0,1,1,0,0,0,1,0,1,0,0,0,0,0,0,0,1,0,1,0,0,0,0,0,0,0,1,0,0,0,0,0.0
41,3,3,3.055555555555556,49.69515987773859,157.98795864436607,24.0,0.2529696306029242,161,65,3455,3386,0.5972222222222222,692,1,1,0,1,0,1,0,0,1,0,0,1,0,0,0,1,0,0,0,0,0,0,0,1,0,0,0,0,0,0,0,0,0,0,0.065
40,15,3,2.4507042253521125,54.55859154929577,135.2781690140845,4.733333333333333,0.16,426,0,2769,2059,1.0,502,0,1,0,0,1,0,0,1,1,0,0,0,0,0,1,0,0,1,0,0,0,0,0,0,1,0,0,0,0,0,0,1,0,0,0.965
49,14,4,2.583333333333333,52.31805555555556,136.21625,5.142857142857143,0.22,144,0,2016,1944,1.0,512,1,1,1,0,0,0,0,1,0,1,0,1,0,0,0,0,1,0,0,0,0,0,0,1,0,0,0,0,0,0,1,0,0,0,0.995
62,6,3,2.486111111111111,49.79027777777778,123.7486111111111,12.0,0.26,0,144,1584,4968,1.0,506,0,1,0,0,1,0,0,1,0,0,1,0,0,1,0,1,0,0,0,0,1,0,0,0,0,0,0,0,0,0,0,0,1,0,1.0
57,10,0,2.6619718309859155,51.53577464788732,138.4674647887324,7.1,0.27,0,284,710,7384,1.0,375,0,1,0,1,0,1,0,0,0,0,1,1,0,0,0,0,0,1,0,0,0,0,0,1,0,0,0,0,0,0,0,0,0,1,0.005
44,15,2,2.352112676056338,52.50985915492957,122.30338028169012,4.733333333333333,0.06,213,0,2343,3976,1.0,504,1,1,0,0,1,0,0,1,0,0,1,0,0,0,1,0,1,0,0,0,0,0,0,0,0,0,0,0,1,0,0,0,1,0,1.0
19,10,4,2.388888888888889,49.34194444444445,119.0488888888889,7.199999999999999,0.22,0,288,648,5544,1.0,373,1,1,1,0,0,0,0,1,1,0,0,0,0,0,1,1,0,0,0,0,0,0,0,0,1,0,0,0,0,0,0,0,1,0,0.0
44,14,4,2.513888888888889,50.94972222222222,131.83680555555554,5.142857142857143,14.913690070988231,648,576,1368,5544,1.0,384,0,1,0,1,0,1,0,0,1,0,0,1,0,0,0,0,0,0,0,1,0,0,0,0,0,1,0,0,0,0,0,0,0,1,0.0
49,14,1,2.5277777777777777,53.13569444444445,137.45069444444442,5.142857142857143,0.15,288,0,1512,7344,1.0,505,1,1,0,0,1,1,0,0,0,0,1,0,0,0,1,0,0,1,0,0,0,0,1,0,0,0,0,0,0,0,0,0,0,1,0.985
65,4,4,2.5211267605633805,54.32746478873239,138.4180281690141,17.75,9.824867521735362,426,142,1775,6461,1.0,373,0,1,0,0,1,1,0,0,0,1,0,0,1,0,0,0,0,0,0,1,0,0,0,1,0,0,0,0,0,1,0,0,0,0,0.015
21,7,1,2.676056338028169,49.7481690140845,130.1329577464789,10.142857142857142,14.671491085699952,497,213,426,994,1.0,373,1,1,1,0,0,1,0,0,1,0,0,1,0,0,0,0,0,1,0,0,1,0,0,0,0,0,0,0,0,0,0,0,1,0,0.005
46,13,4,2.638888888888889,48.58291666666666,128.41930555555555,5.538461538461538,0.3,144,0,3024,4104,1.0,492,0,1,0,0,1,1,0,0,0,0,1,1,0,0,0,0,0,0,1,0,0,0,0,0,1,0,0,0,0,0,0,1,0,0,0.995
47,9,2,2.875,48.254475863486256,142.10433697459737,8.0,0.2242861568892414,143,66,935,1646,0.6666666666666666,819,1,1,0,1,0,1,0,0,1,0,0,1,0,0,0,0,1,0,0,0,0,0,0,0,0,1,0,0,0,0,1,0,0,0,0.14
70,9,0,2.6338028169014085,43.30549295774648,117.24661971830986,7.888888888888888,0.2,0,497,1065,2343,1.0,372,0,1,0,0,1,0,0,1,1,0,0,0,0,0,1,1,0,0,0,0,0,0,0,0,0,0,1,0,0,0,0,1,0,0,0.01
36,14,1,2.309859154929577,54.24450704225352,127.9111267605634,5.071428571428571,0.23,142,0,1704,6177,1.0,379,1,1,0,0,1,1,0,0,0,0,1,0,0,0,1,0,0,1,0,0,0,1,0,0,0,0,0,0,0,0,0,1,0,0,0.025
21,1,3,2.513888888888889,51.06722222222223,127.49791666666668,72.0,6.493395409035405,648,216,720,936,1.0,378,1,1,0,1,0,0,1,0,0,1,0,0,0,0,1,0,1,0,0,0,0,0,0,0,0,0,1,0,0,0,1,0,0,0,0.0
64,7,1,2.9166666666666665,51.59321212254081,148.51550505714852,10.285714285714286,0.2261405696872747,122,86,719,2797,0.5833333333333334,917,0,1,0,0,1,0,1,0,0,1,0,0,1,0,0,0,1,0,0,0,0,0,1,0,0,0,0,0,0,0,0,0,0,0,0.805
25,1,3,2.943661971830986,48.84703746168076,143.59407013152116,71.0,0.3042041197636437,152,62,3194,3827,0.647887323943662,533,1,1,0,0,1,0,1,0,0,0,1,1,0,0,0,1,0,0,0,0,0,0,1,0,0,0,0,0,0,0,0,0,0,0,0.115
36,14,2,2.140845070422535,53.72591549295775,114.00450704225352,5.071428571428571,11.44651528717226,71,710,1420,5680,1.0,371,1,1,1,0,0,0,0,1,0,0,1,0,0,1,0,1,0,0,0,0,0,0,0,0,0,0,0,1,0,1,0,0,0,0,0.01
49,14,1,2.352112676056338,49.60464788732394,118.60788732394366,5.071428571428571,0.15,284,0,1491,7242,1.0,494,1,1,0,0,1,1,0,0,0,0,1,0,0,0,1,0,0,1,0,0,0,1,0,0,0,0,0,0,0,0,0,0,1,0,0.99
41,11,4,2.4444444444444446,47.97625,116.09222222222222,6.545454545454546,0.26,72,0,2160,6336,1.0,370,1,1,0,0,1,1,0,0,0,1,0,0,0,1,0,0,0,0,1,0,0,0,1,0,0,0,0,0,0,1,0,0,0,0,0.0
36,5,4,2.6944444444444446,49.44638888888889,128.04208333333335,14.4,6.181456079389093,648,72,720,5256,1.0,374,0,1,1,0,0,1,0,0,0,0,1,0,0,1,0,0,0,0,1,0,1,0,0,0,0,0,0,0,0,0,0,0,1,0,0.0
34,15,3,2.4722222222222223,50.05708333333334,121.47958333333334,4.8,0.17,0,144,1944,3600,1.0,373,0,1,0,1,0,0,1,0,0,0,1,0,1,0,0,0,1,0,0,0,0,0,0,1,0,0,0,0,0,1,0,0,0,0,0.015
64,7,0,2.3661971830985915,50.92647887323944,125.17239436619718,10.142857142857142,13.921825677566243,284,142,2698,1136,1.0,371,1,1,1,0,0,1,0,0,0,0,1,1,0,0,0,1,0,0,0,0,1,0,0,0,0,0,0,0,0,0,0,0,0,1,0.005
23,9,4,2.5694444444444446,46.824305555555554,126.13375,8.0,0.1,0,216,2808,6264,1.0,501,1,1,0,1,0,0,1,0,1,0,0,1,0,0,0,0,1,0,0,0,0,0,0,0,1,0,0,0,0,1,0,0,0,0,0.995
53,15,2,2.6666666666666665,49.89152777777778,131.34277777777777,4.8,0.04,0,216,1008,6552,1.0,509,0,1,1,0,0,0,1,0,0,0,1,1,0,0,0,1,0,0,0,0,1,0,0,0,0,0,0,0,0,1,0,0,0,0,1.0
24,9,2,2.591549295774648,47.7774647887324,129.65845070422534,7.888888888888888,0.29,284,0,1704,1420,1.0,372,0,1,1,0,0,1,0,0,0,0,1,0,1,0,0,0,0,1,0,0,1,0,0,0,0,0,0,0,0,0,1,0,0,0,0.0
70,7,1,2.4166666666666665,52.837916666666665,128.3863888888889,10.285714285714286,0.26,144,0,720,4464,1.0,370,1,1,0,0,1,0,0,1,0,1,0,0,0,1,0,0,0,0,0,1,0,1,0,0,0,0,0,0,0,0,0,1,0,0,0.0
20,13,1,2.535211267605634,50.75760563380282,129.5591549295775,5.461538461538462,0.28,284,0,710,6461,1.0,370,0,1,0,0,1,1,0,0,1,0,0,0,0,1,0,0,1,0,0,0,0,1,0,0,0,0,0,0,0,1,0,0,0,0,0.0
58,12,1,2.5492957746478875,48.34211267605634,122.20549295774649,5.916666666666667,0.18,71,0,639,4899,1.0,490,0,1,1,0,0,0,1,0,0,1,0,0,0,0,1,0,0,0,0,1,0,0,1,0,0,0,0,0,0,0,0,1,0,0,1.0
60,6,2,2.6619718309859155,49.53323943661972,130.04535211267606,11.833333333333334,0.12,355,0,3053,1988,1.0,373,0,1,0,1,0,0,1,0,0,0,1,0,0,1,0,0,0,0,1,0,0,0,1,0,0,0,0,0,0,1,0,0,0,0,0.0
40,8,3,2.5694444444444446,51.39513888888889,129.98944444444444,9.0,12.152893382918927,216,144,936,4896,1.0,370,1,1,1,0,0,1,0,0,0,0,1,0,1,0,0,0,0,1,0,0,0,0,0,0,0,0,0,1,0,0,0,0,1,0,0.0
34,15,2,2.6527777777777777,47.14680555555556,124.1138888888889,4.8,0.07,288,0,1872,1944,1.0,498,1,1,0,1,0,0,1,0,0,0,1,1,0,0,0,0,1,0,0,0,1,0,0,0,0,0,0,0,0,0,0,0,0,1,1.0
60,4,0,2.583333333333333,51.1025,130.10000000000002,18.0,0.15,0,144,2016,4896,1.0,376,0,1,0,1,0,0,0,1,0,1,0,0,0,0,1,0,1,0,0,0,0,0,0,0,0,0,1,0,0,0,1,0,0,0,0.0
60,8,0,2.492957746478873,49.23169014084507,121.383661971831,8.875,0.15,0,142,1278,5467,1.0,370,1,1,0,0,1,1,0,0,0,1,0,0,0,0,1,0,0,0,0,1,0,0,0,0,0,0,0,0,1,0,0,0,1,0,0.0
25,1,2,2.458333333333333,51.77652777777777,129.7373611111111,72.0,0.13,216,0,1512,4968,1.0,496,0,1,1,0,0,0,0,1,0,0,1,1,0,0,0,0,0,0,1,0,0,0,0,0,0,0,0,0,1,0,1,0,0,0,1.0
33,10,1,2.5277777777777777,46.61305555555556,122.98902777777776,7.199999999999999,0.16,72,0,1368,6480,1.0,492,1,1,1,0,0,0,1,0,1,0,0,0,0,1,0,0,0,1,0,0,0,0,1,0,0,0,0,0,0,1,0,0,0,0,1.0
34,11,0,2.5,49.41486111111111,120.78486111111113,6.545454545454546,10.060466925235062,72,504,648,3744,1.0,376,1,1,0,1,0,1,0,0,0,1,0,0,1,0,0,1,0,0,0,0,0,0,0,0,0,0,0,0,1,0,0,0,0,1,0.0
18,13,0,3.1690140845070425,51.29884449000146,164.9246191378888,5.461538461538462,0.3342029473693433,141,97,2271,5975,0.6056338028169014,528,1,1,0,0,1,0,1,0,0,0,1,0,1,0,0,0,1,0,0,0,0,1,0,0,0,0,0,0,0,0,0,0,0,0,0.1
49,15,3,2.676056338028169,51.60929577464789,141.3832394366197,4.733333333333333,0.17,284,0,3124,1917,1.0,501,1,1,0,1,0,0,0,1,0,0,1,0,0,0,1,0,1,0,0,0,0,0,0,1,0,0,0,0,0,1,0,0,0,0,0.995
22,2,3,2.4722222222222223,45.62902777777778,112.26902777777778,36.0,0.24,0,360,1656,5904,1.0,497,0,1,0,1,0,0,1,0,0,1,0,0,0,1,0,0,0,0,0,1,0,0,0,0,0,0,0,0,1,0,0,0,1,0,0.985
46,13,4,2.5277777777777777,48.03541666666667,121.29305555555555,5.538461538461538,0.3,144,0,3024,4104,1.0,490,0,1,0,0,1,1,0,0,0,0,1,1,0,0,0,0,0,0,1,0,0,1,0,0,0,0,0,0,0,0,1,0,0,0,0.995
50,12,2,2.5416666666666665,47.2825,115.6086111111111,6.0,0.19,288,0,1512,2520,1.0,373,0,1,0,1,0,0,0,1,1,0,0,0,0,0,1,0,1,0,0,0,0,0,0,0,0,0,1,0,0,1,0,0,0,0,0.035
18,3,3,2.492957746478873,48.38647887323944,121.0892957746479,23.666666666666668,0.3,284,0,1704,5538,1.0,496,0,1,0,1,0,1,0,0,0,1,0,0,0,0,1,1,0,0,0,0,0,0,0,0,0,1,0,0,0,0,0,1,0,0,0.99
70,3,2,2.583333333333333,50.66555555555556,132.32458333333335,24.0,0.03,144,0,1512,5256,1.0,371,0,1,0,0,1,1,0,0,0,1,0,0,0,0,1,0,0,0,1,0,0,0,1,0,0,0,0,0,0,0,0,1,0,0,0.0
64,12,3,3.140845070422535,51.06067811487339,163.6833541712114,5.916666666666667,0.3367104117424493,172,57,2200,5263,0.6056338028169014,463,1,1,1,0,0,0,0,1,1,0,0,0,1,0,0,0,0,1,0,0,0,1,0,0,0,0,0,0,0,0,0,0,0,0,0.74
28,10,2,2.5416666666666665,51.776944444444446,133.98194444444445,7.199999999999999,0.02,0,216,3312,5256,1.0,372,1,1,1,0,0,0,0,1,0,0,1,0,1,0,0,0,1,0,0,0,0,1,0,0,0,0,0,0,0,0,1,0,0,0,0.005
50,9,2,2.388888888888889,47.92805555555556,114.2459722222222,8.0,0.22,360,0,1152,3456,1.0,371,1,1,1,0,0,0,1,0,0,0,1,1,0,0,0,1,0,0,0,0,0,0,0,0,0,1,0,0,0,0,0,0,1,0,0.005
49,8,4,2.647887323943662,52.75056338028169,139.44661971830985,8.875,0.05,142,0,1349,1065,1.0,495,1,1,0,0,1,0,1,0,0,0,1,0,1,0,0,0,1,0,0,0,0,0,0,0,0,1,0,0,0,0,0,0,0,1,0.985
44,9,1,2.555555555555556,47.12305555555556,116.45430555555556,8.0,0.08,432,0,1584,4320,1.0,375,0,1,0,1,0,1,0,0,0,0,1,0,1,0,0,0,1,0,0,0,0,0,0,0,1,0,0,0,0,0,0,1,0,0,0.005
70,3,2,2.6901408450704225,47.84830985915493,129.90535211267607,23.666666666666668,0.03,142,0,1491,5183,1.0,389,0,1,0,0,1,1,0,0,0,1,0,0,0,0,1,0,0,0,1,0,0,1,0,0,0,0,0,0,0,0,1,0,0,0,0.005
52,9,1,2.611111111111111,52.01291666666666,132.35805555555555,8.0,0.11,144,0,1512,5616,1.0,372,1,1,0,0,1,0,0,1,0,0,1,1,0,0,0,0,0,0,0,1,0,0,1,0,0,0,0,0,0,0,0,0,0,1,0.005
52,1,4,2.4166666666666665,52.403055555555554,131.0213888888889,72.0,0.06,72,0,3600,5688,1.0,495,0,1,1,0,0,0,1,0,0,0,1,1,0,0,0,0,1,0,0,0,0,0,0,0,0,0,0,1,0,0,1,0,0,0,1.0
40,2,0,2.422535211267605,50.31577464788733,124.11901408450706,35.5,0.08,142,0,1278,5964,1.0,373,0,1,0,1,0,1,0,0,0,0,1,0,0,1,0,0,0,0,0,1,0,0,0,0,0,1,0,0,0,0,0,1,0,0,0.005
36,14,2,2.492957746478873,47.04788732394366,117.21676056338028,5.071428571428571,11.44651528717226,71,710,1420,5680,1.0,371,1,1,1,0,0,0,0,1,0,0,1,0,0,1,0,1,0,0,0,0,0,0,0,0,0,0,0,1,0,1,0,0,0,0,0.0
40,10,4,2.375,48.31180555555555,115.27249999999998,7.199999999999999,0.0,0,216,2304,6192,1.0,370,1,1,1,0,0,0,1,0,0,0,1,0,1,0,0,0,0,0,0,1,0,0,1,0,0,0,0,0,0,0,0,1,0,0,0.005
29,14,4,2.591549295774648,49.8456338028169,130.33718309859157,5.071428571428571,0.03,142,0,1278,6887,1.0,370,1,1,1,0,0,0,1,0,0,0,1,0,1,0,0,0,0,0,0,1,0,0,0,1,0,0,0,0,0,0,0,0,1,0,0.005
57,9,4,2.555555555555556,49.65930555555556,128.57541666666668,8.0,0.05,216,0,3672,3744,1.0,494,0,1,0,0,1,1,0,0,1,0,0,0,1,0,0,0,0,0,1,0,0,0,1,0,0,0,0,0,0,0,0,0,0,1,1.0
49,5,3,2.816901408450704,51.77057718660994,146.6191687359057,14.2,0.3144297756793212,138,71,2555,4601,0.4788732394366197,543,1,1,0,0,1,0,0,1,1,0,0,1,0,0,0,1,0,0,0,0,0,0,1,0,0,0,0,0,0,0,0,0,0,0,0.77
68,15,1,2.422535211267605,50.21422535211268,121.46352112676055,4.733333333333333,0.1,284,0,852,3621,1.0,375,1,1,1,0,0,0,1,0,0,0,1,1,0,0,0,1,0,0,0,0,0,0,0,0,0,0,1,0,0,0,1,0,0,0,0.005
58,4,4,2.430555555555556,46.68277777777777,110.55236111111113,18.0,7.040439272233234,720,288,2736,2016,1.0,370,0,1,0,0,1,0,1,0,0,1,0,0,0,0,1,0,0,0,0,1,0,0,1,0,0,0,0,0,0,1,0,0,0,0,0.0
33,5,4,2.422535211267605,49.3112676056338,118.96929577464788,14.2,0.13,0,284,852,1846,1.0,375,0,1,1,0,0,0,1,0,0,1,0,0,0,0,1,0,1,0,0,0,0,1,0,0,0,0,0,0,0,0,1,0,0,0,0.005
65,4,4,2.5,50.63819444444445,126.52152777777776,18.0,9.824867521735362,432,144,1800,6552,1.0,373,0,1,0,0,1,1,0,0,0,1,0,0,1,0,0,0,0,0,0,1,0,0,1,0,0,0,0,0,0,0,0,0,1,0,0.0
59,1,3,2.422535211267605,50.418169014084505,122.89338028169014,71.0,0.02,71,0,2840,1420,1.0,370,1,1,1,0,0,0,0,1,1,0,0,0,0,1,0,1,0,0,0,0,0,0,0,0,0,0,0,1,0,1,0,0,0,0,0.0
49,5,0,2.5416666666666665,51.77666666666667,128.55680555555557,14.4,0.08,0,216,2232,1656,1.0,491,1,1,1,0,0,1,0,0,0,1,0,0,0,0,1,0,1,0,0,0,0,0,0,1,0,0,0,0,0,0,0,1,0,0,0.98
49,6,2,2.583333333333333,51.528194444444445,129.36277777777778,12.0,9.366820202264352,504,72,720,2232,1.0,370,1,1,1,0,0,1,0,0,0,0,1,0,0,1,0,0,1,0,0,0,0,0,1,0,0,0,0,0,0,0,0,0,0,1,0.0
68,3,3,2.492957746478873,50.78492957746479,127.41971830985916,23.666666666666668,0.04,284,0,639,3337,1.0,373,0,1,1,0,0,0,1,0,0,0,1,0,1,0,0,0,0,0,1,0,0,0,1,0,0,0,0,0,0,0,0,1,0,0,0.005
40,8,3,2.4166666666666665,50.84347222222223,121.45555555555556,9.0,0.15,0,144,3600,1944,1.0,506,0,1,0,1,0,0,1,0,0,0,1,1,0,0,0,0,0,0,1,0,0,0,0,0,0,0,1,0,0,1,0,0,0,0,0.99
58,5,2,2.422535211267605,44.754366197183096,112.83084507042253,14.2,0.28,213,0,3479,1491,1.0,380,0,1,1,0,0,0,0,1,0,0,1,1,0,0,0,0,0,0,0,1,0,0,1,0,0,0,0,0,0,0,0,0,1,0,0.005
26,12,0,2.309859154929577,46.61633802816901,105.5423943661972,5.916666666666667,0.29,284,0,2840,6177,1.0,372,0,1,0,0,1,0,0,1,0,0,1,1,0,0,0,0,0,1,0,0,0,0,0,0,0,1,0,0,0,1,0,0,0,0,0.005
55,10,4,2.492957746478873,51.14718309859155,131.63338028169014,7.1,0.04,0,71,3408,5893,1.0,378,0,1,1,0,0,0,0,1,0,0,1,0,0,1,0,0,1,0,0,0,0,1,0,0,0,0,0,0,0,0,1,0,0,0,0.0
23,11,2,3.111111111111111,49.94302757310577,158.80127695908976,6.545454545454546,0.2438410159415404,143,94,1439,1588,0.5972222222222222,681,0,1,0,0,1,0,0,1,0,1,0,0,0,1,0,1,0,0,0,0,0,0,1,0,0,0,0,0,0,0,0,0,0,0,0.765
24,2,4,2.464788732394366,52.72845070422535,130.37380281690142,35.5,10.783070662780508,568,568,2130,1917,1.0,372,0,1,0,0,1,0,0,1,0,0,1,0,1,0,0,0,1,0,0,0,0,0,1,0,0,0,0,0,0,1,0,0,0,0,0.0
46,2,2,2.464788732394366,53.15394366197183,132.07661971830987,35.5,0.12,0,142,852,2982,1.0,371,1,1,1,0,0,1,0,0,0,0,1,0,0,0,1,0,1,0,0,0,0,0,0,1,0,0,0,0,0,0,0,0,1,0,0.005
40,10,3,2.4166666666666665,49.90236111111111,124.21152777777776,7.199999999999999,0.14,0,144,2376,4968,1.0,374,1,1,0,0,1,0,0,1,0,0,1,0,1,0,0,0,0,0,0,1,0,0,0,0,0,0,1,0,0,0,0,0,0,1,0.01
63,10,4,2.464788732394366,50.85633802816902,126.17464788732394,7.1,0.11,213,0,1846,3834,1.0,521,0,1,0,0,1,1,0,0,1,0,0,0,0,0,1,0,0,1,0,0,0,0,0,0,0,0,1,0,0,0,1,0,0,0,0.995
25,15,1,2.605633802816901,50.64661971830986,131.4438028169014,4.733333333333333,0.29,0,426,710,6887,1.0,370,0,1,0,1,0,0,0,1,0,0,1,0,1,0,0,1,0,0,0,0,1,0,0,0,0,0,0,0,0,1,0,0,0,0,0.0
54,15,1,2.75,56.125,154.80319444444444,4.8,8.864371006316826,576,144,2592,3456,1.0,380,0,1,0,1,0,1,0,0,1,0,0,0,1,0,0,0,0,0,1,0,1,0,0,0,0,0,0,0,0,0,1,0,0,0,0.0
61,8,1,2.583333333333333,44.97444444444445,117.08402777777776,9.0,0.17,360,0,2808,1944,1.0,490,1,1,0,0,1,0,1,0,0,1,0,0,0,1,0,0,1,0,0,0,0,0,0,0,0,0,1,0,0,0,1,0,0,0,0.985
26,5,3,2.535211267605634,47.4774647887324,118.99577464788732,14.2,0.29,0,142,2059,1633,1.0,498,0,1,1,0,0,0,0,1,0,1,0,0,1,0,0,0,0,0,0,1,0,0,0,0,0,0,0,0,1,0,0,1,0,0,0.995
30,1,0,2.430555555555556,45.70625,111.91652777777776,72.0,0.15,0,216,3384,2016,1.0,371,1,1,0,1,0,0,0,1,1,0,0,0,1,0,0,0,0,1,0,0,0,1,0,0,0,0,0,0,0,1,0,0,0,0,0.01
33,12,3,2.3380281690140845,51.00676056338028,118.76521126760564,5.916666666666667,0.15,71,0,1278,5396,1.0,373,1,1,0,0,1,0,0,1,0,0,1,0,0,1,0,1,0,0,0,0,0,1,0,0,0,0,0,0,0,1,0,0,0,0,0.015
47,11,1,2.958333333333333,53.47653139423379,150.26514973825692,6.545454545454546,0.2419224644121264,151,64,2159,5826,0.4861111111111111,800,0,1,1,0,0,0,1,0,0,0,1,0,0,1,0,0,1,0,0,0,0,0,0,0,0,1,0,0,0,0,0,0,0,0,0.155
49,5,0,2.805555555555556,47.76708333333333,135.53597222222223,14.4,0.08,0,216,2232,1656,1.0,492,1,1,1,0,0,1,0,0,0,1,0,0,0,0,1,0,1,0,0,0,0,0,0,0,1,0,0,0,0,1,0,0,0,0,0.97
68,15,1,2.507042253521127,55.34901408450705,136.5556338028169,4.733333333333333,0.1,284,0,852,3621,1.0,370,1,1,1,0,0,0,1,0,0,0,1,1,0,0,0,1,0,0,0,0,0,0,0,0,0,1,0,0,0,0,0,0,1,0,0.005
23,9,3,2.352112676056338,50.64746478873239,113.45211267605634,7.888888888888888,0.18,355,0,2556,3763,1.0,495,1,1,0,1,0,1,0,0,0,1,0,0,0,0,1,0,0,0,1,0,0,0,0,0,0,0,1,0,0,0,0,1,0,0,0.995
51,13,4,2.9166666666666665,48.44271345495721,143.9922427087177,5.538461538461538,0.2969467785722816,153,70,2879,4310,0.5833333333333334,748,0,1,1,0,0,0,1,0,0,1,0,0,1,0,0,0,0,0,1,0,0,1,0,0,0,0,0,0,0,0,0,0,0,0,0.125
22,14,0,2.6338028169014085,53.17971830985916,141.6225352112676,5.071428571428571,0.02,71,0,2840,1775,1.0,373,0,1,1,0,0,1,0,0,1,0,0,0,0,0,1,0,0,1,0,0,0,0,1,0,0,0,0,0,0,0,0,1,0,0,0.005
47,3,4,2.2816901408450705,50.448873239436615,116.08830985915492,23.666666666666668,0.06,284,0,639,1775,1.0,507,0,1,0,1,0,1,0,0,1,0,0,0,0,0,1,0,1,0,0,0,0,0,1,0,0,0,0,0,0,0,0,0,1,0,0.975
64,14,1,2.430555555555556,50.39041666666667,122.015,5.142857142857143,0.13,0,144,2448,1728,1.0,372,1,1,1,0,0,0,1,0,0,0,1,0,1,0,0,0,0,0,1,0,0,0,1,0,0,0,0,0,0,1,0,0,0,0,0.0
41,11,2,2.5416666666666665,48.56375,119.87375,6.545454545454546,0.28,0,144,1728,4896,1.0,370,1,1,1,0,0,0,1,0,0,1,0,1,0,0,0,0,0,0,0,1,0,0,0,1,0,0,0,0,0,1,0,0,0,0,0.015
52,12,4,2.591549295774648,50.35633802816902,129.21704225352113,5.916666666666667,0.2,355,0,426,7171,1.0,501,0,1,0,0,1,1,0,0,1,0,0,0,0,0,1,0,0,0,0,1,0,0,0,0,0,0,1,0,0,0,0,0,0,1,1.0
30,14,1,2.7916666666666665,53.26569444444445,146.82125,5.142857142857143,0.25,72,0,2736,5688,1.0,503,1,1,1,0,0,0,1,0,1,0,0,0,0,1,0,0,0,1,0,0,0,0,0,0,0,0,0,0,1,0,1,0,0,0,0.96
19,11,0,2.555555555555556,50.09333333333333,127.6902777777778,6.545454545454546,0.25,0,144,1296,4248,1.0,370,1,1,0,0,1,0,1,0,1,0,0,1,0,0,0,0,0,0,1,0,1,0,0,0,0,0,0,0,0,0,0,0,1,0,0.0
34,15,2,2.5,48.09041666666667,119.28277777777778,4.8,0.07,288,0,1872,1944,1.0,502,1,1,0,1,0,0,1,0,0,0,1,1,0,0,0,0,1,0,0,0,0,0,0,0,0,1,0,0,0,0,0,1,0,0,1.0
37,1,4,2.619718309859155,51.30098591549296,130.7125352112676,71.0,8.974730559275262,710,568,2982,3124,1.0,371,0,1,0,0,1,0,0,1,0,0,1,1,0,0,0,1,0,0,0,0,0,0,1,0,0,0,0,0,0,0,0,1,0,0,0.0
66,11,2,2.591549295774648,52.56535211267605,134.34408450704225,6.454545454545454,0.29,284,0,2343,6816,1.0,509,0,1,0,1,0,1,0,0,1,0,0,0,1,0,0,0,0,0,1,0,0,0,0,1,0,0,0,0,0,0,0,1,0,0,0.975
27,4,0,2.555555555555556,49.482083333333335,123.79555555555557,18.0,0.2,0,288,1296,5760,1.0,373,1,1,1,0,0,1,0,0,1,0,0,0,0,0,1,0,0,0,0,1,0,0,0,1,0,0,0,0,0,0,0,1,0,0,0.015
43,6,1,2.563380281690141,53.68295774647888,135.83267605633804,11.833333333333334,0.11,142,0,2414,5396,1.0,371,1,1,0,0,1,1,0,0,0,1,0,0,1,0,0,0,0,0,1,0,0,0,0,0,0,0,0,0,1,1,0,0,0,0,0.0
49,14,4,2.5211267605633805,49.36647887323944,123.8061971830986,5.071428571428571,0.22,142,0,1988,1917,1.0,496,1,1,1,0,0,0,0,1,0,1,0,1,0,0,0,0,1,0,0,0,0,0,0,0,0,0,1,0,0,1,0,0,0,0,1.0
27,7,1,2.305555555555556,45.95916666666667,102.69680555555556,10.285714285714286,0.29,72,0,2664,2232,1.0,379,1,1,0,1,0,1,0,0,1,0,0,0,0,0,1,1,0,0,0,0,0,0,0,0,0,0,0,1,0,0,0,1,0,0,0.015
54,4,4,2.2916666666666665,50.21666666666667,113.185,18.0,0.01,216,0,3384,4824,1.0,371,1,1,1,0,0,0,0,1,1,0,0,0,0,1,0,0,1,0,0,0,0,0,1,0,0,0,0,0,0,0,0,1,0,0,0.0
34,15,2,2.4507042253521125,51.29042253521126,126.54295774647886,4.733333333333333,0.07,284,0,1846,1917,1.0,511,1,1,0,1,0,0,1,0,0,0,1,1,0,0,0,0,1,0,0,0,1,0,0,0,0,0,0,0,0,0,0,1,0,0,0.995
24,9,2,2.736111111111111,49.47222222222222,133.8925,8.0,0.29,288,0,1728,1440,1.0,386,0,1,1,0,0,1,0,0,0,0,1,0,1,0,0,0,0,1,0,0,0,1,0,0,0,0,0,0,0,0,1,0,0,0,0.0
34,13,4,2.563380281690141,51.50098591549296,131.40718309859156,5.461538461538462,0.09,142,0,3337,5183,1.0,384,1,1,0,0,1,1,0,0,0,1,0,1,0,0,0,0,0,1,0,0,0,0,0,1,0,0,0,0,0,0,1,0,0,0,0.0
52,10,0,2.3943661971830985,50.96577464788733,123.4338028169014,7.1,0.24,0,284,3195,3408,1.0,378,0,1,1,0,0,0,1,0,0,0,1,0,1,0,0,1,0,0,0,0,0,1,0,0,0,0,0,0,0,0,1,0,0,0,0.0
56,10,2,2.4027777777777777,49.749027777777776,118.72,7.199999999999999,0.28,0,216,3384,2088,1.0,492,0,1,0,1,0,0,0,1,0,0,1,0,0,0,1,1,0,0,0,0,0,0,0,0,0,1,0,0,0,0,0,1,0,0,0.995
70,1,2,2.605633802816901,54.08649194591148,142.43212574872837,71.0,0.2884688848433594,144,57,1632,4302,0.5915492957746479,468,0,1,1,0,0,1,0,0,1,0,0,0,0,1,0,0,0,1,0,0,1,0,0,0,0,0,0,0,0,0,0,0,0,0,0.1
49,11,4,2.4507042253521125,52.17478873239436,127.70154929577464,6.454545454545454,10.416272228669367,213,355,2840,4615,1.0,371,0,1,0,1,0,0,0,1,0,1,0,1,0,0,0,0,0,0,0,1,0,0,0,0,0,0,1,0,0,0,0,1,0,0,0.0
48,3,0,2.464788732394366,47.16112676056338,116.09098591549296,23.666666666666668,0.3,142,0,3266,3195,1.0,495,1,1,1,0,0,0,0,1,0,1,0,0,0,0,1,0,0,0,0,1,0,0,0,0,0,0,1,0,0,1,0,0,0,0,0.99
21,7,1,2.3943661971830985,48.04549295774648,115.8661971830986,10.142857142857142,14.671491085699952,497,213,426,994,1.0,372,1,1,1,0,0,1,0,0,1,0,0,1,0,0,0,0,0,1,0,0,0,1,0,0,0,0,0,0,0,0,0,0,0,1,0.0
37,13,0,2.430555555555556,53.723194444444445,133.07805555555558,5.538461538461538,13.203249225295048,720,360,1440,1872,1.0,370,1,1,0,0,1,0,0,1,0,0,1,0,0,1,0,0,0,1,0,0,0,0,0,0,0,0,0,1,0,0,0,1,0,0,0.0
49,3,1,2.4722222222222223,45.03986111111111,109.63125,24.0,0.26,0,72,3456,6552,1.0,378,0,1,0,0,1,1,0,0,0,1,0,0,0,1,0,0,1,0,0,0,0,1,0,0,0,0,0,0,0,1,0,0,0,0,0.005
40,15,4,2.563380281690141,50.098028169014086,128.6,4.733333333333333,0.18,284,0,3337,4615,1.0,370,0,1,0,1,0,0,1,0,1,0,0,0,0,0,1,1,0,0,0,0,0,0,0,0,1,0,0,0,0,0,1,0,0,0,0.0
19,9,3,3.295774647887324,50.0867712141126,166.2431092422816,7.888888888888888,0.3337501873067873,167,76,1774,2079,0.5915492957746479,468,1,1,1,0,0,1,0,0,0,0,1,0,1,0,0,0,0,0,1,0,0,1,0,0,0,0,0,0,0,0,0,0,0,0,0.115
36,14,0,2.458333333333333,50.63027777777778,124.4498611111111,5.142857142857143,12.27544002550685,360,648,576,1872,1.0,370,0,1,0,0,1,0,0,1,0,0,1,0,1,0,0,0,0,1,0,0,0,0,0,1,0,0,0,0,0,0,1,0,0,0,0.0
23,9,4,2.458333333333333,49.27569444444444,121.68694444444444,8.0,0.1,0,216,2808,6264,1.0,504,1,1,0,1,0,0,1,0,1,0,0,1,0,0,0,0,1,0,0,0,0,0,0,0,0,0,0,1,0,0,1,0,0,0,0.99
49,6,1,2.486111111111111,52.49263888888888,131.38541666666666,12.0,0.15,432,0,1008,5616,1.0,401,1,1,1,0,0,0,0,1,1,0,0,0,0,1,0,0,1,0,0,0,1,0,0,0,0,0,0,0,0,0,0,1,0,0,0.005
58,11,2,2.422535211267605,50.06380281690141,125.086338028169,6.454545454545454,0.18,0,213,1065,7171,1.0,491,0,1,0,0,1,0,0,1,0,1,0,0,0,0,1,0,1,0,0,0,0,0,0,0,1,0,0,0,0,0,0,0,1,0,1.0
61,6,3,2.763888888888889,48.35875,132.6265277777778,12.0,0.19,288,0,3024,1872,1.0,377,1,1,1,0,0,1,0,0,0,1,0,0,1,0,0,0,0,0,0,1,0,0,0,1,0,0,0,0,0,0,1,0,0,0,0.02
49,5,4,2.555555555555556,50.10527777777778,127.74625,14.4,0.02,144,0,3312,1008,1.0,372,0,1,1,0,0,0,1,0,0,0,1,0,0,1,0,1,0,0,0,0,0,0,0,0,0,0,1,0,0,0,0,0,1,0,0.0
18,13,0,2.7222222222222223,51.49513888888889,139.39291666666668,5.538461538461538,0.18,288,0,2304,6120,1.0,371,1,1,0,0,1,0,1,0,0,0,1,0,1,0,0,0,1,0,0,0,0,0,0,0,0,0,0,0,1,0,0,0,1,0,0.01
61,11,4,2.647887323943662,49.95084507042253,132.9285915492958,6.454545454545454,0.22,71,0,3124,7100,1.0,370,0,1,0,1,0,1,0,0,1,0,0,0,0,1,0,0,0,0,1,0,0,0,0,0,1,0,0,0,0,0,0,1,0,0,0.02
66,11,2,2.563380281690141,48.74295774647887,130.98647887323943,6.454545454545454,5.520176522913397,497,71,3195,4402,1.0,370,1,1,0,0,1,1,0,0,0,1,0,0,0,1,0,0,0,1,0,0,0,0,1,0,0,0,0,0,0,0,0,0,1,0,0.0
25,1,3,2.5277777777777777,52.16972222222223,132.74027777777778,72.0,0.17,504,0,3240,4176,1.0,391,1,1,0,0,1,0,1,0,0,0,1,1,0,0,0,1,0,0,0,0,0,0,1,0,0,0,0,0,0,0,1,0,0,0,0.0
36,6,4,2.361111111111111,49.90486111111111,115.04375,12.0,0.16,360,0,1656,5040,1.0,371,1,1,0,0,1,1,0,0,0,1,0,1,0,0,0,0,0,0,0,1,1,0,0,0,0,0,0,0,0,0,0,1,0,0,0.0
52,7,1,2.3943661971830985,52.2943661971831,127.65704225352113,10.142857142857142,0.2,142,0,1704,1349,1.0,370,1,1,0,1,0,0,1,0,1,0,0,1,0,0,0,0,0,0,0,1,0,0,0,0,0,0,0,1,0,0,0,1,0,0,0.0
20,13,1,2.6666666666666665,45.50291666666666,124.51527777777778,5.538461538461538,0.28,288,0,720,6552,1.0,371,0,1,0,0,1,1,0,0,1,0,0,0,0,1,0,0,1,0,0,0,0,1,0,0,0,0,0,0,0,0,1,0,0,0,0.0
70,9,4,2.464788732394366,47.97718309859155,118.9038028169014,7.888888888888888,0.16,142,0,1349,3905,1.0,499,1,1,0,1,0,0,1,0,0,1,0,0,0,1,0,0,0,0,0,1,1,0,0,0,0,0,0,0,0,0,0,0,0,1,1.0
68,6,2,2.5277777777777777,49.68291666666667,122.24277777777776,12.0,0.08,144,0,3456,3240,1.0,491,1,1,0,0,1,0,0,1,0,1,0,0,0,0,1,0,0,0,1,0,0,0,1,0,0,0,0,0,0,0,0,0,1,0,0.995
36,6,4,2.5211267605633805,47.73647887323944,121.82281690140846,11.833333333333334,0.16,355,0,1633,4970,1.0,372,1,1,0,0,1,1,0,0,0,1,0,1,0,0,0,0,0,0,0,1,1,0,0,0,0,0,0,0,0,1,0,0,0,0,0.0
63,4,2,2.5774647887323945,48.35943661971831,127.34197183098593,17.75,0.19,0,355,497,2414,1.0,377,1,1,1,0,0,1,0,0,0,1,0,0,0,1,0,0,0,0,0,1,1,0,0,0,0,0,0,0,0,0,1,0,0,0,0.0
65,7,1,2.763888888888889,52.37458333333333,144.00472222222223,10.285714285714286,0.18,0,144,576,6696,1.0,490,0,1,1,0,0,0,1,0,1,0,0,0,0,0,1,0,0,1,0,0,0,0,0,0,0,0,0,0,1,1,0,0,0,0,0.96
40,8,0,2.638888888888889,50.215833333333336,132.40319444444447,9.0,0.25,288,0,2232,7416,1.0,371,0,1,0,1,0,1,0,0,0,1,0,1,0,0,0,0,0,0,0,1,0,0,1,0,0,0,0,0,0,0,1,0,0,0,0.0
22,6,2,2.5277777777777777,51.33361111111111,130.16722222222222,12.0,0.02,0,288,2736,4248,1.0,371,1,1,0,1,0,0,1,0,0,0,1,0,1,0,0,0,0,1,0,0,0,0,0,0,0,0,0,0,1,0,0,0,0,1,0.0
51,13,3,2.323943661971831,48.33788732394366,111.44943661971833,5.461538461538462,0.08,284,0,3621,1065,1.0,371,1,1,0,1,0,0,1,0,0,1,0,1,0,0,0,1,0,0,0,0,1,0,0,0,0,0,0,0,0,0,0,0,0,1,0.005
52,10,0,2.5416666666666665,50.99819444444445,131.22833333333335,7.199999999999999,0.24,0,288,3240,3456,1.0,372,0,1,1,0,0,0,1,0,0,0,1,0,1,0,0,1,0,0,0,0,0,0,0,1,0,0,0,0,0,1,0,0,0,0,0.0
31,4,4,2.513888888888889,51.7525,130.8625,18.0,0.18,0,144,1584,7272,1.0,371,1,1,1,0,0,0,0,1,1,0,0,1,0,0,0,0,0,0,0,1,0,0,1,0,0,0,0,0,0,0,0,0,1,0,0.005
33,5,4,2.704225352112676,50.190000000000005,134.88478873239436,14.2,0.13,0,284,852,1846,1.0,370,0,1,1,0,0,0,1,0,0,1,0,0,0,0,1,0,1,0,0,0,0,0,0,0,0,0,0,1,0,0,1,0,0,0,0.005
56,7,1,2.486111111111111,49.93527777777778,123.74444444444444,10.285714285714286,0.04,144,0,2088,6696,1.0,376,1,1,0,0,1,0,1,0,1,0,0,0,0,0,1,0,0,0,1,0,0,0,0,0,1,0,0,0,0,0,1,0,0,0,0.0
52,8,3,2.3661971830985915,47.66267605633803,106.25915492957746,8.875,5.539578469529545,426,426,3550,7100,1.0,375,1,1,1,0,0,0,0,1,1,0,0,0,0,1,0,0,0,0,0,1,0,1,0,0,0,0,0,0,0,1,0,0,0,0,0.0
39,14,4,2.380281690140845,48.359718309859154,115.44211267605633,5.071428571428571,0.08,142,0,1136,6532,1.0,494,0,1,0,0,1,1,0,0,0,0,1,0,0,0,1,0,1,0,0,0,0,0,0,0,0,0,0,0,1,0,0,1,0,0,0.99
45,2,4,2.4507042253521125,47.157042253521126,111.43605633802817,35.5,11.342879700165357,355,426,497,1491,1.0,382,0,1,1,0,0,1,0,0,0,1,0,0,0,0,1,0,0,0,1,0,0,0,0,0,0,0,0,0,1,0,0,1,0,0,0.0
36,14,1,2.611111111111111,47.84361111111111,124.7851388888889,5.142857142857143,0.23,144,0,1728,6264,1.0,378,1,1,0,0,1,1,0,0,0,0,1,0,0,0,1,0,0,1,0,0,0,0,0,0,0,0,1,0,0,1,0,0,0,0,0.015
69,4,2,2.555555555555556,47.51569444444445,121.40444444444444,18.0,0.22,144,0,2088,2376,1.0,490,1,1,0,0,1,1,0,0,1,0,0,0,0,1,0,0,1,0,0,0,0,1,0,0,0,0,0,0,0,0,1,0,0,0,0.97
43,9,0,2.333333333333333,45.90361111111111,106.05930555555555,8.0,12.012002113235292,216,504,2376,5040,1.0,370,0,1,0,1,0,0,1,0,0,0,1,0,0,0,1,1,0,0,0,0,0,0,0,0,0,1,0,0,0,0,0,1,0,0,0.0
21,11,4,2.4027777777777777,48.54597222222222,117.9401388888889,6.545454545454546,8.744172933134937,72,432,2304,4896,1.0,373,1,1,0,0,1,1,0,0,0,0,1,0,0,0,1,1,0,0,0,0,0,1,0,0,0,0,0,0,0,1,0,0,0,0,0.0
37,13,0,2.6666666666666665,50.64930555555556,136.78166666666667,5.538461538461538,13.203249225295048,720,360,1440,1872,1.0,371,1,1,0,0,1,0,0,1,0,0,1,0,0,1,0,0,0,1,0,0,0,0,0,0,1,0,0,0,0,1,0,0,0,0,0.0
64,14,1,2.859154929577465,53.58845592245624,156.58932186580228,5.071428571428571,0.2408105909649393,153,59,2413,1760,0.6338028169014085,506,1,1,1,0,0,0,1,0,0,0,1,0,1,0,0,0,0,0,1,0,0,0,0,1,0,0,0,0,0,0,0,0,0,0,0.135
52,9,3,2.513888888888889,50.06097222222222,126.0663888888889,8.0,0.25,144,0,2376,6048,1.0,496,1,1,1,0,0,0,1,0,1,0,0,1,0,0,0,0,0,1,0,0,0,0,0,0,0,0,1,0,0,0,1,0,0,0,0.98
19,3,0,2.2777777777777777,49.00597222222222,109.60694444444444,24.0,12.5241563290957,72,288,2808,6768,1.0,376,0,1,0,0,1,0,0,1,1,0,0,0,0,1,0,0,0,0,0,1,1,0,0,0,0,0,0,0,0,1,0,0,0,0,0.0
45,3,1,2.7746478873239435,48.011408450704224,134.08338028169015,23.666666666666668,0.25,142,0,3408,1349,1.0,373,0,1,0,1,0,0,1,0,0,1,0,0,0,1,0,0,0,0,1,0,0,0,0,0,0,0,1,0,0,0,1,0,0,0,0.0
66,11,2,2.436619718309859,48.54394366197183,119.27323943661972,6.454545454545454,5.520176522913397,497,71,3195,4402,1.0,373,1,1,0,0,1,1,0,0,0,1,0,0,0,1,0,0,0,1,0,0,0,0,0,0,0,1,0,0,0,0,1,0,0,0,0.005
62,6,2,2.638888888888889,46.99097222222222,125.55555555555556,12.0,0.25,216,0,2448,4248,1.0,371,0,1,0,0,1,0,1,0,0,1,0,0,1,0,0,0,0,1,0,0,0,0,1,0,0,0,0,0,0,0,0,0,0,1,0.0
26,12,0,2.6619718309859155,49.24197183098591,132.82915492957747,5.916666666666667,0.29,284,0,2840,6177,1.0,377,0,1,0,0,1,0,0,1,0,0,1,1,0,0,0,0,0,1,0,0,0,0,0,0,0,1,0,0,0,0,1,0,0,0,0.005
33,7,4,2.638888888888889,48.62791666666666,130.22736111111112,10.285714285714286,0.29,72,0,2160,2376,1.0,373,0,1,0,0,1,0,1,0,1,0,0,0,0,0,1,0,0,0,1,0,1,0,0,0,0,0,0,0,0,0,1,0,0,0,0.0
52,7,1,2.555555555555556,55.02125,141.4336111111111,10.285714285714286,0.2,144,0,1728,1368,1.0,373,1,1,0,1,0,0,1,0,1,0,0,1,0,0,0,0,0,0,0,1,0,0,0,0,0,0,0,1,0,1,0,0,0,0,0.025
46,12,4,2.375,50.78194444444445,122.78361111111111,6.0,0.07,0,288,2664,2736,1.0,506,0,1,0,0,1,1,0,0,1,0,0,1,0,0,0,0,0,1,0,0,0,0,1,0,0,0,0,0,0,0,0,1,0,0,1.0
21,3,4,2.430555555555556,50.646388888888886,121.52888888888889,24.0,0.14,0,216,2088,2376,1.0,371,0,1,0,0,1,0,1,0,0,0,1,0,0,1,0,0,0,1,0,0,0,0,1,0,0,0,0,0,0,1,0,0,0,0,0.0
55,12,4,2.5277777777777777,48.81055555555556,124.79722222222222,6.0,6.984031468775303,360,504,1080,5976,1.0,372,1,1,1,0,0,0,0,1,0,0,1,0,0,1,0,0,0,1,0,0,0,0,1,0,0,0,0,0,0,0,0,0,1,0,0.005
50,9,2,2.430555555555556,47.91569444444444,117.45416666666668,8.0,0.22,360,0,1152,3456,1.0,371,1,1,1,0,0,0,1,0,0,0,1,1,0,0,0,1,0,0,0,0,0,0,0,1,0,0,0,0,0,0,0,0,1,0,0.0
56,15,3,2.5972222222222223,50.784444444444446,128.64180555555558,4.8,0.17,216,0,3672,5184,1.0,501,0,1,0,0,1,0,0,1,0,0,1,0,0,1,0,0,0,0,0,1,0,0,0,0,0,0,1,0,0,0,0,0,1,0,0.995
57,2,1,2.563380281690141,49.59605633802817,127.61647887323944,35.5,0.05,0,142,1562,2130,1.0,371,0,1,0,1,0,1,0,0,0,1,0,0,0,1,0,0,0,0,0,1,1,0,0,0,0,0,0,0,0,0,0,1,0,0,0.005
70,3,2,2.4027777777777777,50.83472222222222,120.76013888888887,24.0,0.25,216,0,1440,4536,1.0,499,1,1,0,1,0,0,0,1,0,0,1,0,0,0,1,0,0,1,0,0,0,1,0,0,0,0,0,0,0,0,0,1,0,0,0.995
29,14,4,2.6338028169014085,51.42098591549296,134.26845070422536,5.071428571428571,0.03,142,0,1278,6887,1.0,371,1,1,1,0,0,0,1,0,0,0,1,0,1,0,0,0,0,0,0,1,1,0,0,0,0,0,0,0,0,0,1,0,0,0,0.005
24,2,4,2.375,50.72861111111112,124.46555555555555,36.0,10.783070662780508,576,576,2160,1944,1.0,385,0,1,0,0,1,0,0,1,0,0,1,0,1,0,0,0,1,0,0,0,0,1,0,0,0,0,0,0,0,0,0,0,1,0,0.0
60,10,1,2.76056338028169,50.829577464788734,142.5661971830986,7.1,0.05,213,0,2272,1846,1.0,531,0,1,0,1,0,0,0,1,1,0,0,0,0,1,0,0,0,0,1,0,0,1,0,0,0,0,0,0,0,0,1,0,0,0,0.985
33,1,1,2.943661971830986,49.40767494194473,143.75957300721552,71.0,0.3544890303347485,151,65,3265,2264,0.5774647887323944,565,1,1,0,0,1,1,0,0,0,0,1,0,1,0,0,0,0,0,0,1,1,0,0,0,0,0,0,0,0,0,0,0,0,0,0.715
51,1,3,2.704225352112676,46.83014084507042,125.57985915492958,71.0,5.800870915786277,639,426,2272,2982,1.0,371,0,1,0,0,1,1,0,0,0,1,0,0,0,1,0,0,1,0,0,0,0,1,0,0,0,0,0,0,0,0,0,0,1,0,0.0
43,12,4,2.333333333333333,49.955416666666665,114.47694444444444,6.0,0.07,216,0,1296,1296,1.0,500,0,1,0,0,1,0,1,0,1,0,0,0,0,1,0,0,0,0,1,0,0,0,0,1,0,0,0,0,0,0,0,0,1,0,0.99
55,7,1,2.380281690140845,52.96239436619718,125.91492957746478,10.142857142857142,0.12,142,0,2414,7242,1.0,375,1,1,0,0,1,0,1,0,0,0,1,0,0,1,0,0,0,0,1,0,1,0,0,0,0,0,0,0,0,1,0,0,0,0,0.015
58,1,0,2.3661971830985915,51.06816901408451,122.60394366197184,71.0,0.26,284,0,1704,2343,1.0,493,1,1,1,0,0,0,0,1,0,1,0,0,0,0,1,0,1,0,0,0,0,0,1,0,0,0,0,0,0,0,0,0,0,1,0.985
45,13,3,2.5211267605633805,48.57408450704226,122.90323943661971,5.461538461538462,0.15,142,0,3479,5325,1.0,371,0,1,0,1,0,1,0,0,0,1,0,0,0,0,1,0,0,1,0,0,0,0,0,0,0,1,0,0,0,1,0,0,0,0,0.015
25,10,4,2.676056338028169,49.54633802816901,128.94211267605633,7.1,0.15,284,0,639,6390,1.0,496,0,1,0,1,0,1,0,0,1,0,0,0,1,0,0,0,0,0,1,0,0,0,1,0,0,0,0,0,0,0,1,0,0,0,0.995
60,7,4,2.464788732394366,49.9125352112676,121.48718309859156,10.142857142857142,0.22,213,0,710,2982,1.0,371,1,1,0,1,0,1,0,0,0,1,0,1,0,0,0,1,0,0,0,0,0,0,0,0,1,0,0,0,0,0,0,1,0,0,0.02
67,9,1,3.295774647887324,53.50816707519835,178.12844682645303,7.888888888888888,0.3622552412370452,142,105,2342,2646,0.647887323943662,454,1,1,0,1,0,0,0,1,0,1,0,0,0,0,1,0,0,1,0,0,0,0,0,0,0,1,0,0,0,0,0,0,1,0,0.815
22,14,2,2.704225352112676,51.40647887323944,141.85676056338028,5.071428571428571,13.0802703786225,71,710,3337,2556,1.0,376,1,1,0,0,1,0,0,1,0,1,0,0,0,1,0,0,0,1,0,0,0,0,0,1,0,0,0,0,0,0,0,0,1,0,0.0
29,6,4,2.5211267605633805,52.92169014084507,132.71042253521128,11.833333333333334,0.09,0,497,710,4544,1.0,373,1,1,0,0,1,0,1,0,0,0,1,0,0,0,1,1,0,0,0,0,0,0,0,0,1,0,0,0,0,0,0,1,0,0,0.0
40,6,0,2.333333333333333,57.92666666666667,135.26333333333332,12.0,0.26,288,0,3384,1728,1.0,371,0,1,0,1,0,0,1,0,0,0,1,0,1,0,0,0,0,0,1,0,0,0,0,0,1,0,0,0,0,0,0,0,1,0,0.015
57,11,2,2.708333333333333,50.40208333333333,129.98486111111112,6.545454545454546,9.012593227967535,432,144,3384,6480,1.0,377,1,1,0,0,1,0,0,1,0,0,1,0,0,0,1,0,1,0,0,0,0,0,0,0,0,0,0,1,0,0,0,0,1,0,0.005
21,1,2,2.4722222222222223,47.33902777777777,117.45916666666666,72.0,9.921265665388862,72,648,3240,1800,1.0,370,0,1,0,1,0,0,1,0,0,1,0,0,0,1,0,0,1,0,0,0,1,0,0,0,0,0,0,0,0,0,0,1,0,0,0.0
58,11,2,2.676056338028169,52.39718309859155,141.85647887323944,6.454545454545454,0.18,0,213,1065,7171,1.0,498,0,1,0,0,1,0,0,1,0,1,0,0,0,0,1,0,1,0,0,0,0,0,1,0,0,0,0,0,0,0,0,0,1,0,0.99
22,15,2,2.5,50.27430555555556,123.29541666666668,4.8,0.1,360,0,2736,2736,1.0,374,0,1,0,1,0,0,1,0,1,0,0,0,1,0,0,0,0,1,0,0,0,1,0,0,0,0,0,0,0,0,0,0,0,1,0.005
57,10,1,3.333333333333333,49.09443485919899,165.1739798515505,7.199999999999999,0.3107960874910704,164,79,2447,4843,0.6111111111111112,864,1,1,0,1,0,1,0,0,1,0,0,0,0,0,1,0,0,1,0,0,0,0,0,1,0,0,0,0,0,0,0,0,0,0,0.785
23,5,4,2.676056338028169,50.70549295774648,136.89549295774648,14.2,11.14976367097843,710,568,852,3479,1.0,370,1,1,0,0,1,1,0,0,0,1,0,0,1,0,0,1,0,0,0,0,1,0,0,0,0,0,0,0,0,1,0,0,0,0,0.0
35,2,4,2.4166666666666665,51.18180555555556,124.89152777777778,36.0,6.744251972501145,216,432,1512,1800,1.0,376,1,1,0,1,0,1,0,0,0,0,1,1,0,0,0,1,0,0,0,0,1,0,0,0,0,0,0,0,0,1,0,0,0,0,0.0
68,11,4,2.5211267605633805,52.0212676056338,129.0570422535211,6.454545454545454,0.07,71,0,2840,1704,1.0,502,1,1,1,0,0,0,1,0,0,0,1,0,0,1,0,0,0,1,0,0,1,0,0,0,0,0,0,0,0,1,0,0,0,0,0.995
45,5,4,2.763888888888889,48.726527777777775,132.54569444444445,14.4,0.06,216,0,1656,7272,1.0,379,0,1,0,0,1,0,0,1,1,0,0,0,0,0,1,0,1,0,0,0,0,0,0,0,0,0,0,0,1,0,0,0,0,1,0.005
28,10,2,2.583333333333333,47.86569444444444,123.5027777777778,7.199999999999999,0.02,0,216,3312,5256,1.0,371,1,1,1,0,0,0,0,1,0,0,1,0,1,0,0,0,1,0,0,0,0,0,0,0,0,0,1,0,0,0,0,0,0,1,0.0
65,4,4,3.111111111111111,50.83583442833852,153.74111549113184,18.0,0.2700676044685466,161,67,1871,6772,0.5833333333333334,752,0,1,0,0,1,1,0,0,0,1,0,0,1,0,0,0,0,0,0,1,0,0,0,0,0,0,0,1,0,0,0,0,0,0,0.12
22,14,0,2.619718309859155,48.19929577464789,124.3680281690141,5.071428571428571,0.02,71,0,2840,1775,1.0,376,0,1,1,0,0,1,0,0,1,0,0,0,0,0,1,0,0,1,0,0,0,0,0,1,0,0,0,0,0,0,0,0,0,1,0.0
43,12,4,2.611111111111111,48.664281019650325,124.62131528117318,6.0,0.2463923503723813,131,58,1295,1265,0.5277777777777778,581,0,1,0,0,1,0,1,0,1,0,0,0,0,1,0,0,0,0,1,0,0,1,0,0,0,0,0,0,0,0,0,0,0,0,0.84
68,3,3,2.605633802816901,45.7943661971831,119.9607042253521,23.666666666666668,0.04,284,0,639,3337,1.0,375,0,1,1,0,0,0,1,0,0,0,1,0,1,0,0,0,0,0,1,0,0,1,0,0,0,0,0,0,0,0,0,1,0,0,0.0
31,8,4,2.583333333333333,50.22583333333333,128.36666666666667,9.0,0.13,144,0,3096,4680,1.0,381,0,1,0,0,1,1,0,0,0,0,1,1,0,0,0,0,0,0,1,0,0,0,0,0,0,0,0,1,0,0,0,0,0,1,0.0
22,10,4,2.4722222222222223,51.42625,130.7823611111111,7.199999999999999,0.13,144,0,648,7200,1.0,370,0,1,0,0,1,0,1,0,0,0,1,1,0,0,0,1,0,0,0,0,0,0,1,0,0,0,0,0,0,0,1,0,0,0,0.0
60,7,4,2.5211267605633805,51.96619718309859,130.70295774647886,10.142857142857142,0.22,213,0,710,2982,1.0,370,1,1,0,1,0,1,0,0,0,1,0,1,0,0,0,1,0,0,0,0,0,1,0,0,0,0,0,0,0,0,0,0,0,1,0.005
48,8,0,2.5416666666666665,49.66736111111111,129.27277777777778,9.0,0.03,144,0,2016,4176,1.0,370,0,1,1,0,0,0,1,0,0,1,0,1,0,0,0,0,0,0,0,1,0,1,0,0,0,0,0,0,0,0,0,0,1,0,0.0
60,5,4,2.5211267605633805,51.6587323943662,127.9938028169014,14.2,0.02,71,0,3479,3692,1.0,494,0,1,0,1,0,0,1,0,1,0,0,1,0,0,0,0,0,1,0,0,0,0,0,0,0,0,1,0,0,0,0,0,1,0,1.0
55,11,2,2.3194444444444446,51.75194444444444,115.6690277777778,6.545454545454546,0.09,0,72,3600,4896,1.0,504,0,1,1,0,0,0,1,0,0,0,1,0,0,1,0,0,1,0,0,0,0,0,0,0,0,0,0,1,0,0,0,1,0,0,0.98
18,9,3,2.4027777777777777,46.00069444444445,113.25791666666666,8.0,0.22,0,144,3600,4248,1.0,498,1,1,0,1,0,1,0,0,0,1,0,0,0,0,1,0,0,1,0,0,0,1,0,0,0,0,0,0,0,0,0,0,0,1,0.98
67,10,4,2.7464788732394365,43.63295774647887,118.14957746478876,7.1,0.23,213,0,2982,1846,1.0,504,1,1,1,0,0,1,0,0,1,0,0,1,0,0,0,0,0,0,1,0,1,0,0,0,0,0,0,0,0,0,1,0,0,0,0.995
55,4,4,2.619718309859155,48.10521126760564,129.62830985915494,17.75,6.927618209488768,355,426,426,4757,1.0,377,0,1,0,1,0,0,0,1,0,1,0,1,0,0,0,0,0,0,1,0,0,0,1,0,0,0,0,0,0,0,0,0,0,1,0.0
38,4,0,2.5,46.10958333333333,115.72083333333332,18.0,0.16,144,0,3384,2592,1.0,492,1,1,0,1,0,0,0,1,0,0,1,1,0,0,0,0,0,1,0,0,1,0,0,0,0,0,0,0,0,0,0,0,0,1,0.995
56,6,4,2.591549295774648,47.34042253521127,125.42971830985915,11.833333333333334,11.519955264740332,497,213,3266,1349,1.0,376,0,1,0,1,0,1,0,0,0,0,1,0,1,0,0,0,0,0,0,1,0,0,1,0,0,0,0,0,0,1,0,0,0,0,0.0
19,11,1,2.507042253521127,51.68732394366197,130.74985915492957,6.454545454545454,0.26,142,0,2840,4686,1.0,375,0,1,0,0,1,0,1,0,0,0,1,0,1,0,0,0,1,0,0,0,0,0,0,0,0,0,0,0,1,1,0,0,0,0,0.005
49,14,4,2.555555555555556,47.88111111111111,123.49888888888889,5.142857142857143,0.22,144,0,2016,1944,1.0,495,1,1,1,0,0,0,0,1,0,1,0,1,0,0,0,0,1,0,0,0,0,0,0,0,0,0,0,1,0,1,0,0,0,0,1.0
39,14,4,2.638888888888889,51.8175,138.715,5.142857142857143,0.01,216,0,3024,4752,1.0,502,1,1,0,0,1,0,0,1,0,0,1,1,0,0,0,0,0,0,1,0,0,1,0,0,0,0,0,0,0,0,0,0,1,0,0.99
20,13,1,2.5694444444444446,47.11819444444445,121.21541666666668,5.538461538461538,0.28,288,0,720,6552,1.0,370,0,1,0,0,1,1,0,0,1,0,0,0,0,1,0,0,1,0,0,0,0,1,0,0,0,0,0,0,0,0,0,1,0,0,0.0
70,10,1,2.4507042253521125,49.43830985915493,122.94971830985916,7.1,0.14,213,0,2982,6177,1.0,511,0,1,0,0,1,0,0,1,0,0,1,1,0,0,0,0,0,0,0,1,0,0,0,0,1,0,0,0,0,1,0,0,0,0,1.0
61,8,1,2.888888888888889,52.10597222222222,152.38347222222222,9.0,0.17,360,0,2808,1944,1.0,492,1,1,0,0,1,0,1,0,0,1,0,0,0,1,0,0,1,0,0,0,1,0,0,0,0,0,0,0,0,0,0,0,1,0,0.97
34,9,2,2.323943661971831,47.33408450704225,110.36450704225352,7.888888888888888,14.663665891596189,568,0,1704,5254,1.0,373,0,1,1,0,0,1,0,0,1,0,0,0,1,0,0,0,0,1,0,0,0,0,0,0,0,0,1,0,0,0,1,0,0,0,0.0
40,6,1,2.605633802816901,50.73788732394366,131.3670422535211,11.833333333333334,0.14,142,0,2982,4473,1.0,382,1,1,0,1,0,0,0,1,1,0,0,0,0,0,1,0,0,1,0,0,1,0,0,0,0,0,0,0,0,0,0,1,0,0,0.0
31,13,4,2.5972222222222223,51.34527777777778,131.57125,5.538461538461538,0.16,144,0,3096,5184,1.0,374,0,1,1,0,0,0,1,0,0,1,0,0,0,1,0,1,0,0,0,0,0,1,0,0,0,0,0,0,0,0,0,0,1,0,0.0
20,2,1,2.8194444444444446,47.289223333587096,134.381672223491,36.0,0.3423482296757922,138,75,2663,3294,0.5833333333333334,855,0,1,0,0,1,0,1,0,0,0,1,0,0,1,0,0,0,0,0,1,0,0,1,0,0,0,0,0,0,0,0,0,0,0,0.13
39,6,3,2.555555555555556,51.095,127.36861111111112,12.0,9.576744180930373,0,432,504,6264,1.0,372,1,1,1,0,0,0,1,0,0,0,1,0,1,0,0,0,1,0,0,0,0,0,0,0,0,0,0,0,1,0,0,1,0,0,0.0
49,6,0,2.3472222222222223,51.29708333333333,120.06166666666668,12.0,9.298732098924075,288,720,1368,6696,1.0,377,0,1,1,0,0,0,0,1,0,0,1,0,0,0,1,0,0,1,0,0,0,1,0,0,0,0,0,0,0,0,0,0,1,0,0.0
46,14,2,2.309859154929577,49.53591549295775,112.64591549295774,5.071428571428571,0.27,0,213,1065,2840,1.0,373,1,1,0,0,1,1,0,0,0,1,0,0,0,0,1,0,0,0,1,0,0,0,0,0,1,0,0,0,0,0,1,0,0,0,0.005
50,9,2,2.492957746478873,50.27901408450704,128.4054929577465,7.888888888888888,0.22,355,0,1136,3408,1.0,371,1,1,1,0,0,0,1,0,0,0,1,1,0,0,0,1,0,0,0,0,0,0,0,0,0,0,0,1,0,0,0,0,1,0,0.0
38,8,2,2.4444444444444446,54.295,134.51541666666668,9.0,11.0820626280203,216,504,360,1224,1.0,397,0,1,1,0,0,1,0,0,1,0,0,0,0,1,0,0,0,1,0,0,0,1,0,0,0,0,0,0,0,1,0,0,0,0,0.0
57,10,0,2.4166666666666665,47.78055555555555,118.14097222222222,7.199999999999999,0.27,0,288,720,7488,1.0,371,0,1,0,1,0,1,0,0,0,0,1,1,0,0,0,0,0,1,0,0,0,0,0,1,0,0,0,0,0,0,0,0,1,0,0.015
59,1,3,2.605633802816901,49.35028169014085,131.05295774647888,71.0,0.02,71,0,2840,1420,1.0,370,1,1,1,0,0,0,0,1,1,0,0,0,0,1,0,1,0,0,0,0,0,0,0,0,0,1,0,0,0,0,0,0,0,1,0.005
44,9,2,2.4507042253521125,51.86154929577465,125.49549295774648,7.888888888888888,6.785057725304087,497,0,3266,5609,1.0,378,0,1,1,0,0,1,0,0,0,0,1,0,0,1,0,0,0,0,1,0,0,0,1,0,0,0,0,0,0,0,0,0,0,1,0.005
35,2,1,2.5277777777777777,50.46402777777777,124.07125,36.0,0.03,72,0,2304,4032,1.0,370,0,1,0,0,1,1,0,0,0,0,1,0,0,1,0,0,1,0,0,0,0,0,0,1,0,0,0,0,0,0,0,0,0,1,0.005
35,2,1,2.5211267605633805,50.60985915492958,132.81676056338029,35.5,0.03,71,0,2272,3976,1.0,373,0,1,0,0,1,1,0,0,0,0,1,0,0,1,0,0,1,0,0,0,0,0,0,0,1,0,0,0,0,1,0,0,0,0,0.0
68,3,2,2.535211267605634,49.62211267605634,126.13422535211268,23.666666666666668,0.18,0,213,2485,5254,1.0,502,1,1,0,1,0,1,0,0,0,0,1,0,0,1,0,0,0,1,0,0,0,1,0,0,0,0,0,0,0,0,1,0,0,0,0.995
33,4,1,2.5694444444444446,53.22916666666666,136.60861111111112,18.0,0.15,0,288,2088,2808,1.0,385,1,1,0,0,1,1,0,0,0,1,0,0,1,0,0,0,0,1,0,0,0,0,0,0,0,0,0,0,1,0,1,0,0,0,0.01
61,1,4,2.492957746478873,46.127605633802816,117.71718309859156,71.0,0.04,0,142,710,1775,1.0,496,1,1,0,1,0,1,0,0,0,1,0,1,0,0,0,1,0,0,0,0,0,0,0,0,0,0,0,1,0,0,0,0,0,1,0.97
35,13,1,2.563380281690141,48.75816901408451,125.35690140845072,5.461538461538462,6.712163297969944,355,284,2485,3124,1.0,372,1,1,0,1,0,0,1,0,1,0,0,1,0,0,0,0,0,0,1,0,0,0,0,0,0,0,0,1,0,0,0,0,1,0,0.0
29,12,0,2.5694444444444446,51.07416666666667,129.80722222222224,6.0,0.26,144,0,1872,4824,1.0,504,0,1,1,0,0,0,0,1,0,0,1,0,0,0,1,0,0,0,0,1,0,1,0,0,0,0,0,0,0,0,0,0,1,0,0.99
52,1,0,2.563380281690141,50.54943661971832,128.5714084507042,71.0,0.3,142,0,1846,7242,1.0,496,0,1,1,0,0,1,0,0,1,0,0,0,0,1,0,1,0,0,0,0,0,0,1,0,0,0,0,0,0,0,1,0,0,0,1.0
28,10,2,2.513888888888889,53.21236111111111,134.83472222222224,7.199999999999999,0.02,0,216,3312,5256,1.0,370,1,1,1,0,0,0,0,1,0,0,1,0,1,0,0,0,1,0,0,0,0,0,0,1,0,0,0,0,0,0,0,1,0,0,0.005
41,10,4,2.422535211267605,49.38704225352113,120.83774647887324,7.1,0.25,0,284,994,1562,1.0,377,0,1,0,1,0,1,0,0,0,1,0,1,0,0,0,0,0,0,0,1,0,1,0,0,0,0,0,0,0,1,0,0,0,0,0.0
34,3,1,2.7222222222222223,49.58555555555555,138.56972222222225,24.0,0.07,288,0,3312,4896,1.0,372,1,1,0,1,0,0,0,1,0,0,1,0,1,0,0,1,0,0,0,0,0,0,0,1,0,0,0,0,0,1,0,0,0,0,0.025
25,9,4,2.4166666666666665,54.0125,133.79527777777778,8.0,0.16,144,0,1800,5616,1.0,491,1,1,0,1,0,1,0,0,0,1,0,0,1,0,0,0,0,1,0,0,0,0,0,0,0,1,0,0,0,0,0,1,0,0,0.99
60,6,2,2.535211267605634,50.9069014084507,126.69704225352112,11.833333333333334,0.12,355,0,3053,1988,1.0,379,0,1,0,1,0,0,1,0,0,0,1,0,0,1,0,0,0,0,1,0,0,0,0,0,0,0,1,0,0,1,0,0,0,0,0.0
22,15,2,2.5277777777777777,50.19986111111111,130.69555555555556,4.8,0.1,360,0,2736,2736,1.0,370,0,1,0,1,0,0,1,0,1,0,0,0,1,0,0,0,0,1,0,0,0,0,0,1,0,0,0,0,0,0,0,1,0,0,0.015
70,9,0,2.535211267605634,52.21070422535211,129.80845070422535,7.888888888888888,0.2,0,497,1065,2343,1.0,370,0,1,0,0,1,0,0,1,1,0,0,0,0,0,1,1,0,0,0,0,1,0,0,0,0,0,0,0,0,0,0,0,0,1,0.005
53,4,2,2.5972222222222223,48.45930555555556,122.70458333333332,18.0,0.23,144,0,864,6696,1.0,373,1,1,0,0,1,0,0,1,1,0,0,0,0,0,1,0,0,1,0,0,0,0,0,0,0,0,0,1,0,1,0,0,0,0,0.005
52,9,1,2.5211267605633805,48.26802816901409,120.66774647887324,7.888888888888888,0.11,142,0,1491,5538,1.0,371,1,1,0,0,1,0,0,1,0,0,1,1,0,0,0,0,0,0,0,1,0,0,0,0,0,0,1,0,0,0,1,0,0,0,0.0
70,3,2,2.513888888888889,50.39375,122.59736111111113,24.0,0.03,144,0,1512,5256,1.0,370,0,1,0,0,1,1,0,0,0,1,0,0,0,0,1,0,0,0,1,0,0,1,0,0,0,0,0,0,0,0,1,0,0,0,0.0
49,5,4,3.013888888888889,54.26442130405043,161.64391207580766,14.4,0.2939227407982269,125,98,3311,1076,0.5694444444444444,605,0,1,1,0,0,0,1,0,0,0,1,0,0,1,0,1,0,0,0,0,0,0,1,0,0,0,0,0,0,0,0,0,0,0,0.105
25,11,3,2.492957746478873,49.70929577464789,123.58070422535212,6.454545454545454,0.11,0,284,3266,3692,1.0,376,0,1,0,0,1,0,1,0,1,0,0,0,1,0,0,0,1,0,0,0,0,0,0,0,0,0,1,0,0,0,0,0,0,1,0.01
38,4,0,2.647887323943662,48.2687323943662,129.8449295774648,17.75,0.16,142,0,3337,2556,1.0,495,1,1,0,1,0,0,0,1,0,0,1,1,0,0,0,0,0,1,0,0,0,0,1,0,0,0,0,0,0,0,1,0,0,0,0.99
23,5,4,2.611111111111111,50.84763888888889,136.61666666666667,14.4,11.14976367097843,720,576,864,3528,1.0,371,1,1,0,0,1,1,0,0,0,1,0,0,1,0,0,1,0,0,0,0,0,0,0,0,1,0,0,0,0,0,0,1,0,0,0.0
31,12,1,2.4166666666666665,50.45583333333334,119.1086111111111,6.0,0.17,288,0,504,6048,1.0,376,0,1,1,0,0,1,0,0,0,1,0,1,0,0,0,0,1,0,0,0,0,0,0,0,0,0,1,0,0,0,0,1,0,0,0.005
45,1,0,2.5277777777777777,49.77597222222222,126.50555555555556,72.0,0.18,72,0,3312,7056,1.0,370,1,1,0,0,1,0,1,0,1,0,0,0,0,0,1,0,1,0,0,0,0,1,0,0,0,0,0,0,0,0,0,0,1,0,0.005
32,2,0,2.535211267605634,51.53239436619719,131.62915492957745,35.5,0.1,213,0,3266,4828,1.0,520,1,1,1,0,0,1,0,0,1,0,0,0,0,1,0,0,0,0,1,0,0,0,0,0,1,0,0,0,0,1,0,0,0,0,0.995
69,13,4,2.859154929577465,50.56619718309859,140.12704225352113,5.461538461538462,0.16,0,355,1704,4544,1.0,371,1,1,0,1,0,1,0,0,1,0,0,0,0,1,0,0,1,0,0,0,0,0,0,0,0,0,0,0,1,1,0,0,0,0,0.01
48,13,3,2.486111111111111,49.80791666666667,124.23055555555555,5.538461538461538,0.0,0,72,2592,6624,1.0,373,1,1,1,0,0,0,1,0,0,1,0,0,0,0,1,0,1,0,0,0,0,0,0,0,1,0,0,0,0,0,0,0,1,0,0.005
65,7,1,2.4788732394366195,50.5087323943662,129.79281690140843,10.142857142857142,0.18,0,142,568,6603,1.0,494,0,1,1,0,0,0,1,0,1,0,0,0,0,0,1,0,0,1,0,0,0,0,0,0,0,0,0,0,1,0,1,0,0,0,0.99
39,10,4,2.4444444444444446,50.96347222222222,125.22791666666666,7.199999999999999,0.22,144,0,1800,7056,1.0,495,0,1,1,0,0,1,0,0,1,0,0,0,0,1,0,1,0,0,0,0,0,0,1,0,0,0,0,0,0,0,1,0,0,0,0.975
31,7,2,2.361111111111111,47.94277777777778,113.49972222222225,10.285714285714286,14.906391210892846,720,360,2232,4248,1.0,371,1,1,0,1,0,1,0,0,0,1,0,1,0,0,0,0,0,0,0,1,0,0,0,0,0,0,0,0,1,1,0,0,0,0,0.0
50,9,2,2.5416666666666665,52.60958333333333,137.5127777777778,8.0,0.22,360,0,1152,3456,1.0,370,1,1,1,0,0,0,1,0,0,0,1,1,0,0,0,1,0,0,0,0,0,0,0,0,0,1,0,0,0,0,0,1,0,0,0.0
41,10,4,2.563380281690141,53.28352112676056,135.8805633802817,7.1,0.25,0,284,994,1562,1.0,374,0,1,0,1,0,1,0,0,0,1,0,1,0,0,0,0,0,0,0,1,1,0,0,0,0,0,0,0,0,0,0,1,0,0,0.0
55,1,4,2.513888888888889,51.39472222222222,129.10069444444446,72.0,0.22,72,0,2736,2880,1.0,374,0,1,1,0,0,0,1,0,1,0,0,1,0,0,0,0,0,1,0,0,1,0,0,0,0,0,0,0,0,0,0,0,0,1,0.0
28,10,2,3.1549295774647885,51.15503642380799,163.29757648523713,7.1,0.3641621595584282,122,104,3265,5189,0.5492957746478874,537,1,1,1,0,0,0,0,1,0,0,1,0,1,0,0,0,1,0,0,0,0,0,1,0,0,0,0,0,0,0,0,0,0,0,0.09
54,1,2,2.492957746478873,53.43521126760564,134.67408450704227,71.0,0.01,71,0,3124,6532,1.0,375,0,1,1,0,0,1,0,0,1,0,0,1,0,0,0,0,1,0,0,0,0,0,0,0,0,0,1,0,0,0,0,0,1,0,0.015
67,10,4,2.3943661971830985,54.419859154929576,132.47267605633803,7.1,0.23,213,0,2982,1846,1.0,511,1,1,1,0,0,1,0,0,1,0,0,1,0,0,0,0,0,0,1,0,0,0,1,0,0,0,0,0,0,1,0,0,0,0,0.99
46,9,3,2.408450704225352,49.277605633802814,117.5238028169014,7.888888888888888,0.23,142,0,3621,6745,1.0,392,0,1,1,0,0,1,0,0,0,0,1,0,1,0,0,0,0,0,0,1,0,0,0,0,0,0,0,0,1,0,0,1,0,0,0.005
70,10,1,2.5,48.06930555555555,119.80222222222224,7.199999999999999,0.14,216,0,3024,6264,1.0,500,0,1,0,0,1,0,0,1,0,0,1,1,0,0,0,0,0,0,0,1,0,0,0,0,0,0,1,0,0,1,0,0,0,0,1.0
29,2,3,3.138888888888889,48.10330910712732,148.68967376981016,36.0,0.3103067631685725,143,95,1727,4832,0.5694444444444444,699,1,1,1,0,0,1,0,0,0,0,1,0,1,0,0,0,0,1,0,0,0,0,0,1,0,0,0,0,0,0,0,0,0,0,0.165
67,10,4,2.732394366197183,50.31154929577465,134.35676056338028,7.1,0.23,213,0,2982,1846,1.0,504,1,1,1,0,0,1,0,0,1,0,0,1,0,0,0,0,0,0,1,0,1,0,0,0,0,0,0,0,0,0,0,1,0,0,1.0
66,11,2,3.014084507042253,56.221350308940735,170.19064608358863,6.454545454545454,0.2246012513485783,157,66,2342,6745,0.5211267605633803,468,0,1,0,1,0,1,0,0,1,0,0,0,1,0,0,0,0,0,1,0,0,0,0,0,0,0,0,1,0,0,0,0,0,0,0.8
30,4,0,2.4722222222222223,50.26638888888888,125.84208333333332,18.0,0.18,288,0,3024,2520,1.0,511,1,1,0,1,0,0,1,0,0,1,0,0,1,0,0,0,0,0,1,0,1,0,0,0,0,0,0,0,0,1,0,0,0,0,0.985
66,12,0,2.5,50.68194444444444,125.21944444444443,6.0,12.246906308329049,216,360,1944,6624,1.0,373,0,1,0,1,0,0,0,1,1,0,0,0,0,0,1,0,0,1,0,0,1,0,0,0,0,0,0,0,0,1,0,0,0,0,0.0
31,8,4,3.0972222222222223,53.09334159762895,169.98253305718245,9.0,0.2285968935516081,152,78,3095,4755,0.625,918,0,1,0,0,1,1,0,0,0,0,1,1,0,0,0,0,0,0,1,0,0,0,0,0,0,1,0,0,0,0,0,0,0,0,0.12
48,8,0,2.6527777777777777,52.477916666666665,134.0236111111111,9.0,0.03,144,0,2016,4176,1.0,375,0,1,1,0,0,0,1,0,0,1,0,1,0,0,0,0,0,0,0,1,0,1,0,0,0,0,0,0,0,1,0,0,0,0,0.0
33,1,1,2.76056338028169,46.79056338028169,130.25211267605633,71.0,0.14,0,71,3266,2130,1.0,500,1,1,0,0,1,1,0,0,0,0,1,0,1,0,0,0,0,0,0,1,0,1,0,0,0,0,0,0,0,1,0,0,0,0,0.955
57,2,1,3.1944444444444446,48.66592786220729,151.84500580884412,36.0,0.2359659816286572,155,87,1583,2243,0.625,582,0,1,0,1,0,1,0,0,0,1,0,0,0,1,0,0,0,0,0,1,0,0,0,1,0,0,0,0,0,0,0,0,0,0,0.07
29,4,1,2.9166666666666665,53.163089825413614,158.29544912706808,18.0,0.2499894105465977,147,60,3095,4093,0.625,610,1,1,1,0,0,0,0,1,0,1,0,1,0,0,0,1,0,0,0,0,0,0,0,0,0,0,0,1,0,0,0,0,0,0,0.085
23,7,4,2.763888888888889,49.10430555555556,136.9248611111111,10.285714285714286,6.967388763654297,72,0,1224,4824,1.0,382,1,1,0,0,1,0,0,1,0,1,0,0,1,0,0,1,0,0,0,0,1,0,0,0,0,0,0,0,0,0,0,0,0,1,0.0
68,2,3,2.5694444444444446,51.95305555555555,130.32777777777778,36.0,0.08,0,72,864,1512,1.0,371,1,1,0,0,1,0,1,0,0,1,0,0,0,0,1,0,0,1,0,0,1,0,0,0,0,0,0,0,0,0,0,1,0,0,0.0
37,7,4,2.5,51.00736111111111,123.77416666666666,10.285714285714286,0.07,0,72,720,5184,1.0,508,0,1,0,0,1,0,1,0,0,1,0,0,0,1,0,0,0,1,0,0,0,0,1,0,0,0,0,0,0,0,0,0,0,1,0.98
48,8,0,2.563380281690141,51.25281690140845,131.4911267605634,8.875,0.03,142,0,1988,4118,1.0,385,0,1,1,0,0,0,1,0,0,1,0,1,0,0,0,0,0,0,0,1,0,0,0,0,1,0,0,0,0,0,0,0,1,0,0.005
68,5,1,2.3661971830985915,49.87971830985916,115.71478873239435,14.2,0.14,142,0,2414,3124,1.0,516,1,1,0,1,0,1,0,0,0,1,0,0,0,1,0,0,0,1,0,0,0,0,0,0,0,0,1,0,0,0,0,1,0,0,0.985
60,4,0,2.875,52.16874936011563,148.6213863293514,18.0,0.3304822621019736,130,77,2015,4955,0.5694444444444444,869,0,1,0,1,0,0,0,1,0,1,0,0,0,0,1,0,1,0,0,0,0,1,0,0,0,0,0,0,0,0,0,0,0,0,0.095
45,13,3,2.507042253521127,50.88492957746479,124.44211267605633,5.461538461538462,0.15,142,0,3479,5325,1.0,370,0,1,0,1,0,1,0,0,0,1,0,0,0,0,1,0,0,1,0,0,0,0,0,0,0,0,0,0,1,0,1,0,0,0,0.005
20,1,1,2.492957746478873,56.79816901408451,143.55309859154931,71.0,0.22,284,0,3550,4615,1.0,372,1,1,0,0,1,0,1,0,0,0,1,0,1,0,0,1,0,0,0,0,0,0,0,0,1,0,0,0,0,0,0,0,1,0,0.02
38,8,0,2.464788732394366,50.203380281690144,121.27535211267605,8.875,0.2,0,213,2627,4331,1.0,378,1,1,0,1,0,0,0,1,1,0,0,1,0,0,0,0,1,0,0,0,0,0,0,0,0,0,0,0,1,0,0,0,0,1,0.01
40,8,0,2.3661971830985915,53.61943661971831,127.94661971830983,8.875,0.25,284,0,2201,7313,1.0,370,0,1,0,1,0,1,0,0,0,1,0,1,0,0,0,0,0,0,0,1,0,0,0,1,0,0,0,0,0,0,1,0,0,0,0.005
18,1,4,2.7464788732394365,47.9956338028169,126.48309859154928,71.0,0.22,213,0,1278,2769,1.0,375,1,1,0,1,0,0,0,1,1,0,0,1,0,0,0,0,1,0,0,0,0,0,0,0,0,0,0,0,1,0,0,1,0,0,0.01
29,2,3,2.4788732394366195,51.50802816901409,124.83802816901408,35.5,11.112086948137222,568,426,1633,4544,1.0,370,1,1,1,0,0,1,0,0,0,0,1,0,1,0,0,0,0,1,0,0,0,0,0,0,0,1,0,0,0,0,0,1,0,0,0.0
50,9,2,2.591549295774648,48.63661971830986,125.6818309859155,7.888888888888888,0.22,355,0,1136,3408,1.0,379,1,1,1,0,0,0,1,0,0,0,1,1,0,0,0,1,0,0,0,0,0,0,0,0,0,0,0,0,1,1,0,0,0,0,0.0
46,9,3,2.4507042253521125,50.11,124.4656338028169,7.888888888888888,0.23,142,0,3621,6745,1.0,374,0,1,1,0,0,1,0,0,0,0,1,0,1,0,0,0,0,0,0,1,1,0,0,0,0,0,0,0,0,0,0,0,0,1,0.005
48,1,0,2.611111111111111,51.04111111111112,133.07930555555555,72.0,0.17,0,216,648,4752,1.0,370,1,1,1,0,0,0,0,1,0,1,0,0,0,0,1,1,0,0,0,0,1,0,0,0,0,0,0,0,0,0,0,0,0,1,0.0
51,1,2,2.4788732394366195,52.57647887323943,126.33830985915492,71.0,0.05,355,0,1491,6461,1.0,372,1,1,0,1,0,1,0,0,0,1,0,0,0,0,1,0,0,0,1,0,1,0,0,0,0,0,0,0,0,1,0,0,0,0,0.0
62,6,3,2.7746478873239435,49.05507042253521,136.81295774647887,11.833333333333334,0.26,0,142,1562,4899,1.0,495,0,1,0,0,1,0,0,1,0,0,1,0,0,1,0,1,0,0,0,0,1,0,0,0,0,0,0,0,0,0,0,0,1,0,0.985
41,10,4,2.486111111111111,45.69791666666666,112.84958333333331,7.199999999999999,0.25,0,288,1008,1584,1.0,370,0,1,0,1,0,1,0,0,0,1,0,1,0,0,0,0,0,0,0,1,1,0,0,0,0,0,0,0,0,0,0,0,0,1,0.005
18,7,3,2.830985915492957,50.98795800908281,142.00316927668845,10.142857142857142,0.3177723769470114,135,66,3052,5383,0.647887323943662,479,0,1,1,0,0,0,0,1,0,1,0,0,0,0,1,0,1,0,0,0,0,1,0,0,0,0,0,0,0,0,1,0,0,0,0.08
49,5,3,2.563380281690141,48.24394366197184,124.7292957746479,14.2,0.03,213,0,2556,4615,1.0,498,1,1,0,0,1,0,0,1,1,0,0,1,0,0,0,1,0,0,0,0,1,0,0,0,0,0,0,0,0,0,0,0,0,1,0.995
60,7,4,2.492957746478873,53.39802816901408,131.50845070422537,10.142857142857142,0.22,213,0,710,2982,1.0,375,1,1,0,1,0,1,0,0,0,1,0,1,0,0,0,1,0,0,0,0,0,0,0,0,0,0,0,1,0,0,1,0,0,0,0.01
54,14,2,2.5972222222222223,52.67486111111111,134.28611111111113,5.142857142857143,6.5933528789785125,648,216,792,1008,1.0,379,1,1,1,0,0,1,0,0,1,0,0,1,0,0,0,0,1,0,0,0,0,0,0,0,0,1,0,0,0,0,0,0,0,1,0.005
70,9,0,2.388888888888889,49.313472222222224,115.01736111111111,8.0,0.2,0,504,1080,2376,1.0,372,0,1,0,0,1,0,0,1,1,0,0,0,0,0,1,1,0,0,0,0,0,1,0,0,0,0,0,0,0,1,0,0,0,0,0.0
68,1,2,2.5,55.94291666666666,137.71013888888888,72.0,10.559115930120193,144,0,2664,3600,1.0,372,0,1,0,1,0,0,0,1,0,0,1,0,1,0,0,0,0,0,0,1,0,0,0,0,0,0,0,1,0,1,0,0,0,0,0.005
56,15,4,2.647887323943662,48.31985915492958,126.21154929577466,4.733333333333333,0.1,142,0,2059,5609,1.0,374,0,1,1,0,0,1,0,0,0,1,0,1,0,0,0,1,0,0,0,0,0,1,0,0,0,0,0,0,0,0,1,0,0,0,0.0
56,6,1,2.76056338028169,52.89225352112676,143.87549295774647,11.833333333333334,0.1,284,0,1278,2627,1.0,490,0,1,0,1,0,1,0,0,1,0,0,0,0,1,0,0,0,1,0,0,0,0,0,0,0,1,0,0,0,0,0,0,1,0,0.995
32,5,3,2.763888888888889,55.55583333333333,156.37125,14.4,0.23,216,0,1656,936,1.0,379,0,1,0,0,1,1,0,0,1,0,0,0,1,0,0,0,1,0,0,0,0,0,0,0,0,0,0,0,1,1,0,0,0,0,0.01
36,4,4,2.555555555555556,48.12472222222223,117.64888888888888,18.0,0.09,216,0,3384,7200,1.0,371,1,1,0,1,0,0,0,1,0,0,1,0,0,1,0,0,0,1,0,0,0,1,0,0,0,0,0,0,0,0,0,0,1,0,0.005
25,10,3,2.555555555555556,52.175694444444446,134.10055555555556,7.199999999999999,0.06,216,0,3096,3240,1.0,375,1,1,0,0,1,0,0,1,1,0,0,0,0,1,0,0,1,0,0,0,1,0,0,0,0,0,0,0,0,0,0,0,1,0,0.005
18,7,3,2.436619718309859,51.43140845070423,125.5974647887324,10.142857142857142,0.27,0,213,3053,5396,1.0,372,0,1,1,0,0,0,0,1,0,1,0,0,0,0,1,0,1,0,0,0,0,0,0,0,0,0,0,1,0,0,0,0,1,0,0.005
33,12,3,2.6527777777777777,51.56305555555556,136.83069444444445,6.0,0.15,72,0,1296,5472,1.0,374,1,1,0,0,1,0,0,1,0,0,1,0,0,1,0,1,0,0,0,0,0,0,0,0,0,0,1,0,0,0,0,1,0,0,0.0
44,7,2,2.986111111111111,55.01368630512249,159.44300335981194,10.285714285714286,0.3191175705809954,133,83,1079,7196,0.5833333333333334,926,1,1,1,0,0,1,0,0,1,0,0,0,1,0,0,0,1,0,0,0,0,0,1,0,0,0,0,0,0,0,0,0,0,0,0.1
29,14,4,2.458333333333333,49.65513888888889,125.0313888888889,5.142857142857143,0.28,288,0,2232,2808,1.0,376,1,1,0,1,0,0,1,0,1,0,0,0,0,1,0,0,0,0,1,0,1,0,0,0,0,0,0,0,0,0,0,0,1,0,0.0
53,3,2,2.5,49.22944444444445,121.85402777777776,24.0,0.11,0,144,3240,3240,1.0,382,1,1,0,1,0,0,1,0,1,0,0,1,0,0,0,0,0,0,1,0,1,0,0,0,0,0,0,0,0,1,0,0,0,0,0.005
58,5,2,2.5774647887323945,49.02450704225352,126.72605633802816,14.2,0.28,213,0,3479,1491,1.0,380,0,1,1,0,0,0,0,1,0,0,1,1,0,0,0,0,0,0,0,1,0,0,0,1,0,0,0,0,0,0,1,0,0,0,0.0
70,1,1,2.605633802816901,54.011267605633805,141.81225352112676,71.0,0.02,0,213,639,6532,1.0,373,1,1,0,0,1,0,0,1,1,0,0,0,0,0,1,1,0,0,0,0,0,0,0,1,0,0,0,0,0,1,0,0,0,0,0.0
68,1,4,2.5774647887323945,49.20535211267605,125.68535211267606,71.0,0.01,284,0,781,5680,1.0,371,0,1,1,0,0,0,0,1,0,0,1,1,0,0,0,0,0,0,1,0,0,0,0,0,0,0,0,1,0,0,1,0,0,0,0.0
60,4,0,2.605633802816901,52.539577464788735,137.22549295774647,17.75,0.15,0,142,1988,4828,1.0,370,0,1,0,1,0,0,0,1,0,1,0,0,0,0,1,0,1,0,0,0,0,0,0,0,1,0,0,0,0,0,0,0,1,0,0.005
61,6,3,2.901408450704225,52.47756293275612,152.68560384370053,11.833333333333334,0.2817588019845433,146,58,2981,1764,0.5774647887323944,574,1,1,1,0,0,1,0,0,0,1,0,0,1,0,0,0,0,0,0,1,1,0,0,0,0,0,0,0,0,0,0,0,0,0,0.155
49,3,1,2.5774647887323945,51.07985915492958,130.73647887323943,23.666666666666668,0.21,284,0,3266,4402,1.0,371,1,1,0,1,0,0,1,0,0,1,0,0,0,1,0,0,0,0,0,1,0,0,0,0,0,0,1,0,0,0,0,0,0,1,0.02
31,2,0,2.4444444444444446,49.80597222222222,120.81152777777778,36.0,10.871398822095117,0,0,648,792,1.0,370,1,1,1,0,0,0,0,1,0,0,1,0,0,0,1,0,0,1,0,0,0,1,0,0,0,0,0,0,0,0,1,0,0,0,0.0
59,13,0,2.680555555555556,57.78650305319573,160.27890415486752,5.538461538461538,0.2481348141467717,112,82,3383,4580,0.6666666666666666,624,1,1,0,1,0,1,0,0,0,0,1,0,0,0,1,0,0,1,0,0,0,0,0,1,0,0,0,0,0,0,1,0,0,0,0.125
25,15,1,2.5416666666666665,51.266666666666666,130.96958333333333,4.8,0.29,0,432,720,6984,1.0,371,0,1,0,1,0,0,0,1,0,0,1,0,1,0,0,1,0,0,0,0,0,0,1,0,0,0,0,0,0,0,0,0,1,0,0.005
45,6,0,2.513888888888889,52.489444444444445,133.28652777777776,12.0,12.092511217609008,216,432,1224,3672,1.0,370,0,1,0,0,1,1,0,0,0,1,0,1,0,0,0,0,0,0,0,1,0,0,1,0,0,0,0,0,0,1,0,0,0,0,0.005
40,10,4,2.464788732394366,48.82366197183099,119.53901408450704,7.1,0.0,0,213,2272,6106,1.0,374,1,1,1,0,0,0,1,0,0,0,1,0,1,0,0,0,0,0,0,1,0,0,0,0,0,0,1,0,0,0,1,0,0,0,0.005
55,11,2,2.619718309859155,52.65521126760564,134.5994366197183,6.454545454545454,0.09,0,71,3550,4828,1.0,531,0,1,1,0,0,0,1,0,0,0,1,0,0,1,0,0,1,0,0,0,0,0,0,1,0,0,0,0,0,0,0,0,0,1,0.98
68,1,2,2.513888888888889,50.0775,124.2159722222222,72.0,0.25,288,0,2952,7416,1.0,370,0,1,0,0,1,1,0,0,0,1,0,1,0,0,0,0,0,0,0,1,0,0,0,0,0,0,1,0,0,0,0,0,1,0,0.01
61,6,3,2.583333333333333,51.68597222222222,135.9275,12.0,0.19,288,0,3024,1872,1.0,388,1,1,1,0,0,1,0,0,0,1,0,0,1,0,0,0,0,0,0,1,1,0,0,0,0,0,0,0,0,0,0,0,1,0,0.005
32,10,4,2.9722222222222223,48.04027777777778,142.50819444444446,7.199999999999999,0.14,0,216,1656,4968,1.0,501,1,1,0,1,0,0,1,0,0,0,1,1,0,0,0,0,0,0,1,0,0,0,0,0,1,0,0,0,0,0,0,1,0,0,0.98
24,10,3,2.513888888888889,49.17291666666667,125.71333333333334,7.199999999999999,0.17,0,144,1584,5616,1.0,497,1,1,0,0,1,0,1,0,0,0,1,0,0,0,1,0,0,0,0,1,0,0,0,0,0,1,0,0,0,0,0,0,1,0,0.995
66,9,1,2.704225352112676,49.77450704225352,133.8995774647887,7.888888888888888,10.413407293275291,568,426,2130,1775,1.0,373,0,1,1,0,0,1,0,0,1,0,0,1,0,0,0,0,0,0,1,0,0,0,0,0,1,0,0,0,0,0,0,1,0,0,0.0
25,1,3,2.2916666666666665,48.47375,110.62916666666666,72.0,0.17,504,0,3240,4176,1.0,376,1,1,0,0,1,0,1,0,0,0,1,1,0,0,0,1,0,0,0,0,0,0,0,0,1,0,0,0,0,0,1,0,0,0,0.0
62,15,2,2.507042253521127,47.71760563380281,117.72478873239436,4.733333333333333,0.08,71,0,1491,4544,1.0,381,0,1,0,0,1,0,1,0,0,0,1,0,1,0,0,0,0,0,0,1,0,0,1,0,0,0,0,0,0,0,0,1,0,0,0.01
52,1,4,2.676056338028169,51.21464788732394,137.2130985915493,71.0,0.06,71,0,3550,5609,1.0,511,0,1,1,0,0,0,1,0,0,0,1,1,0,0,0,0,1,0,0,0,0,0,0,0,0,0,1,0,0,0,0,1,0,0,0.985
55,11,2,2.5211267605633805,47.21084507042253,117.556338028169,6.454545454545454,0.09,0,71,3550,4828,1.0,491,0,1,1,0,0,0,1,0,0,0,1,0,0,1,0,0,1,0,0,0,0,1,0,0,0,0,0,0,0,0,1,0,0,0,0.995
43,5,1,3.263888888888889,52.358213738665015,165.04952162132673,14.4,0.242083533801965,186,53,3167,5487,0.5694444444444444,902,1,1,0,1,0,1,0,0,0,1,0,0,1,0,0,1,0,0,0,0,0,0,0,0,0,0,0,1,0,0,0,0,0,0,0.75
68,1,4,2.492957746478873,48.46197183098592,122.97676056338028,71.0,0.21,284,0,3124,6390,1.0,502,1,1,0,1,0,0,1,0,0,1,0,1,0,0,0,0,0,0,0,1,0,0,0,0,1,0,0,0,0,0,0,0,1,0,1.0
66,3,1,3.013888888888889,50.103559776554,146.02725844199688,24.0,0.2914378203306903,160,68,1151,5687,0.625,830,0,1,1,0,0,0,0,1,0,0,1,0,1,0,0,0,0,1,0,0,0,0,1,0,0,0,0,0,0,0,0,0,0,0,0.115
59,3,4,2.605633802816901,49.403521126760566,127.1687323943662,23.666666666666668,0.1,142,0,3053,5538,1.0,370,0,1,0,0,1,0,0,1,0,0,1,0,1,0,0,0,0,1,0,0,0,0,1,0,0,0,0,0,0,1,0,0,0,0,0.0
45,9,3,2.5972222222222223,48.30416666666667,125.50680555555556,8.0,0.15,144,0,3456,6768,1.0,504,0,1,1,0,0,0,1,0,0,1,0,0,0,0,1,0,0,1,0,0,0,0,0,0,0,0,1,0,0,1,0,0,0,0,0.965
42,15,0,2.638888888888889,49.77097222222222,130.39194444444445,4.8,0.15,0,72,3312,3312,1.0,373,1,1,1,0,0,1,0,0,0,1,0,1,0,0,0,1,0,0,0,0,0,0,0,0,0,0,0,1,0,0,0,0,1,0,0.0
26,7,4,2.708333333333333,50.477222222222224,137.51347222222222,10.285714285714286,0.25,216,0,2808,4032,1.0,372,0,1,0,0,1,0,1,0,1,0,0,1,0,0,0,1,0,0,0,0,0,0,0,1,0,0,0,0,0,0,0,0,1,0,0.0
64,14,1,2.513888888888889,52.65555555555555,134.93875,5.142857142857143,0.13,0,144,2448,1728,1.0,370,1,1,1,0,0,0,1,0,0,0,1,0,1,0,0,0,0,0,1,0,0,1,0,0,0,0,0,0,0,0,0,1,0,0,0.0
41,3,3,2.507042253521127,49.23253521126761,122.57929577464787,23.666666666666668,7.683813403410546,71,497,3337,3124,1.0,371,1,1,0,1,0,1,0,0,1,0,0,1,0,0,0,1,0,0,0,0,0,0,0,1,0,0,0,0,0,0,0,0,0,1,0.0
64,12,2,2.4722222222222223,53.13097222222222,132.14708333333334,6.0,0.25,0,432,1728,3024,1.0,376,0,1,0,1,0,0,0,1,0,1,0,1,0,0,0,0,0,0,1,0,0,0,0,1,0,0,0,0,0,1,0,0,0,0,0.005
58,5,2,2.361111111111111,52.248333333333335,120.15055555555556,14.4,0.28,216,0,3528,1512,1.0,372,0,1,1,0,0,0,0,1,0,0,1,1,0,0,0,0,0,0,0,1,0,0,0,0,0,0,1,0,0,0,0,0,0,1,0.015
47,2,0,2.3943661971830985,49.76549295774648,119.34098591549296,35.5,0.21,0,213,639,3976,1.0,495,0,1,0,0,1,0,0,1,0,0,1,0,1,0,0,0,0,0,0,1,0,0,0,1,0,0,0,0,0,0,1,0,0,0,0.975
50,6,4,2.388888888888889,52.45361111111111,126.77194444444444,12.0,0.04,216,0,1728,3528,1.0,374,1,1,0,0,1,1,0,0,1,0,0,0,1,0,0,0,0,1,0,0,0,0,1,0,0,0,0,0,0,0,0,1,0,0,0.005
70,7,1,3.1690140845070425,57.30336821211842,176.86898994536358,10.142857142857142,0.2630598766394788,172,55,709,4483,0.5774647887323944,492,1,1,0,0,1,0,0,1,0,1,0,0,0,1,0,0,0,0,0,1,0,0,0,0,0,1,0,0,0,0,0,0,0,0,0.135
55,3,3,2.6944444444444446,49.99597222222222,134.36152777777778,24.0,9.222769018017392,576,72,576,864,1.0,372,0,1,0,0,1,1,0,0,0,1,0,0,0,1,0,0,0,1,0,0,1,0,0,0,0,0,0,0,0,1,0,0,0,0,0.0
56,8,0,2.6527777777777777,46.85347222222222,126.89638888888892,9.0,0.04,0,432,1512,7128,1.0,370,0,1,0,0,1,0,0,1,0,1,0,0,1,0,0,0,0,0,0,1,0,0,0,0,0,0,0,0,1,0,0,0,0,1,0.0
45,5,4,2.408450704225352,47.330563380281696,109.34267605633802,14.2,0.06,213,0,1633,7171,1.0,371,0,1,0,0,1,0,0,1,1,0,0,0,0,0,1,0,1,0,0,0,0,0,1,0,0,0,0,0,0,0,0,0,1,0,0.0
33,5,4,2.492957746478873,53.84732394366197,134.43943661971832,14.2,0.13,0,284,852,1846,1.0,371,0,1,1,0,0,0,1,0,0,1,0,0,0,0,1,0,1,0,0,0,0,0,0,1,0,0,0,0,0,0,0,0,0,1,0.005
36,3,0,2.3943661971830985,49.01380281690141,118.09661971830988,23.666666666666668,0.21,0,284,3266,2698,1.0,370,1,1,0,0,1,1,0,0,1,0,0,0,1,0,0,0,0,0,0,1,0,0,0,1,0,0,0,0,0,0,0,0,1,0,0.01
18,3,0,2.211267605633803,50.55802816901409,108.3387323943662,23.666666666666668,0.29,0,355,1633,4686,1.0,378,1,1,0,0,1,1,0,0,1,0,0,1,0,0,0,1,0,0,0,0,0,0,0,1,0,0,0,0,0,1,0,0,0,0,0.005
42,4,2,2.5492957746478875,54.76056338028169,139.5449295774648,17.75,0.23,213,0,1704,1420,1.0,377,0,1,1,0,0,0,0,1,0,0,1,0,0,1,0,1,0,0,0,0,0,0,0,0,0,1,0,0,0,0,0,0,0,1,0.0
42,15,0,2.591549295774648,57.40943661971831,145.13985915492958,4.733333333333333,0.15,0,71,3266,3266,1.0,373,1,1,1,0,0,1,0,0,0,1,0,1,0,0,0,1,0,0,0,0,0,0,0,0,0,0,0,0,1,0,0,0,1,0,0.005
60,10,3,3.0277777777777777,50.28385936815911,152.2569652504142,7.199999999999999,0.3511316455688876,152,77,3023,2302,0.625,634,0,1,0,1,0,0,0,1,1,0,0,0,0,1,0,0,0,1,0,0,0,1,0,0,0,0,0,0,0,0,0,0,0,0,0.825
44,9,4,2.3472222222222223,49.01763888888889,112.36097222222222,8.0,8.454846215008608,288,0,2736,1152,1.0,370,0,1,0,1,0,0,1,0,0,1,0,0,0,1,0,0,0,1,0,0,0,0,0,0,0,0,0,0,1,0,1,0,0,0,0.0
66,4,2,2.6619718309859155,51.97661971830986,141.10478873239438,17.75,0.21,0,355,2769,6532,1.0,376,0,1,0,0,1,1,0,0,0,0,1,0,0,0,1,0,0,0,1,0,0,1,0,0,0,0,0,0,0,0,0,0,0,1,0.0
25,9,4,2.4788732394366195,48.14816901408451,117.80028169014084,7.888888888888888,0.16,142,0,1775,5538,1.0,490,1,1,0,1,0,1,0,0,0,1,0,0,1,0,0,0,0,1,0,0,0,0,0,0,0,0,0,0,1,1,0,0,0,0,0.995
41,10,4,2.4722222222222223,49.919583333333335,121.82944444444443,7.199999999999999,0.25,0,288,1008,1584,1.0,371,0,1,0,1,0,1,0,0,0,1,0,1,0,0,0,0,0,0,0,1,0,0,0,0,0,0,0,1,0,0,0,0,1,0,0.0
51,1,2,2.8450704225352115,50.13774647887324,137.0876056338028,71.0,0.05,355,0,1491,6461,1.0,375,1,1,0,1,0,1,0,0,0,1,0,0,0,0,1,0,0,0,1,0,1,0,0,0,0,0,0,0,0,0,1,0,0,0,0.01
50,6,4,2.591549295774648,45.61577464788732,116.00211267605631,11.833333333333334,0.04,213,0,1704,3479,1.0,374,1,1,0,0,1,1,0,0,1,0,0,0,1,0,0,0,0,1,0,0,0,0,1,0,0,0,0,0,0,0,1,0,0,0,0.0
31,9,1,2.486111111111111,47.19902777777778,119.87027777777776,8.0,0.09,144,0,3096,7272,1.0,371,1,1,0,0,1,0,1,0,1,0,0,0,1,0,0,1,0,0,0,0,0,0,0,0,0,1,0,0,0,0,0,1,0,0,0.005
35,12,3,2.555555555555556,47.88625,123.03708333333331,6.0,0.03,0,216,3384,5544,1.0,500,1,1,0,1,0,1,0,0,0,1,0,1,0,0,0,0,1,0,0,0,0,0,0,0,0,0,0,0,1,0,1,0,0,0,1.0
39,14,4,2.5972222222222223,46.333888888888886,116.16194444444444,5.142857142857143,0.08,144,0,1152,6624,1.0,492,0,1,0,0,1,1,0,0,0,0,1,0,0,0,1,0,1,0,0,0,0,0,0,0,0,1,0,0,0,0,1,0,0,0,0.99
38,4,1,2.5211267605633805,47.31647887323943,119.60535211267604,17.75,0.06,284,0,1704,2840,1.0,505,1,1,1,0,0,1,0,0,1,0,0,1,0,0,0,1,0,0,0,0,0,0,0,0,0,0,1,0,0,0,0,0,1,0,0.985
35,6,2,2.555555555555556,52.13388888888889,138.83680555555554,12.0,0.16,0,72,936,7056,1.0,385,1,1,1,0,0,0,1,0,0,1,0,0,0,0,1,0,0,0,0,1,0,0,0,0,0,0,0,1,0,0,0,1,0,0,0.0
65,7,1,2.4788732394366195,49.03014084507042,119.66957746478874,10.142857142857142,0.18,0,142,568,6603,1.0,491,0,1,1,0,0,0,1,0,1,0,0,0,0,0,1,0,0,1,0,0,1,0,0,0,0,0,0,0,0,0,0,0,0,1,0.99
42,13,2,2.486111111111111,46.51875,115.54138888888887,5.538461538461538,0.01,432,0,504,7488,1.0,385,0,1,0,0,1,1,0,0,0,0,1,0,1,0,0,0,0,1,0,0,0,0,1,0,0,0,0,0,0,0,0,0,1,0,0.005
46,9,3,2.352112676056338,47.82915492957746,111.4318309859155,7.888888888888888,0.23,142,0,3621,6745,1.0,373,0,1,1,0,0,1,0,0,0,0,1,0,1,0,0,0,0,0,0,1,0,0,0,0,0,0,0,1,0,1,0,0,0,0,0.0
48,1,0,2.619718309859155,52.10591549295775,137.38197183098592,71.0,0.17,0,213,639,4686,1.0,370,1,1,1,0,0,0,0,1,0,1,0,0,0,0,1,1,0,0,0,0,0,0,0,0,0,0,0,0,1,1,0,0,0,0,0.005
34,9,2,2.6944444444444446,48.87249583616955,130.0994319529531,8.0,0.3383842484943915,142,57,1799,5519,0.625,697,0,1,1,0,0,1,0,0,1,0,0,0,1,0,0,0,0,1,0,0,0,0,0,1,0,0,0,0,0,0,0,0,0,0,0.13
22,14,4,2.5492957746478875,52.940704225352114,139.80225352112677,5.071428571428571,0.2,213,0,2698,5112,1.0,496,1,1,0,1,0,1,0,0,0,1,0,1,0,0,0,0,1,0,0,0,1,0,0,0,0,0,0,0,0,1,0,0,0,0,1.0
34,11,0,2.625,49.30583333333333,130.02069444444444,6.545454545454546,10.060466925235062,72,504,648,3744,1.0,371,1,1,0,1,0,1,0,0,0,1,0,0,1,0,0,1,0,0,0,0,0,0,1,0,0,0,0,0,0,0,1,0,0,0,0.0
40,7,2,2.555555555555556,50.04069444444444,128.28541666666666,10.285714285714286,0.09,72,0,3384,3384,1.0,372,1,1,1,0,0,1,0,0,1,0,0,0,1,0,0,0,0,1,0,0,0,0,0,0,0,0,0,0,1,0,1,0,0,0,0.0
35,9,4,2.5277777777777777,48.8525,128.25736111111112,8.0,0.27,288,0,3456,6624,1.0,376,1,1,1,0,0,1,0,0,0,1,0,0,0,1,0,0,0,1,0,0,1,0,0,0,0,0,0,0,0,0,1,0,0,0,0.0
70,11,2,3.0985915492957745,50.70473083310872,158.61962755778697,6.454545454545454,0.3236643729665229,160,68,496,6180,0.6056338028169014,433,1,1,1,0,0,1,0,0,0,1,0,1,0,0,0,0,0,0,1,0,1,0,0,0,0,0,0,0,0,0,0,0,0,0,0.705
49,15,3,2.4507042253521125,44.05239436619718,108.99394366197184,4.733333333333333,0.17,284,0,3124,1917,1.0,492,1,1,0,1,0,0,0,1,0,0,1,0,0,0,1,0,1,0,0,0,0,1,0,0,0,0,0,0,0,1,0,0,0,0,0.98
19,8,2,2.611111111111111,49.1475,128.87375,9.0,0.29,72,0,1944,1512,1.0,374,1,1,1,0,0,0,0,1,0,0,1,0,0,1,0,0,0,0,0,1,0,0,1,0,0,0,0,0,0,0,1,0,0,0,0.0
45,5,4,2.563380281690141,49.65957746478873,129.1692957746479,14.2,0.06,213,0,1633,7171,1.0,370,0,1,0,0,1,0,0,1,1,0,0,0,0,0,1,0,1,0,0,0,0,0,0,0,1,0,0,0,0,0,1,0,0,0,0.0
19,10,4,2.507042253521127,51.933661971830986,130.94112676056338,7.1,0.22,0,284,639,5467,1.0,370,1,1,1,0,0,0,0,1,1,0,0,0,0,0,1,1,0,0,0,0,0,0,0,0,0,0,1,0,0,1,0,0,0,0,0.01
31,5,4,2.708333333333333,49.418055555555554,133.3152777777778,14.4,0.03,144,0,1368,1584,1.0,490,1,1,0,1,0,0,1,0,1,0,0,0,0,1,0,0,0,0,0,1,0,0,0,0,0,0,1,0,0,1,0,0,0,0,0.99
44,3,3,2.6666666666666665,54.12472222222223,146.66611111111112,24.0,0.25,360,0,1152,6480,1.0,379,1,1,0,1,0,0,1,0,0,0,1,1,0,0,0,0,1,0,0,0,1,0,0,0,0,0,0,0,0,0,0,0,0,1,0.005
57,12,3,2.6666666666666665,51.33638888888888,139.93652777777777,6.0,0.01,216,0,2304,7272,1.0,371,0,1,1,0,0,0,1,0,0,0,1,1,0,0,0,1,0,0,0,0,1,0,0,0,0,0,0,0,0,0,0,0,1,0,0.0
18,13,0,2.333333333333333,50.03527777777778,118.66430555555556,5.538461538461538,0.18,288,0,2304,6120,1.0,375,1,1,0,0,1,0,1,0,0,0,1,0,1,0,0,0,1,0,0,0,0,0,1,0,0,0,0,0,0,0,1,0,0,0,0.0
55,9,0,2.513888888888889,52.89055555555555,130.8751388888889,8.0,8.151890842042395,144,216,1512,2736,1.0,379,1,1,0,0,1,0,0,1,0,1,0,1,0,0,0,0,0,0,1,0,0,0,0,0,0,1,0,0,0,0,1,0,0,0,0.005
19,3,0,2.680555555555556,50.073356187932966,133.97314697395407,24.0,0.3288077267929958,145,49,2879,6957,0.5694444444444444,743,0,1,0,0,1,0,0,1,1,0,0,0,0,1,0,0,0,0,0,1,0,0,0,0,0,1,0,0,0,0,0,0,0,0,0.12
55,1,4,3.013888888888889,53.43563937967062,160.85658529646025,72.0,0.2300852555277707,163,57,2735,3021,0.6388888888888888,804,0,1,1,0,0,0,1,0,1,0,0,1,0,0,0,0,0,1,0,0,0,0,0,0,0,0,0,1,0,0,0,0,0,0,0.145
67,5,1,2.430555555555556,51.14527777777778,126.3409722222222,14.4,0.25,144,0,1584,7128,1.0,522,0,1,1,0,0,1,0,0,0,1,0,0,1,0,0,0,0,1,0,0,0,0,0,0,0,1,0,0,0,0,0,0,0,1,0.99
58,9,2,2.680555555555556,48.99944444444444,131.34597222222223,8.0,14.39511629107515,360,360,3312,1872,1.0,377,0,1,0,0,1,1,0,0,0,1,0,0,0,0,1,0,0,0,0,1,0,0,0,0,1,0,0,0,0,0,0,1,0,0,0.0
37,5,2,2.4507042253521125,48.44366197183098,115.26464788732396,14.2,10.56587716784563,213,71,2769,1846,1.0,373,0,1,0,1,0,0,1,0,1,0,0,1,0,0,0,0,1,0,0,0,1,0,0,0,0,0,0,0,0,0,0,0,1,0,0.0
49,14,1,2.5211267605633805,50.58338028169014,126.94225352112676,5.071428571428571,0.15,284,0,1491,7242,1.0,501,1,1,0,0,1,1,0,0,0,0,1,0,0,0,1,0,0,1,0,0,0,0,0,0,0,0,1,0,0,0,0,1,0,0,0.99
26,14,0,2.5774647887323945,55.01591549295775,139.4094366197183,5.071428571428571,0.06,284,0,1136,2911,1.0,370,1,1,0,1,0,0,1,0,0,0,1,0,1,0,0,0,0,1,0,0,0,0,0,0,0,0,0,1,0,0,0,1,0,0,0.005
56,7,3,2.718309859154929,49.10901408450704,133.1381690140845,10.142857142857142,0.28,0,142,2698,5254,1.0,371,1,1,0,1,0,0,0,1,1,0,0,0,0,0,1,1,0,0,0,0,0,1,0,0,0,0,0,0,0,1,0,0,0,0,0.005
53,15,2,2.6527777777777777,56.23972222222223,149.49222222222224,4.8,0.04,0,216,1008,6552,1.0,504,0,1,1,0,0,0,1,0,0,0,1,1,0,0,0,1,0,0,0,0,0,0,0,1,0,0,0,0,0,0,0,0,1,0,0.98
32,5,3,2.4788732394366195,51.16521126760564,129.34619718309858,14.2,0.23,213,0,1633,923,1.0,402,0,1,0,0,1,1,0,0,1,0,0,0,1,0,0,0,1,0,0,0,0,0,0,1,0,0,0,0,0,0,0,0,1,0,0.01
29,2,3,2.7746478873239435,49.253098591549296,139.7054929577465,35.5,11.112086948137222,568,426,1633,4544,1.0,373,1,1,1,0,0,1,0,0,0,0,1,0,1,0,0,0,0,1,0,0,1,0,0,0,0,0,0,0,0,0,0,1,0,0,0.0
22,10,4,3.014084507042253,49.82192620783896,147.8934338560962,7.1,0.2777498089872534,146,65,638,7167,0.4929577464788732,509,0,1,0,0,1,0,1,0,0,0,1,1,0,0,0,1,0,0,0,0,0,0,0,1,0,0,0,0,0,0,0,0,0,0,0.11
35,2,1,2.513888888888889,51.74638888888889,131.42888888888888,36.0,0.03,72,0,2304,4032,1.0,370,0,1,0,0,1,1,0,0,0,0,1,0,0,1,0,0,1,0,0,0,0,1,0,0,0,0,0,0,0,0,0,0,0,1,0.0
42,5,1,2.535211267605634,54.82816901408451,142.59028169014084,14.2,5.925676610997473,355,213,1775,1917,1.0,376,1,1,0,1,0,1,0,0,0,0,1,0,0,0,1,0,0,0,1,0,0,0,0,0,0,0,0,1,0,0,0,1,0,0,0.0
25,6,0,2.430555555555556,49.025416666666665,119.9275,12.0,0.12,0,216,3096,4680,1.0,378,0,1,0,1,0,1,0,0,1,0,0,0,0,1,0,1,0,0,0,0,0,0,0,0,1,0,0,0,0,0,0,0,1,0,0.01
51,1,2,2.5211267605633805,45.753098591549296,117.2874647887324,71.0,0.05,355,0,1491,6461,1.0,377,1,1,0,1,0,1,0,0,0,1,0,0,0,0,1,0,0,0,1,0,0,0,0,1,0,0,0,0,0,0,1,0,0,0,0.0
50,10,4,2.5,46.24208333333333,115.85138888888888,7.199999999999999,0.25,432,0,2160,7200,1.0,505,0,1,0,1,0,0,0,1,0,0,1,0,1,0,0,0,1,0,0,0,0,0,0,1,0,0,0,0,0,0,0,0,0,1,0.995
68,2,3,2.6338028169014085,52.51042253521126,137.97732394366196,35.5,0.08,0,71,852,1491,1.0,376,1,1,0,0,1,0,1,0,0,1,0,0,0,0,1,0,0,1,0,0,0,1,0,0,0,0,0,0,0,0,0,0,0,1,0.0
41,11,2,2.6527777777777777,50.16555555555556,134.0751388888889,6.545454545454546,0.28,0,144,1728,4896,1.0,374,1,1,1,0,0,0,1,0,0,1,0,1,0,0,0,0,0,0,0,1,0,0,0,0,0,0,1,0,0,0,0,0,1,0,0.0
50,14,3,3.375,50.325647176856485,171.9860136620602,5.142857142857143,0.3415569558547757,193,52,1367,1606,0.5833333333333334,755,0,1,0,0,1,0,1,0,1,0,0,0,0,1,0,0,1,0,0,0,0,0,0,0,0,0,0,1,0,0,0,0,0,0,0.16
58,3,2,2.5277777777777777,51.57652777777778,132.8111111111111,24.0,0.03,216,0,2376,5544,1.0,492,0,1,1,0,0,0,1,0,0,0,1,0,0,1,0,0,1,0,0,0,0,0,0,0,0,0,1,0,0,1,0,0,0,0,0.99
45,2,4,2.4507042253521125,53.157042253521126,134.68056338028168,35.5,11.342879700165357,355,426,497,1491,1.0,374,0,1,1,0,0,1,0,0,0,1,0,0,0,0,1,0,0,0,1,0,0,1,0,0,0,0,0,0,0,0,0,1,0,0,0.005
44,6,3,2.4788732394366195,52.21366197183099,131.42014084507042,11.833333333333334,0.11,71,0,1136,1988,1.0,371,1,1,1,0,0,1,0,0,1,0,0,1,0,0,0,1,0,0,0,0,0,0,0,0,1,0,0,0,0,0,0,1,0,0,0.005
56,1,3,2.6944444444444446,51.57666666666667,140.3975,72.0,9.99205815441885,504,648,3096,2376,1.0,376,0,1,1,0,0,0,1,0,0,0,1,0,0,0,1,0,0,0,0,1,0,0,0,0,0,0,1,0,0,0,1,0,0,0,0.015
31,7,2,2.458333333333333,48.23347222222222,118.72402777777776,10.285714285714286,14.906391210892846,720,360,2232,4248,1.0,371,1,1,0,1,0,1,0,0,0,1,0,1,0,0,0,0,0,0,0,1,0,0,1,0,0,0,0,0,0,0,0,0,1,0,0.0
38,4,1,2.718309859154929,52.79422535211268,141.41788732394366,17.75,0.06,284,0,1704,2840,1.0,492,1,1,1,0,0,1,0,0,1,0,0,1,0,0,0,1,0,0,0,0,0,0,0,0,0,0,0,0,1,0,0,0,1,0,0.985
43,10,0,2.611111111111111,51.59375,136.68180555555557,7.199999999999999,0.3,288,0,3312,2232,1.0,382,0,1,0,0,1,0,0,1,0,1,0,0,0,0,1,1,0,0,0,0,0,0,0,0,0,0,0,0,1,0,0,0,1,0,0.005
23,2,0,2.5,50.124027777777776,129.52638888888887,36.0,0.02,288,0,648,6048,1.0,371,1,1,0,1,0,0,0,1,0,1,0,0,0,1,0,0,0,1,0,0,0,0,1,0,0,0,0,0,0,0,0,1,0,0,0.0
61,13,2,2.436619718309859,50.7656338028169,120.3674647887324,5.461538461538462,10.541547708051995,71,71,2982,4118,1.0,376,0,1,0,1,0,0,0,1,0,1,0,0,0,0,1,1,0,0,0,0,1,0,0,0,0,0,0,0,0,0,1,0,0,0,0.0
41,7,2,2.611111111111111,51.52013888888889,133.9636111111111,10.285714285714286,0.02,288,0,3456,2736,1.0,370,0,1,0,0,1,0,0,1,1,0,0,0,1,0,0,0,0,1,0,0,0,1,0,0,0,0,0,0,0,0,0,0,1,0,0.005
43,6,1,2.3661971830985915,47.20929577464789,116.59957746478872,11.833333333333334,0.11,142,0,2414,5396,1.0,373,1,1,0,0,1,1,0,0,0,1,0,0,1,0,0,0,0,0,1,0,0,0,1,0,0,0,0,0,0,0,0,0,0,1,0.005
57,9,1,2.5,49.63930555555555,123.71763888888889,8.0,0.08,0,216,2808,1944,1.0,497,1,1,0,1,0,1,0,0,0,0,1,0,1,0,0,0,0,0,1,0,0,0,0,0,0,0,0,1,0,0,0,1,0,0,0.98
53,8,3,2.611111111111111,49.22847222222222,133.15986111111113,9.0,0.01,288,0,3528,4320,1.0,495,0,1,0,0,1,0,1,0,1,0,0,0,0,1,0,1,0,0,0,0,0,0,0,0,1,0,0,0,0,0,1,0,0,0,0.995
41,3,3,2.6619718309859155,48.7656338028169,128.97056338028167,23.666666666666668,7.683813403410546,71,497,3337,3124,1.0,371,1,1,0,1,0,1,0,0,1,0,0,1,0,0,0,1,0,0,0,0,0,0,1,0,0,0,0,0,0,0,1,0,0,0,0.0
68,11,1,2.6619718309859155,49.71084507042253,131.76366197183097,6.454545454545454,0.14,284,0,3550,2556,1.0,377,1,1,0,0,1,0,0,1,0,1,0,0,1,0,0,0,1,0,0,0,0,1,0,0,0,0,0,0,0,0,0,0,0,1,0.005
60,1,0,2.6901408450704225,46.49267605633803,125.456338028169,71.0,0.06,0,284,1491,4260,1.0,370,1,1,1,0,0,0,0,1,1,0,0,1,0,0,0,0,0,0,1,0,0,1,0,0,0,0,0,0,0,0,0,1,0,0,0.0
31,7,2,2.8472222222222223,52.46885328437876,152.06697651980295,10.285714285714286,0.3495332112624006,166,51,2303,4450,0.6111111111111112,700,1,1,0,1,0,1,0,0,0,1,0,1,0,0,0,0,0,0,0,1,0,0,0,0,0,1,0,0,0,0,0,0,0,0,0.15
51,13,0,2.7746478873239435,52.073802816901406,142.91577464788733,5.461538461538462,11.337021491248372,639,71,2769,1704,1.0,373,1,1,1,0,0,0,1,0,0,1,0,0,0,0,1,1,0,0,0,0,0,1,0,0,0,0,0,0,0,0,0,0,0,1,0.0
29,6,4,2.375,46.644444444444446,110.05625,12.0,0.09,0,504,720,4608,1.0,374,1,1,0,0,1,0,1,0,0,0,1,0,0,0,1,1,0,0,0,0,0,0,0,0,1,0,0,0,0,1,0,0,0,0,0.02
50,7,1,2.958333333333333,54.0312670868033,160.30216876734983,10.285714285714286,0.2930280455290106,136,76,2879,3376,0.5555555555555556,820,1,1,0,1,0,0,1,0,0,0,1,0,0,1,0,1,0,0,0,0,0,0,0,0,0,0,0,1,0,0,0,0,0,0,0.075
21,9,0,2.3661971830985915,49.22901408450704,122.02014084507044,7.888888888888888,0.01,284,0,1775,4189,1.0,371,1,1,0,0,1,0,1,0,0,0,1,1,0,0,0,0,0,1,0,0,1,0,0,0,0,0,0,0,0,0,0,1,0,0,0.015
44,3,3,2.605633802816901,50.570281690140845,130.8132394366197,23.666666666666668,0.25,355,0,1136,6390,1.0,372,1,1,0,1,0,0,1,0,0,0,1,1,0,0,0,0,1,0,0,0,0,0,0,0,0,0,0,1,0,0,0,0,1,0,0.005
53,4,2,2.507042253521127,50.6381690140845,130.07042253521126,17.75,0.23,142,0,852,6603,1.0,371,1,1,0,0,1,0,0,1,1,0,0,0,0,0,1,0,0,1,0,0,0,0,0,0,0,0,0,1,0,0,1,0,0,0,0.0
56,15,4,2.8472222222222223,52.011805555555554,147.79041666666666,4.8,0.1,144,0,2088,5688,1.0,392,0,1,1,0,0,1,0,0,0,1,0,1,0,0,0,1,0,0,0,0,0,0,0,0,0,0,0,1,0,0,0,1,0,0,0.005
45,5,1,2.619718309859155,51.99042253521127,135.58464788732394,14.2,14.679563163475962,568,142,3408,5538,1.0,377,1,1,1,0,0,0,1,0,1,0,0,0,0,0,1,1,0,0,0,0,1,0,0,0,0,0,0,0,0,0,0,0,1,0,0.0
50,6,4,2.458333333333333,49.11597222222222,120.34791666666666,12.0,0.04,216,0,1728,3528,1.0,377,1,1,0,0,1,1,0,0,1,0,0,0,1,0,0,0,0,1,0,0,0,0,0,0,0,0,0,1,0,0,0,0,0,1,0.005
30,15,2,2.676056338028169,49.27366197183098,133.3091549295775,4.733333333333333,0.22,142,0,3337,6248,1.0,492,1,1,0,1,0,0,1,0,0,0,1,1,0,0,0,1,0,0,0,0,1,0,0,0,0,0,0,0,0,0,0,0,0,1,0.99
58,13,1,2.605633802816901,46.71943661971831,122.54154929577466,5.461538461538462,12.497540224720405,568,213,568,2627,1.0,372,1,1,0,0,1,0,1,0,0,1,0,0,0,1,0,0,0,0,0,1,0,0,1,0,0,0,0,0,0,0,1,0,0,0,0.0
21,7,1,2.718309859154929,51.57056338028169,140.97295774647887,10.142857142857142,14.671491085699952,497,213,426,994,1.0,383,1,1,1,0,0,1,0,0,1,0,0,1,0,0,0,0,0,1,0,0,0,0,0,0,0,0,1,0,0,0,0,1,0,0,0.01
29,6,0,3.055555555555556,53.983791262536016,166.93016505014404,12.0,0.316639176964176,141,93,1367,4896,0.6527777777777778,692,1,1,0,1,0,0,1,0,1,0,0,0,0,0,1,0,0,0,1,0,0,0,0,1,0,0,0,0,0,0,0,0,1,0,0.755
70,7,1,2.5694444444444446,49.29958333333334,124.67097222222222,10.285714285714286,0.26,144,0,720,4464,1.0,373,1,1,0,0,1,0,0,1,0,1,0,0,0,1,0,0,0,0,0,1,0,0,0,0,0,1,0,0,0,1,0,0,0,0,0.0
26,10,2,2.5492957746478875,48.888591549295775,123.87760563380282,7.1,0.11,284,0,1633,3266,1.0,497,0,1,0,0,1,1,0,0,0,0,1,0,1,0,0,0,0,0,1,0,0,0,0,0,0,1,0,0,0,1,0,0,0,0,0.99
20,13,1,3.0277777777777777,48.7319617559051,148.51671860104864,5.538461538461538,0.2458066621717978,156,64,719,6479,0.6666666666666666,815,0,1,0,0,1,1,0,0,1,0,0,0,0,1,0,0,1,0,0,0,0,0,1,0,0,0,0,0,0,0,0,0,1,0,0.095
53,3,4,2.647887323943662,54.51422535211268,143.64267605633802,23.666666666666668,0.13,0,284,1207,4686,1.0,371,1,1,0,0,1,1,0,0,0,0,1,0,1,0,0,1,0,0,0,0,0,0,0,0,1,0,0,0,0,0,0,1,0,0,0.0
28,9,4,2.3472222222222223,46.86138888888889,110.88638888888887,8.0,10.421933068635122,720,360,2232,2304,1.0,376,1,1,0,1,0,1,0,0,0,1,0,0,0,1,0,0,0,1,0,0,0,0,0,0,0,0,0,0,1,0,1,0,0,0,0.0
53,4,2,2.5416666666666665,48.45763888888889,127.195,18.0,0.23,144,0,864,6696,1.0,375,1,1,0,0,1,0,0,1,1,0,0,0,0,0,1,0,0,1,0,0,0,0,0,0,0,0,0,0,1,0,0,0,1,0,0.005
23,11,2,2.7222222222222223,53.14652777777778,142.07333333333335,6.545454545454546,0.18,0,432,1440,1800,1.0,496,0,1,0,0,1,0,0,1,0,1,0,0,0,1,0,1,0,0,0,0,0,1,0,0,0,0,0,0,0,0,0,0,1,0,0.98
47,4,2,2.6338028169014085,53.09154929577465,138.15521126760564,17.75,14.628142769659158,142,710,3053,5041,1.0,373,1,1,1,0,0,1,0,0,1,0,0,0,0,1,0,1,0,0,0,0,0,1,0,0,0,0,0,0,0,0,1,0,0,0,0.0
45,6,4,2.4027777777777777,48.63194444444444,116.90791666666668,12.0,10.205508242254684,0,504,1800,5472,1.0,370,1,1,0,1,0,1,0,0,0,0,1,0,0,0,1,0,0,1,0,0,0,0,0,0,0,0,0,1,0,0,1,0,0,0,0.005
70,1,2,2.263888888888889,47.060138888888886,108.4525,72.0,0.19,432,0,1656,4608,1.0,377,0,1,1,0,0,1,0,0,1,0,0,0,0,1,0,0,0,1,0,0,0,0,0,0,0,0,1,0,0,0,0,0,1,0,0.015
18,9,3,2.736111111111111,50.42555555555556,134.95569444444445,8.0,0.22,0,144,3600,4248,1.0,495,1,1,0,1,0,1,0,0,0,1,0,0,0,0,1,0,0,1,0,0,0,0,0,0,0,0,1,0,0,1,0,0,0,0,0.965
53,8,3,2.647887323943662,48.14464788732394,126.91971830985916,8.875,0.01,284,0,3479,4260,1.0,492,0,1,0,0,1,0,1,0,1,0,0,0,0,1,0,1,0,0,0,0,0,0,0,0,0,1,0,0,0,0,0,0,1,0,0.99
57,6,0,2.4444444444444446,50.64375,125.40444444444444,12.0,0.13,144,0,1584,936,1.0,373,1,1,0,0,1,0,1,0,0,1,0,0,0,0,1,0,0,0,1,0,0,1,0,0,0,0,0,0,0,1,0,0,0,0,0.0
33,2,4,3.083333333333333,48.46899361820819,145.50691028487483,36.0,0.2388188603598763,146,93,3383,3389,0.6527777777777778,759,0,1,0,1,0,1,0,0,0,0,1,1,0,0,0,0,1,0,0,0,0,0,0,1,0,0,0,0,0,0,0,0,1,0,0.1
25,14,0,2.5972222222222223,50.07986111111112,130.6290277777778,5.142857142857143,0.17,0,144,1584,7128,1.0,492,0,1,1,0,0,1,0,0,1,0,0,1,0,0,0,1,0,0,0,0,1,0,0,0,0,0,0,0,0,0,0,1,0,0,0.985
65,4,4,2.464788732394366,50.55718309859155,125.3487323943662,17.75,9.824867521735362,426,142,1775,6461,1.0,371,0,1,0,0,1,1,0,0,0,1,0,0,1,0,0,0,0,0,0,1,0,0,1,0,0,0,0,0,0,0,0,0,0,1,0.0
40,8,3,2.6338028169014085,51.12267605633803,137.30774647887324,8.875,12.152893382918927,213,142,923,4828,1.0,380,1,1,1,0,0,1,0,0,0,0,1,0,1,0,0,0,0,1,0,0,0,0,0,0,0,1,0,0,0,1,0,0,0,0,0.0
43,5,1,2.563380281690141,52.138028169014085,136.66211267605635,14.2,0.08,0,284,3124,5467,1.0,490,1,1,0,1,0,1,0,0,0,1,0,0,1,0,0,1,0,0,0,0,0,1,0,0,0,0,0,0,0,0,0,1,0,0,0.98
66,12,0,2.3472222222222223,48.44291666666666,113.74638888888887,6.0,0.1,0,216,3456,2520,1.0,372,1,1,0,0,1,1,0,0,0,0,1,0,1,0,0,0,0,1,0,0,0,1,0,0,0,0,0,0,0,0,1,0,0,0,0.01
57,9,3,2.8732394366197185,46.90014084507042,133.51478873239435,7.888888888888888,0.16,213,0,2201,5325,1.0,494,1,1,0,0,1,0,0,1,0,1,0,0,0,0,1,0,0,1,0,0,0,0,0,0,0,0,0,1,0,0,0,1,0,0,0.975
31,2,0,2.464788732394366,51.805774647887326,122.38957746478872,35.5,10.871398822095117,0,0,639,781,1.0,378,1,1,1,0,0,0,0,1,0,0,1,0,0,0,1,0,0,1,0,0,1,0,0,0,0,0,0,0,0,0,1,0,0,0,0.005
24,1,1,2.8028169014084505,51.67,147.69647887323944,71.0,0.16,0,213,1136,1136,1.0,370,1,1,0,1,0,0,1,0,0,1,0,1,0,0,0,0,1,0,0,0,0,0,1,0,0,0,0,0,0,1,0,0,0,0,0.005
24,4,0,2.9444444444444446,50.41022329225191,150.8998664612595,18.0,0.2820337927216573,145,79,2375,1503,0.625,735,1,1,1,0,0,0,0,1,1,0,0,0,1,0,0,1,0,0,0,0,1,0,0,0,0,0,0,0,0,0,0,0,0,0,0.06
47,8,1,2.4507042253521125,53.09267605633803,127.31112676056338,8.875,12.707630080622156,0,71,781,2769,1.0,376,0,1,1,0,0,1,0,0,0,1,0,1,0,0,0,1,0,0,0,0,0,0,0,0,0,1,0,0,0,0,1,0,0,0,0.0
37,9,4,2.6619718309859155,51.42887323943662,137.19140845070422,7.888888888888888,0.25,213,0,639,5041,1.0,376,1,1,0,1,0,0,1,0,0,0,1,1,0,0,0,0,0,0,0,1,0,0,1,0,0,0,0,0,0,0,0,0,1,0,0.0
60,8,0,2.458333333333333,53.14458333333333,133.68194444444444,9.0,0.15,0,144,1296,5544,1.0,387,1,1,0,0,1,1,0,0,0,1,0,0,0,0,1,0,0,0,0,1,0,0,1,0,0,0,0,0,0,0,0,0,0,1,0.0
25,11,3,2.605633802816901,49.691830985915495,129.2491549295775,6.454545454545454,0.11,0,284,3266,3692,1.0,371,0,1,0,0,1,0,1,0,1,0,0,0,1,0,0,0,1,0,0,0,1,0,0,0,0,0,0,0,0,1,0,0,0,0,0.0
41,12,4,2.7222222222222223,48.99722222222223,132.2688888888889,6.0,0.25,288,0,1224,2664,1.0,370,1,1,1,0,0,0,0,1,0,1,0,0,0,1,0,0,0,1,0,0,0,0,0,0,0,0,0,0,1,0,0,0,1,0,0.0
68,11,1,2.3661971830985915,47.37985915492958,109.58408450704226,6.454545454545454,0.22,213,0,3266,5041,1.0,372,1,1,1,0,0,0,1,0,0,1,0,0,1,0,0,1,0,0,0,0,0,0,0,0,1,0,0,0,0,0,1,0,0,0,0.0
62,5,2,2.704225352112676,52.52028169014085,139.2061971830986,14.2,0.29,71,0,3337,6603,1.0,495,0,1,1,0,0,0,1,0,0,1,0,0,1,0,0,0,0,0,0,1,0,0,0,0,0,0,0,1,0,0,0,1,0,0,0.99
42,15,0,2.4722222222222223,49.47138888888889,124.13305555555556,4.8,0.15,0,72,3312,3312,1.0,370,1,1,1,0,0,1,0,0,0,1,0,1,0,0,0,1,0,0,0,0,0,0,0,0,0,0,0,1,0,0,0,1,0,0,0.0
57,6,0,2.408450704225352,47.12323943661972,114.15422535211268,11.833333333333334,0.13,142,0,1562,923,1.0,372,1,1,0,0,1,0,1,0,0,1,0,0,0,0,1,0,0,0,1,0,0,0,1,0,0,0,0,0,0,0,1,0,0,0,0.005
48,3,2,2.464788732394366,50.46056338028169,121.8281690140845,23.666666666666668,0.11,284,0,3266,7313,1.0,370,0,1,0,1,0,0,1,0,0,1,0,0,1,0,0,0,0,0,1,0,0,0,0,0,0,1,0,0,0,1,0,0,0,0,0.0
26,10,2,2.5211267605633805,45.74830985915493,114.79084507042252,7.1,0.11,284,0,1633,3266,1.0,493,0,1,0,0,1,1,0,0,0,0,1,0,1,0,0,0,0,0,1,0,0,0,0,0,0,1,0,0,0,0,0,0,0,1,0.995
25,10,4,2.4444444444444446,53.89138888888888,130.57722222222222,7.199999999999999,0.15,288,0,648,6480,1.0,492,0,1,0,1,0,1,0,0,1,0,0,0,1,0,0,0,0,0,1,0,1,0,0,0,0,0,0,0,0,0,0,1,0,0,1.0
58,1,0,2.563380281690141,56.08577464788733,145.8092957746479,71.0,0.26,284,0,1704,2343,1.0,498,1,1,1,0,0,0,0,1,0,1,0,0,0,0,1,0,1,0,0,0,0,0,1,0,0,0,0,0,0,0,1,0,0,0,0.97
70,10,1,2.732394366197183,51.87449449618596,140.3753395666085,7.1,0.3117504632747838,145,63,2981,6157,0.5915492957746479,531,0,1,0,0,1,0,0,1,0,0,1,1,0,0,0,0,0,0,0,1,1,0,0,0,0,0,0,0,0,0,0,0,0,0,0.785
52,1,0,2.323943661971831,53.98338028169015,128.4780281690141,71.0,0.3,142,0,1846,7242,1.0,499,0,1,1,0,0,1,0,0,1,0,0,0,0,1,0,1,0,0,0,0,0,1,0,0,0,0,0,0,0,0,0,1,0,0,0.98
53,3,4,2.408450704225352,50.14760563380282,120.43070422535212,23.666666666666668,0.13,0,284,1207,4686,1.0,372,1,1,0,0,1,1,0,0,0,0,1,0,1,0,0,1,0,0,0,0,0,0,0,0,0,0,0,1,0,0,1,0,0,0,0.0
48,5,4,3.333333333333333,51.14288318015614,171.53556049840233,14.4,0.2234255125818722,164,77,935,3332,0.625,638,0,1,1,0,0,1,0,0,0,0,1,0,0,1,0,0,0,0,0,1,0,0,0,0,0,1,0,0,0,0,0,0,0,0,0.09
68,2,2,2.4444444444444446,50.32625,122.23847222222224,36.0,7.482818375611497,360,144,2088,4824,1.0,371,1,1,1,0,0,1,0,0,0,1,0,0,0,0,1,1,0,0,0,0,0,0,0,0,0,1,0,0,0,0,0,1,0,0,0.0
50,7,3,2.625,49.91236111111111,135.2002777777778,10.285714285714286,0.03,144,0,2808,6264,1.0,371,1,1,1,0,0,0,1,0,0,0,1,0,0,1,0,0,0,0,0,1,0,0,0,1,0,0,0,0,0,0,1,0,0,0,0.005
33,10,1,2.76056338028169,52.888028169014085,148.16014084507043,7.1,0.16,71,0,1349,6390,1.0,494,1,1,1,0,0,0,1,0,1,0,0,0,0,1,0,0,0,1,0,0,0,0,0,0,0,0,0,1,0,0,0,1,0,0,0.975
60,10,3,2.436619718309859,49.96281690140845,119.56394366197183,7.1,0.18,355,0,2982,2414,1.0,505,0,1,0,1,0,0,0,1,1,0,0,0,0,1,0,0,0,1,0,0,0,0,0,0,0,0,0,1,0,0,1,0,0,0,1.0
44,9,2,2.676056338028169,49.74873239436619,129.88887323943663,7.888888888888888,6.785057725304087,497,0,3266,5609,1.0,370,0,1,1,0,0,1,0,0,0,0,1,0,0,1,0,0,0,0,1,0,0,0,0,0,0,0,0,0,1,0,0,1,0,0,0.0
18,3,0,2.816901408450704,47.46943661971831,134.31169014084506,23.666666666666668,0.29,0,355,1633,4686,1.0,373,1,1,0,0,1,1,0,0,1,0,0,1,0,0,0,1,0,0,0,0,1,0,0,0,0,0,0,0,0,1,0,0,0,0,0.005
47,2,0,2.2777777777777777,53.642500000000005,118.8165277777778,36.0,0.21,0,216,648,4032,1.0,492,0,1,0,0,1,0,0,1,0,0,1,0,1,0,0,0,0,0,0,1,0,0,1,0,0,0,0,0,0,0,1,0,0,0,0.98
59,1,3,2.464788732394366,50.517042253521126,126.77309859154929,71.0,0.25,213,0,3124,3266,1.0,494,1,1,0,1,0,0,0,1,1,0,0,0,0,1,0,0,0,1,0,0,0,0,0,0,0,0,0,1,0,0,0,0,1,0,0.99
51,14,1,2.5211267605633805,46.81774647887324,120.9543661971831,5.071428571428571,5.486951393525363,71,639,1917,4828,1.0,375,1,1,0,0,1,0,0,1,0,1,0,0,0,0,1,1,0,0,0,0,0,0,1,0,0,0,0,0,0,0,0,1,0,0,0.0
48,11,0,2.619718309859155,49.69225352112676,128.49774647887324,6.454545454545454,11.7797599545946,497,568,426,5112,1.0,371,0,1,0,1,0,1,0,0,0,0,1,1,0,0,0,0,0,1,0,0,0,0,0,0,0,0,1,0,0,1,0,0,0,0,0.0
28,5,4,3.0416666666666665,55.15696864864218,168.2394023723465,14.4,0.3009175389011061,138,93,2447,5687,0.5555555555555556,634,0,1,1,0,0,0,1,0,1,0,0,0,1,0,0,0,0,1,0,0,0,0,1,0,0,0,0,0,0,0,0,0,0,0,0.79
54,12,2,2.5492957746478875,47.08605633802817,119.19,5.916666666666667,0.08,0,142,2769,4047,1.0,373,0,1,0,1,0,0,0,1,0,0,1,0,1,0,0,1,0,0,0,0,0,1,0,0,0,0,0,0,0,0,0,0,1,0,0.0
53,4,2,2.676056338028169,51.78042253521127,139.44225352112676,17.75,0.23,142,0,852,6603,1.0,371,1,1,0,0,1,0,0,1,1,0,0,0,0,0,1,0,0,1,0,0,0,0,0,0,0,1,0,0,0,0,0,0,0,1,0.0
65,15,2,2.4444444444444446,53.22625,133.07125,4.8,0.03,0,144,2880,2232,1.0,374,1,1,0,1,0,0,0,1,0,0,1,0,0,1,0,0,0,0,1,0,0,1,0,0,0,0,0,0,0,1,0,0,0,0,0.005
40,12,4,2.4788732394366195,51.12366197183099,125.24281690140845,5.916666666666667,0.0,142,0,3621,3550,1.0,507,0,1,1,0,0,0,1,0,0,0,1,0,0,1,0,0,0,0,0,1,0,0,0,0,0,0,1,0,0,0,0,0,1,0,1.0
57,12,3,2.563380281690141,48.558169014084505,122.61788732394363,5.916666666666667,0.01,213,0,2272,7171,1.0,372,0,1,1,0,0,0,1,0,0,0,1,1,0,0,0,1,0,0,0,0,0,0,0,0,0,0,0,1,0,0,0,0,1,0,0.0
50,9,2,2.388888888888889,50.230555555555554,119.97680555555556,8.0,0.22,360,0,1152,3456,1.0,374,1,1,1,0,0,0,1,0,0,0,1,1,0,0,0,1,0,0,0,0,0,0,0,1,0,0,0,0,0,0,0,0,1,0,0.0
47,10,0,2.75,47.06847222222222,129.31555555555553,7.199999999999999,0.21,72,0,1512,1008,1.0,370,1,1,0,1,0,0,1,0,0,0,1,1,0,0,0,0,1,0,0,0,0,0,0,0,0,0,0,1,0,1,0,0,0,0,0.01
24,2,3,2.5492957746478875,52.23830985915493,132.40732394366196,35.5,0.02,213,0,3266,1136,1.0,385,0,1,0,1,0,0,0,1,0,1,0,0,0,0,1,0,0,0,1,0,0,0,0,1,0,0,0,0,0,1,0,0,0,0,0.005
24,2,0,2.5211267605633805,50.1730985915493,121.92676056338028,35.5,0.27,142,0,2343,6745,1.0,371,0,1,1,0,0,0,0,1,1,0,0,0,1,0,0,0,1,0,0,0,0,0,0,0,0,0,0,1,0,1,0,0,0,0,0.005
44,15,2,2.5694444444444446,50.38902777777778,128.89888888888888,4.8,0.06,216,0,2376,4032,1.0,494,1,1,0,0,1,0,0,1,0,0,1,0,0,0,1,0,1,0,0,0,0,0,1,0,0,0,0,0,0,0,0,0,1,0,0.995
21,1,2,2.535211267605634,53.081830985915495,136.99450704225353,71.0,9.921265665388862,71,639,3195,1775,1.0,380,0,1,0,1,0,0,1,0,0,1,0,0,0,1,0,0,1,0,0,0,0,0,0,0,0,1,0,0,0,0,0,1,0,0,0.0
22,2,3,2.464788732394366,48.54816901408451,117.3749295774648,35.5,0.24,0,355,1633,5822,1.0,491,0,1,0,1,0,0,1,0,0,1,0,0,0,1,0,0,0,0,0,1,0,0,0,0,0,1,0,0,0,0,0,0,0,1,0.995
43,4,1,2.5,47.257777777777775,115.14916666666666,18.0,0.28,288,0,1944,5400,1.0,373,0,1,0,1,0,0,1,0,0,1,0,1,0,0,0,0,0,0,1,0,1,0,0,0,0,0,0,0,0,0,0,0,0,1,0.005
47,8,1,2.555555555555556,50.14805555555555,128.4704166666667,9.0,12.707630080622156,0,72,792,2808,1.0,371,0,1,1,0,0,1,0,0,0,1,0,1,0,0,0,1,0,0,0,0,0,0,0,0,1,0,0,0,0,0,0,0,0,1,0.0
57,9,3,2.647887323943662,46.988028169014086,125.83464788732395,7.888888888888888,0.08,142,0,1420,2414,1.0,494,1,1,0,0,1,0,0,1,0,0,1,0,0,1,0,1,0,0,0,0,0,0,0,0,0,1,0,0,0,0,0,0,1,0,0.99
60,11,3,2.4166666666666665,47.91875,117.61958333333334,6.545454545454546,0.05,0,144,1512,2160,1.0,374,1,1,0,0,1,1,0,0,0,1,0,0,0,1,0,0,0,1,0,0,0,0,0,0,0,0,1,0,0,0,1,0,0,0,0.03
51,14,1,2.861111111111111,54.23173937901971,150.9836176469283,5.142857142857143,0.2307909915767411,144,70,2015,5100,0.7361111111111112,888,1,1,0,0,1,0,0,1,0,1,0,0,0,0,1,1,0,0,0,0,0,0,0,0,0,1,0,0,0,0,1,0,0,0,0.1
69,13,4,2.5774647887323945,46.606056338028175,121.14140845070423,5.461538461538462,0.16,0,355,1704,4544,1.0,371,1,1,0,1,0,1,0,0,1,0,0,0,0,1,0,0,1,0,0,0,0,0,1,0,0,0,0,0,0,1,0,0,0,0,0.0
31,2,0,2.680555555555556,48.56138621985183,126.52555021748144,36.0,0.3087694280846544,127,64,719,983,0.5694444444444444,778,1,1,1,0,0,0,0,1,0,0,1,0,0,0,1,0,0,1,0,0,0,0,1,0,0,0,0,0,0,0,0,0,0,0,0.095
47,9,2,2.619718309859155,45.894366197183096,120.6288732394366,7.888888888888888,0.09,142,0,923,1562,1.0,371,1,1,0,1,0,1,0,0,1,0,0,1,0,0,0,0,1,0,0,0,0,0,0,0,0,1,0,0,0,0,1,0,0,0,0.005
30,14,1,2.958333333333333,50.77299103749623,154.3105008902665,5.142857142857143,0.3021584625494898,169,48,2735,5826,0.625,675,1,1,1,0,0,0,1,0,1,0,0,0,0,1,0,0,0,1,0,0,0,0,0,0,0,1,0,0,0,0,0,0,0,0,0.735
57,9,1,2.563380281690141,48.76676056338028,128.21478873239437,7.888888888888888,0.19,142,0,426,4189,1.0,373,0,1,0,1,0,1,0,0,0,0,1,0,1,0,0,1,0,0,0,0,0,0,0,0,0,0,1,0,0,0,0,1,0,0,0.005
29,2,3,2.6666666666666665,50.13194444444444,138.6063888888889,36.0,11.112086948137222,576,432,1656,4608,1.0,376,1,1,1,0,0,1,0,0,0,0,1,0,1,0,0,0,0,1,0,0,0,0,0,0,0,1,0,0,0,0,0,0,0,1,0.0
45,13,3,2.591549295774648,50.33338028169014,128.91028169014083,5.461538461538462,0.15,142,0,3479,5325,1.0,371,0,1,0,1,0,1,0,0,0,1,0,0,0,0,1,0,0,1,0,0,0,0,0,1,0,0,0,0,0,0,0,0,1,0,0.0
55,5,1,2.605633802816901,46.91549295774648,122.42028169014084,14.2,0.08,142,0,1917,2911,1.0,370,0,1,0,0,1,0,1,0,1,0,0,0,0,0,1,0,0,0,0,1,0,1,0,0,0,0,0,0,0,0,1,0,0,0,0.0
52,1,0,2.5,50.84319444444444,125.58347222222224,72.0,0.3,144,0,1872,7344,1.0,493,0,1,1,0,0,1,0,0,1,0,0,0,0,1,0,1,0,0,0,0,0,0,0,0,1,0,0,0,0,0,0,1,0,0,0.99
26,5,3,2.507042253521127,55.5856338028169,143.47211267605635,14.2,0.29,0,142,2059,1633,1.0,494,0,1,1,0,0,0,0,1,0,1,0,0,1,0,0,0,0,0,0,1,0,0,0,1,0,0,0,0,0,0,0,0,1,0,0.975
44,9,4,2.6944444444444446,51.93763888888888,138.43944444444443,8.0,8.454846215008608,288,0,2736,1152,1.0,374,0,1,0,1,0,0,1,0,0,1,0,0,0,1,0,0,0,1,0,0,0,0,0,0,0,0,0,1,0,0,0,0,0,1,0.0
70,6,1,2.4722222222222223,48.430416666666666,121.84847222222224,12.0,7.593953421698728,360,432,3384,792,1.0,381,0,1,1,0,0,1,0,0,0,0,1,0,0,0,1,0,0,0,1,0,1,0,0,0,0,0,0,0,0,0,0,1,0,0,0.0
37,10,0,2.591549295774648,49.469718309859154,134.50295774647887,7.1,0.18,71,0,1420,1207,1.0,503,1,1,1,0,0,1,0,0,0,0,1,0,0,1,0,1,0,0,0,0,0,0,0,1,0,0,0,0,0,0,0,0,1,0,0.98
55,11,2,2.3380281690140845,44.77394366197183,103.33478873239436,6.454545454545454,0.09,0,71,3550,4828,1.0,490,0,1,1,0,0,0,1,0,0,0,1,0,0,1,0,0,1,0,0,0,1,0,0,0,0,0,0,0,0,0,0,0,0,1,0.98
58,1,0,2.492957746478873,53.15295774647888,130.35901408450704,71.0,0.09,0,71,426,3976,1.0,371,1,1,0,1,0,1,0,0,0,1,0,1,0,0,0,0,0,0,0,1,1,0,0,0,0,0,0,0,0,1,0,0,0,0,0.01
57,9,1,2.7222222222222223,51.42027777777778,141.255,8.0,0.19,144,0,432,4248,1.0,375,0,1,0,1,0,1,0,0,0,0,1,0,1,0,0,1,0,0,0,0,1,0,0,0,0,0,0,0,0,0,0,0,0,1,0.005
21,1,2,2.555555555555556,49.660555555555554,128.85277777777776,72.0,9.921265665388862,72,648,3240,1800,1.0,371,0,1,0,1,0,0,1,0,0,1,0,0,0,1,0,0,1,0,0,0,0,0,1,0,0,0,0,0,0,0,1,0,0,0,0.0
24,2,0,2.458333333333333,54.2675,134.71833333333333,36.0,0.27,144,0,2376,6840,1.0,382,0,1,1,0,0,0,0,1,1,0,0,0,1,0,0,0,1,0,0,0,0,0,0,1,0,0,0,0,0,0,0,0,0,1,0.005
66,11,1,2.555555555555556,47.089444444444446,120.88902777777778,6.545454545454546,0.23,72,0,3024,7200,1.0,504,1,1,0,1,0,1,0,0,0,0,1,1,0,0,0,0,0,1,0,0,1,0,0,0,0,0,0,0,0,0,1,0,0,0,1.0
39,6,3,2.436619718309859,51.267605633802816,127.00450704225352,11.833333333333334,9.576744180930373,0,426,497,6177,1.0,372,1,1,1,0,0,0,1,0,0,0,1,0,1,0,0,0,1,0,0,0,0,1,0,0,0,0,0,0,0,0,1,0,0,0,0.0
20,13,1,2.583333333333333,46.76430555555556,119.30333333333334,5.538461538461538,0.28,288,0,720,6552,1.0,378,0,1,0,0,1,1,0,0,1,0,0,0,0,1,0,0,1,0,0,0,1,0,0,0,0,0,0,0,0,1,0,0,0,0,0.0
49,14,4,2.563380281690141,48.78760563380282,123.1011267605634,5.071428571428571,0.22,142,0,1988,1917,1.0,490,1,1,1,0,0,0,0,1,0,1,0,1,0,0,0,0,1,0,0,0,0,0,0,1,0,0,0,0,0,0,0,1,0,0,1.0
33,12,3,2.704225352112676,48.05957746478873,128.40718309859156,5.916666666666667,12.716348056920523,568,639,2201,2982,1.0,370,0,1,0,0,1,0,1,0,0,0,1,0,0,0,1,0,1,0,0,0,0,0,1,0,0,0,0,0,0,0,0,1,0,0,0.0
38,15,4,2.486111111111111,48.36472222222223,123.23611111111111,4.8,0.19,72,0,3384,2304,1.0,491,0,1,0,0,1,1,0,0,0,1,0,0,1,0,0,0,1,0,0,0,0,0,1,0,0,0,0,0,0,0,1,0,0,0,0.99
45,6,4,2.4507042253521125,46.00408450704225,114.13535211267605,11.833333333333334,10.205508242254684,0,497,1775,5396,1.0,388,1,1,0,1,0,1,0,0,0,0,1,0,0,0,1,0,0,1,0,0,0,0,0,0,1,0,0,0,0,0,0,0,1,0,0.0
34,8,4,2.583333333333333,47.91180555555556,124.35097222222224,9.0,9.187651188921814,360,144,1296,1728,1.0,375,0,1,1,0,0,1,0,0,0,0,1,0,0,1,0,0,0,0,0,1,0,0,1,0,0,0,0,0,0,0,1,0,0,0,0.0
49,14,4,2.4722222222222223,50.28194444444445,124.82,5.142857142857143,0.22,144,0,2016,1944,1.0,509,1,1,1,0,0,0,0,1,0,1,0,1,0,0,0,0,1,0,0,0,0,0,0,0,0,0,0,0,1,1,0,0,0,0,1.0
48,10,1,2.611111111111111,45.9675,118.2148611111111,7.199999999999999,0.2,0,216,3600,4752,1.0,370,0,1,0,1,0,0,1,0,0,1,0,0,0,1,0,0,0,0,0,1,0,1,0,0,0,0,0,0,0,1,0,0,0,0,0.005
54,15,1,2.535211267605634,48.14281690140845,121.35676056338028,4.733333333333333,8.864371006316826,568,142,2556,3408,1.0,370,0,1,0,1,0,1,0,0,1,0,0,0,1,0,0,0,0,0,1,0,0,0,0,1,0,0,0,0,0,0,1,0,0,0,0.0
34,8,3,2.6338028169014085,50.80901408450704,130.61140845070423,8.875,0.23,0,284,2556,3692,1.0,375,0,1,0,1,0,0,0,1,0,1,0,0,0,1,0,0,1,0,0,0,0,0,0,0,0,0,1,0,0,0,0,1,0,0,0.0
23,5,0,2.958333333333333,48.36137513102715,144.01929179769382,14.4,0.3096087027062009,133,91,2087,1436,0.6388888888888888,886,0,1,0,0,1,1,0,0,1,0,0,0,1,0,0,0,0,0,0,1,1,0,0,0,0,0,0,0,0,0,0,0,0,0,0.055
43,10,0,2.638888888888889,52.48361111111112,138.18375,7.199999999999999,0.3,288,0,3312,2232,1.0,387,0,1,0,0,1,0,0,1,0,1,0,0,0,0,1,1,0,0,0,0,0,0,0,0,0,0,1,0,0,0,0,0,0,1,0.01
34,8,4,2.535211267605634,45.9887323943662,113.64323943661972,8.875,9.187651188921814,355,142,1278,1704,1.0,380,0,1,1,0,0,1,0,0,0,0,1,0,0,1,0,0,0,0,0,1,0,0,0,0,0,0,0,1,0,1,0,0,0,0,0.0
66,12,1,2.486111111111111,48.928333333333335,120.45555555555556,6.0,0.08,0,216,3240,4896,1.0,493,0,1,1,0,0,1,0,0,1,0,0,0,1,0,0,0,0,0,0,1,0,1,0,0,0,0,0,0,0,1,0,0,0,0,0.99
41,3,3,2.3194444444444446,51.60930555555555,124.04152777777776,24.0,7.683813403410544,72,504,3384,3168,1.0,392,1,1,0,1,0,1,0,0,1,0,0,1,0,0,0,1,0,0,0,0,1,0,0,0,0,0,0,0,0,0,0,1,0,0,0.0
31,8,4,2.3943661971830985,53.724366197183095,129.2005633802817,8.875,11.492813938658998,71,497,3408,5680,1.0,374,1,1,1,0,0,0,1,0,1,0,0,0,1,0,0,0,1,0,0,0,0,0,0,0,0,1,0,0,0,0,0,0,1,0,0.0
22,14,2,2.436619718309859,45.14478873239437,108.7,5.071428571428571,13.0802703786225,71,710,3337,2556,1.0,395,1,1,0,0,1,0,0,1,0,1,0,0,0,1,0,0,0,1,0,0,0,0,0,0,0,1,0,0,0,0,0,1,0,0,0.005
55,3,3,2.3194444444444446,47.53916666666667,107.08208333333332,24.0,9.222769018017392,576,72,576,864,1.0,376,0,1,0,0,1,1,0,0,0,1,0,0,0,1,0,0,0,1,0,0,0,0,0,0,0,0,1,0,0,1,0,0,0,0,0.0
61,13,2,2.492957746478873,49.60788732394366,122.9338028169014,5.461538461538462,10.541547708051995,71,71,2982,4118,1.0,375,0,1,0,1,0,0,0,1,0,1,0,0,0,0,1,1,0,0,0,0,0,0,0,0,0,1,0,0,0,0,0,1,0,0,0.0
68,1,2,2.492957746478873,50.91549295774648,128.88478873239436,71.0,0.25,284,0,2911,7313,1.0,379,0,1,0,0,1,1,0,0,0,1,0,1,0,0,0,0,0,0,0,1,1,0,0,0,0,0,0,0,0,0,0,0,0,1,0.01
68,6,2,2.486111111111111,53.52055555555555,129.7501388888889,12.0,0.08,144,0,3456,3240,1.0,520,1,1,0,0,1,0,0,1,0,1,0,0,0,0,1,0,0,0,1,0,0,0,0,0,0,1,0,0,0,1,0,0,0,0,0.98
52,6,3,2.2816901408450705,47.93507042253521,110.92422535211269,11.833333333333334,0.17,142,0,1349,1704,1.0,499,1,1,0,1,0,1,0,0,0,1,0,1,0,0,0,0,0,0,0,1,0,0,0,0,0,0,0,0,1,0,0,0,1,0,0.98
32,5,3,3.309859154929577,52.7201719544903,173.41594660237763,14.2,0.235564434698286,152,88,1632,944,0.704225352112676,500,0,1,0,0,1,1,0,0,1,0,0,0,1,0,0,0,1,0,0,0,0,0,0,0,0,0,0,1,0,0,1,0,0,0,0.195
55,8,4,2.5972222222222223,50.84236111111111,130.7384722222222,9.0,0.07,0,72,2880,2880,1.0,372,1,1,1,0,0,0,0,1,1,0,0,1,0,0,0,0,1,0,0,0,0,1,0,0,0,0,0,0,0,0,1,0,0,0,0.005
35,2,1,2.732394366197183,49.00668328522613,135.9513037500743,35.5,0.2255006045446303,155,50,2271,4094,0.6056338028169014,546,0,1,0,0,1,1,0,0,0,0,1,0,0,1,0,0,1,0,0,0,0,0,0,0,0,1,0,0,0,0,0,0,0,0,0.13
45,3,1,2.4788732394366195,53.29084507042253,131.9530985915493,23.666666666666668,0.25,142,0,3408,1349,1.0,380,0,1,0,1,0,0,1,0,0,1,0,0,0,1,0,0,0,0,1,0,0,1,0,0,0,0,0,0,0,0,0,1,0,0,0.02
62,1,2,2.458333333333333,48.63138888888889,119.21763888888889,72.0,0.12,288,0,432,5400,1.0,524,1,1,1,0,0,0,1,0,0,1,0,0,0,0,1,1,0,0,0,0,0,0,0,0,0,0,0,1,0,0,0,1,0,0,0.99
50,7,3,2.4027777777777777,48.71305555555556,118.8976388888889,10.285714285714286,0.03,144,0,2808,6264,1.0,372,1,1,1,0,0,0,1,0,0,0,1,0,0,1,0,0,0,0,0,1,0,0,0,0,1,0,0,0,0,1,0,0,0,0,0.01
26,14,0,2.591549295774648,46.25845070422535,118.19718309859157,5.071428571428571,0.06,284,0,1136,2911,1.0,373,1,1,0,1,0,0,1,0,0,0,1,0,1,0,0,0,0,1,0,0,0,0,0,1,0,0,0,0,0,0,0,0,1,0,0.0
27,10,1,2.6666666666666665,51.059305555555554,133.1580555555555,7.199999999999999,0.22,144,0,1512,2160,1.0,492,0,1,0,1,0,0,0,1,0,1,0,0,1,0,0,0,0,0,1,0,0,0,0,1,0,0,0,0,0,0,0,1,0,0,0.995
55,7,1,2.680555555555556,51.71819444444444,133.78847222222225,10.285714285714286,0.12,144,0,2448,7344,1.0,375,1,1,0,0,1,0,1,0,0,0,1,0,0,1,0,0,0,0,1,0,0,0,0,0,0,0,0,1,0,0,0,0,0,1,0.01
37,11,3,2.704225352112676,45.110281690140845,122.65676056338027,6.454545454545454,0.09,0,284,2059,4047,1.0,372,1,1,1,0,0,1,0,0,1,0,0,1,0,0,0,0,0,0,0,1,0,0,0,0,0,0,0,0,1,1,0,0,0,0,0.0
66,11,2,2.625,49.89625,126.96263888888888,6.545454545454546,5.520176522913397,504,72,3240,4464,1.0,370,1,1,0,0,1,1,0,0,0,1,0,0,0,1,0,0,0,1,0,0,0,0,0,0,0,1,0,0,0,0,0,1,0,0,0.0
20,3,2,3.083333333333333,52.594891817006015,161.53487575169677,24.0,0.2727327448141452,164,65,2231,5041,0.625,625,1,1,0,0,1,0,1,0,0,1,0,0,1,0,0,0,0,0,1,0,0,0,0,0,0,1,0,0,0,0,0,0,1,0,0.1
49,5,0,3.055555555555556,51.75828456256783,155.371152458469,14.4,0.3601524205931605,154,72,2231,1658,0.6388888888888888,641,1,1,1,0,0,1,0,0,0,1,0,0,0,0,1,0,1,0,0,0,1,0,0,0,0,0,0,0,0,0,0,0,0,0,0.78
70,10,3,2.5972222222222223,51.63333333333333,136.10819444444442,7.199999999999999,10.90247589322198,0,648,3168,6624,1.0,375,1,1,0,1,0,0,0,1,0,0,1,0,0,0,1,0,0,0,0,1,0,0,0,0,1,0,0,0,0,0,0,0,0,1,0.0
66,12,1,2.5277777777777777,48.41666666666666,123.00611111111112,6.0,0.08,0,216,3240,4896,1.0,492,0,1,1,0,0,1,0,0,1,0,0,0,1,0,0,0,0,0,0,1,0,0,0,0,0,0,0,1,0,0,1,0,0,0,0.99
45,6,4,2.563380281690141,49.30845070422535,129.04014084507045,11.833333333333334,10.205508242254684,0,497,1775,5396,1.0,371,1,1,0,1,0,1,0,0,0,0,1,0,0,0,1,0,0,1,0,0,0,0,1,0,0,0,0,0,0,0,0,1,0,0,0.0
70,3,2,2.8472222222222223,50.0962095731135,144.48053273689845,24.0,0.2618403250487123,147,62,1439,4521,0.5,841,1,1,0,1,0,0,0,1,0,0,1,0,0,0,1,0,0,1,0,0,0,0,1,0,0,0,0,0,0,0,0,0,0,0,0.79
36,4,4,2.6527777777777777,48.337777777777774,130.64083333333332,18.0,0.09,216,0,3384,7200,1.0,379,1,1,0,1,0,0,0,1,0,0,1,0,0,1,0,0,0,1,0,0,0,0,0,0,0,1,0,0,0,0,0,0,1,0,0.005
48,8,0,2.6527777777777777,53.87847222222222,144.33305555555555,9.0,0.03,144,0,2016,4176,1.0,376,0,1,1,0,0,0,1,0,0,1,0,1,0,0,0,0,0,0,0,1,0,0,0,0,0,0,1,0,0,0,1,0,0,0,0.005
37,7,4,3.111111111111111,45.95810581086611,142.03997349877497,10.285714285714286,0.2483952982413686,145,74,719,5331,0.625,797,0,1,0,0,1,0,1,0,0,1,0,0,0,1,0,0,0,1,0,0,0,0,0,1,0,0,0,0,0,0,1,0,0,0,0.8
57,8,4,2.816901408450704,50.024084507042254,142.27183098591547,8.875,0.25,71,0,852,1136,1.0,372,1,1,0,1,0,0,0,1,0,0,1,0,0,1,0,0,0,0,0,1,0,0,0,0,0,0,1,0,0,0,0,0,0,1,0.005
37,1,4,2.4027777777777777,47.55,115.08736111111112,72.0,8.974730559275262,720,576,3024,3168,1.0,372,0,1,0,0,1,0,0,1,0,0,1,1,0,0,0,1,0,0,0,0,0,0,0,1,0,0,0,0,0,0,0,0,0,1,0.0
33,12,3,2.555555555555556,49.98652777777778,129.98875,6.0,0.15,72,0,1296,5472,1.0,379,1,1,0,0,1,0,0,1,0,0,1,0,0,1,0,1,0,0,0,0,1,0,0,0,0,0,0,0,0,0,1,0,0,0,0.0
64,7,0,2.4722222222222223,50.49069444444444,125.59583333333332,10.285714285714286,13.921825677566243,288,144,2736,1152,1.0,374,1,1,1,0,0,1,0,0,0,0,1,1,0,0,0,1,0,0,0,0,0,0,0,0,0,1,0,0,0,0,0,1,0,0,0.005
39,6,3,2.464788732394366,49.65985915492958,124.403661971831,11.833333333333334,9.576744180930373,0,426,497,6177,1.0,373,1,1,1,0,0,0,1,0,0,0,1,0,1,0,0,0,1,0,0,0,0,0,0,0,0,0,0,1,0,0,0,0,1,0,0.005
48,10,1,2.6944444444444446,51.06625,135.30777777777777,7.199999999999999,0.3,216,0,2880,4680,1.0,372,1,1,0,1,0,0,1,0,1,0,0,0,1,0,0,0,0,1,0,0,0,0,0,0,0,0,0,1,0,0,0,0,1,0,0.0
37,1,4,2.888888888888889,48.029682172009046,141.04978101068477,72.0,0.2788157022121564,140,84,3095,3374,0.6944444444444444,725,0,1,0,0,1,0,0,1,0,0,1,1,0,0,0,1,0,0,0,0,0,0,0,0,0,0,0,1,0,0,1,0,0,0,0.165
29,6,0,2.6619718309859155,47.43338028169014,126.78971830985915,11.833333333333334,0.29,0,355,1349,4970,1.0,504,1,1,0,1,0,0,1,0,1,0,0,0,0,0,1,0,0,0,1,0,0,0,0,0,1,0,0,0,0,1,0,0,0,0,0.99
21,7,1,2.430555555555556,49.80736111111111,122.39680555555556,10.285714285714286,0.02,216,0,3672,6408,1.0,379,1,1,1,0,0,1,0,0,0,0,1,0,1,0,0,0,0,0,0,1,0,0,0,0,1,0,0,0,0,0,0,0,0,1,0.005
66,9,3,2.513888888888889,48.18555555555556,125.245,8.0,0.22,288,0,1800,2952,1.0,491,1,1,0,1,0,0,0,1,1,0,0,0,1,0,0,0,0,0,0,1,0,0,0,0,0,0,1,0,0,0,0,0,1,0,0.995
65,4,4,2.563380281690141,46.66197183098591,120.3925352112676,17.75,9.824867521735362,426,142,1775,6461,1.0,370,0,1,0,0,1,1,0,0,0,1,0,0,1,0,0,0,0,0,0,1,0,0,0,0,1,0,0,0,0,1,0,0,0,0,0.01
21,11,4,2.492957746478873,50.8725352112676,123.4298591549296,6.454545454545454,8.744172933134937,71,426,2272,4828,1.0,375,1,1,0,0,1,1,0,0,0,0,1,0,0,0,1,1,0,0,0,0,0,1,0,0,0,0,0,0,0,0,0,1,0,0,0.0
66,11,1,2.5972222222222223,49.31,126.05319444444444,6.545454545454546,0.23,72,0,3024,7200,1.0,491,1,1,0,1,0,1,0,0,0,0,1,1,0,0,0,0,0,1,0,0,0,0,1,0,0,0,0,0,0,0,0,0,1,0,0.995
51,13,4,2.680555555555556,53.61069444444444,143.8861111111111,5.538461538461538,11.450168057204277,504,720,2808,4104,1.0,371,0,1,1,0,0,0,1,0,0,1,0,0,1,0,0,0,0,0,1,0,0,0,0,1,0,0,0,0,0,1,0,0,0,0,0.0
70,3,2,2.458333333333333,49.66444444444445,121.14236111111111,24.0,0.03,144,0,1512,5256,1.0,370,0,1,0,0,1,1,0,0,0,1,0,0,0,0,1,0,0,0,1,0,0,1,0,0,0,0,0,0,0,0,0,0,1,0,0.0
35,2,1,2.611111111111111,53.96611111111111,143.0198611111111,36.0,0.04,144,0,2160,1008,1.0,494,0,1,0,0,1,0,0,1,0,1,0,0,0,1,0,1,0,0,0,0,0,0,1,0,0,0,0,0,0,0,1,0,0,0,0.98
36,3,0,2.5211267605633805,51.44901408450704,129.6598591549296,23.666666666666668,0.21,0,284,3266,2698,1.0,371,1,1,0,0,1,1,0,0,1,0,0,0,1,0,0,0,0,0,0,1,0,0,0,0,0,1,0,0,0,0,0,0,1,0,0.005
68,2,2,2.5774647887323945,52.09661971830986,134.86718309859154,35.5,7.482818375611498,355,142,2059,4757,1.0,373,1,1,1,0,0,1,0,0,0,1,0,0,0,0,1,1,0,0,0,0,1,0,0,0,0,0,0,0,0,0,0,0,1,0,0.005
68,1,4,2.736111111111111,52.61918192703439,136.19654303814548,72.0,0.3335504903263591,137,72,791,5668,0.5,674,0,1,1,0,0,0,0,1,0,0,1,1,0,0,0,0,0,0,1,0,1,0,0,0,0,0,0,0,0,0,0,0,0,0,0.105
69,11,3,2.375,51.5975,123.98013888888887,6.545454545454546,0.15,0,144,2592,5544,1.0,370,1,1,0,0,1,0,1,0,1,0,0,0,0,0,1,0,1,0,0,0,0,0,0,0,0,0,1,0,0,0,0,0,1,0,0.015
18,7,3,2.4166666666666665,53.04666666666667,128.91319444444446,10.285714285714286,0.27,0,216,3096,5472,1.0,375,0,1,1,0,0,0,0,1,0,1,0,0,0,0,1,0,1,0,0,0,0,0,0,0,0,1,0,0,0,0,0,1,0,0,0.015
56,10,2,2.2535211267605635,52.91704225352113,118.07154929577464,7.1,0.28,0,213,3337,2059,1.0,490,0,1,0,1,0,0,0,1,0,0,1,0,0,0,1,1,0,0,0,0,0,0,0,1,0,0,0,0,0,1,0,0,0,0,0.985
24,2,4,2.535211267605634,47.82619718309859,119.94535211267606,35.5,10.783070662780508,568,568,2130,1917,1.0,373,0,1,0,0,1,0,0,1,0,0,1,0,1,0,0,0,1,0,0,0,1,0,0,0,0,0,0,0,0,1,0,0,0,0,0.0
42,3,3,2.76056338028169,52.46985915492958,147.10647887323944,23.666666666666668,6.2308236598892215,639,710,1136,4757,1.0,379,0,1,0,0,1,0,0,1,0,1,0,0,0,1,0,1,0,0,0,0,0,0,1,0,0,0,0,0,0,0,0,1,0,0,0.0
23,9,3,2.458333333333333,47.71944444444445,122.03430555555556,8.0,0.18,360,0,2592,3816,1.0,496,1,1,0,1,0,1,0,0,0,1,0,0,0,0,1,0,0,0,1,0,0,0,0,0,0,0,0,0,1,0,0,0,1,0,0.99
66,9,1,2.6901408450704225,50.42845070422536,135.0205633802817,7.888888888888888,10.413407293275291,568,426,2130,1775,1.0,370,0,1,1,0,0,1,0,0,1,0,0,1,0,0,0,0,0,0,1,0,0,0,0,0,1,0,0,0,0,0,0,1,0,0,0.0
64,14,1,2.4507042253521125,44.99788732394366,104.55957746478872,5.071428571428571,0.13,0,142,2414,1704,1.0,372,1,1,1,0,0,0,1,0,0,0,1,0,1,0,0,0,0,0,1,0,0,1,0,0,0,0,0,0,0,0,0,0,1,0,0.015
68,11,4,2.5277777777777777,50.63916666666667,130.7611111111111,6.545454545454546,0.07,72,0,2880,1728,1.0,493,1,1,1,0,0,0,1,0,0,0,1,0,0,1,0,0,0,1,0,0,0,0,0,0,0,0,0,1,0,0,0,0,1,0,0.995
46,14,2,2.5277777777777777,46.13777777777778,118.77708333333334,5.142857142857143,0.27,0,216,1080,2880,1.0,386,1,1,0,0,1,1,0,0,0,1,0,0,0,0,1,0,0,0,1,0,0,0,0,0,0,0,0,0,1,0,1,0,0,0,0.005
33,7,4,2.5416666666666665,48.19611111111111,121.4825,10.285714285714286,0.29,72,0,2160,2376,1.0,371,0,1,0,0,1,0,1,0,1,0,0,0,0,0,1,0,0,0,1,0,0,1,0,0,0,0,0,0,0,1,0,0,0,0,0.0
52,1,4,2.555555555555556,53.66319444444444,135.74097222222224,72.0,0.06,72,0,3600,5688,1.0,535,0,1,1,0,0,0,1,0,0,0,1,1,0,0,0,0,1,0,0,0,0,0,0,0,0,0,0,0,1,0,0,0,1,0,0.99
41,10,1,2.5211267605633805,50.53408450704225,130.34760563380283,7.1,0.16,142,0,568,6177,1.0,370,1,1,1,0,0,1,0,0,0,0,1,0,0,0,1,0,0,1,0,0,0,0,0,1,0,0,0,0,0,0,0,1,0,0,0.0
57,12,3,2.4788732394366195,49.94239436619718,120.36323943661974,5.916666666666667,0.01,213,0,2272,7171,1.0,373,0,1,1,0,0,0,1,0,0,0,1,1,0,0,0,1,0,0,0,0,0,0,0,0,0,0,0,0,1,0,1,0,0,0,0.0
31,5,1,2.5972222222222223,48.16458333333333,126.9625,14.4,10.511517226231629,288,648,2808,1440,1.0,374,1,1,0,0,1,1,0,0,1,0,0,1,0,0,0,0,0,0,0,1,0,1,0,0,0,0,0,0,0,0,1,0,0,0,0.0
56,7,3,2.4788732394366195,48.888591549295775,120.94352112676056,10.142857142857142,0.28,0,142,2698,5254,1.0,373,1,1,0,1,0,0,0,1,1,0,0,0,0,0,1,1,0,0,0,0,0,0,0,0,0,0,0,1,0,0,0,1,0,0,0.0
47,8,1,2.3661971830985915,47.29042253521126,111.03281690140844,8.875,12.707630080622156,0,71,781,2769,1.0,371,0,1,1,0,0,1,0,0,0,1,0,1,0,0,0,1,0,0,0,0,0,0,0,0,0,0,0,1,0,0,0,1,0,0,0.0
21,1,3,2.583333333333333,52.40736111111111,137.41583333333335,72.0,6.493395409035405,648,216,720,936,1.0,372,1,1,0,1,0,0,1,0,0,1,0,0,0,0,1,0,1,0,0,0,1,0,0,0,0,0,0,0,0,1,0,0,0,0,0.0
28,5,1,2.625,49.50263888888889,130.12402777777777,14.4,14.89490852814388,360,216,2016,5976,1.0,371,1,1,0,0,1,0,1,0,0,0,1,0,0,0,1,0,0,0,1,0,0,0,0,0,0,0,0,1,0,0,1,0,0,0,0.0
37,5,2,2.555555555555556,50.86805555555556,128.11722222222224,14.4,10.56587716784563,216,72,2808,1872,1.0,372,0,1,0,1,0,0,1,0,1,0,0,1,0,0,0,0,1,0,0,0,0,0,0,0,0,0,0,0,1,1,0,0,0,0,0.0
23,3,2,2.76056338028169,52.05462255800144,144.75034654724377,23.666666666666668,0.2798314129942158,141,63,3336,4240,0.6338028169014085,481,0,1,0,1,0,1,0,0,0,1,0,0,1,0,0,0,1,0,0,0,0,0,0,1,0,0,0,0,0,0,0,0,0,0,0.82
67,2,2,2.4507042253521125,54.40816901408451,133.4669014084507,35.5,0.07,142,0,852,3195,1.0,370,1,1,1,0,0,0,1,0,1,0,0,0,1,0,0,0,0,0,1,0,0,0,0,0,0,0,0,1,0,0,0,1,0,0,0.02
57,8,4,2.430555555555556,52.0225,125.10138888888888,9.0,0.25,72,0,864,1152,1.0,382,1,1,0,1,0,0,0,1,0,0,1,0,0,1,0,0,0,0,0,1,0,0,0,0,0,0,0,0,1,0,0,1,0,0,0.005
65,4,4,2.676056338028169,51.95042253521127,142.4887323943662,17.75,9.824867521735362,426,142,1775,6461,1.0,385,0,1,0,0,1,1,0,0,0,1,0,0,1,0,0,0,0,0,0,1,0,1,0,0,0,0,0,0,0,0,0,0,1,0,0.0
47,11,1,2.464788732394366,53.68535211267606,134.35591549295776,6.454545454545454,7.038417437673107,0,355,2059,5538,1.0,381,0,1,1,0,0,0,1,0,0,0,1,0,0,1,0,0,1,0,0,0,0,0,1,0,0,0,0,0,0,0,0,0,0,1,0.0
58,9,2,3.180555555555556,45.75327817412244,148.42516745935598,8.0,0.3354877262649327,149,88,3383,2099,0.6944444444444444,724,0,1,0,0,1,1,0,0,0,1,0,0,0,0,1,0,0,0,0,1,0,1,0,0,0,0,0,0,0,0,0,0,1,0,0.13
51,13,3,3.2816901408450705,48.28980030212064,161.72390794861545,5.461538461538462,0.2237347497577902,156,91,3620,1011,0.5633802816901409,505,1,1,0,1,0,0,1,0,0,1,0,1,0,0,0,1,0,0,0,0,0,1,0,0,0,0,0,0,0,0,0,0,0,0,0.15
22,14,0,3.055555555555556,48.80394454480874,148.56413908961747,5.142857142857143,0.2166396599430893,142,90,2879,1946,0.5972222222222222,902,0,1,1,0,0,1,0,0,1,0,0,0,0,0,1,0,0,1,0,0,1,0,0,0,0,0,0,0,0,0,0,0,0,0,0.145
55,9,0,2.5972222222222223,48.52194444444444,129.53944444444446,8.0,8.151890842042395,144,216,1512,2736,1.0,373,1,1,0,0,1,0,0,1,0,1,0,1,0,0,0,0,0,0,1,0,0,0,1,0,0,0,0,0,0,1,0,0,0,0,0.0
58,13,1,3.263888888888889,47.38085453768816,156.93391009324372,5.538461538461538,0.3078825031211167,170,75,647,2898,0.5833333333333334,769,1,1,0,0,1,0,1,0,0,1,0,0,0,1,0,0,0,0,0,1,0,0,0,1,0,0,0,0,0,0,0,0,0,0,0.18
25,15,1,2.5277777777777777,49.64541666666666,126.0677777777778,4.8,0.29,0,432,720,6984,1.0,381,0,1,0,1,0,0,0,1,0,0,1,0,1,0,0,1,0,0,0,0,0,1,0,0,0,0,0,0,0,0,0,0,1,0,0.0
34,8,4,2.5774647887323945,52.92295774647888,138.02267605633804,8.875,9.187651188921814,355,142,1278,1704,1.0,379,0,1,1,0,0,1,0,0,0,0,1,0,0,1,0,0,0,0,0,1,1,0,0,0,0,0,0,0,0,0,0,0,0,1,0.0
70,6,1,3.125,49.470717625716205,156.84259272508703,12.0,0.2347771308569267,145,87,3455,1013,0.6111111111111112,790,0,1,1,0,0,1,0,0,0,0,1,0,0,0,1,0,0,0,1,0,1,0,0,0,0,0,0,0,0,0,0,0,0,0,0.17
70,1,1,2.704225352112676,45.19549295774648,119.20098591549296,71.0,0.02,0,213,639,6532,1.0,375,1,1,0,0,1,0,0,1,1,0,0,0,0,0,1,1,0,0,0,0,1,0,0,0,0,0,0,0,0,0,0,0,0,1,0.0
31,2,0,2.563380281690141,51.56394366197184,137.80591549295772,35.5,10.871398822095117,0,0,639,781,1.0,374,1,1,1,0,0,0,0,1,0,0,1,0,0,0,1,0,0,1,0,0,0,0,0,0,1,0,0,0,0,1,0,0,0,0,0.0
25,15,1,2.8194444444444446,52.62712523748982,145.4910560305352,4.8,0.3392940370397627,120,82,719,6753,0.4305555555555556,662,0,1,0,1,0,0,0,1,0,0,1,0,1,0,0,1,0,0,0,0,0,0,0,0,0,0,0,1,0,0,0,0,0,0,0.115
31,12,1,2.2777777777777777,50.05736111111111,114.46416666666669,6.0,0.17,288,0,504,6048,1.0,374,0,1,1,0,0,1,0,0,0,1,0,1,0,0,0,0,1,0,0,0,1,0,0,0,0,0,0,0,0,0,1,0,0,0,0.005
68,1,2,2.6527777777777777,49.01736111111112,128.9386111111111,72.0,10.559115930120193,144,0,2664,3600,1.0,383,0,1,0,1,0,0,0,1,0,0,1,0,1,0,0,0,0,0,0,1,0,0,0,0,0,1,0,0,0,0,0,0,0,1,0.0
63,1,0,2.625,50.29097222222222,131.04625,72.0,0.04,0,288,3528,6912,1.0,385,0,1,0,1,0,0,0,1,1,0,0,0,0,0,1,0,0,0,1,0,1,0,0,0,0,0,0,0,0,0,0,0,0,1,0.005
18,3,0,2.583333333333333,53.05736111111111,139.5016666666667,24.0,0.29,0,360,1656,4752,1.0,374,1,1,0,0,1,1,0,0,1,0,0,1,0,0,0,1,0,0,0,0,1,0,0,0,0,0,0,0,0,1,0,0,0,0,0.0
28,9,4,3.0416666666666665,49.25029288127912,152.44351753272622,8.0,0.2982212926199322,160,71,2303,2520,0.5972222222222222,898,1,1,0,1,0,1,0,0,0,1,0,0,0,1,0,0,0,1,0,0,1,0,0,0,0,0,0,0,0,0,0,0,0,0,0.125
29,14,4,2.8028169014084505,52.46521126760564,146.9792957746479,5.071428571428571,0.03,142,0,1278,6887,1.0,374,1,1,1,0,0,0,1,0,0,0,1,0,1,0,0,0,0,0,0,1,0,0,0,0,0,0,0,1,0,0,1,0,0,0,0.005
67,2,2,2.464788732394366,51.30943661971831,122.74647887323944,35.5,0.07,142,0,852,3195,1.0,381,1,1,1,0,0,0,1,0,1,0,0,0,1,0,0,0,0,0,1,0,0,0,0,0,1,0,0,0,0,0,0,0,1,0,0.005
56,15,1,3.1666666666666665,50.97076535922824,160.4779225480241,4.8,0.2353198726215457,165,68,935,5912,0.5416666666666666,835,1,1,0,1,0,1,0,0,0,0,1,0,0,1,0,0,1,0,0,0,0,0,0,0,0,0,0,1,0,0,0,0,0,0,0.11
63,14,3,3.2816901408450705,51.45176626097952,164.13044532560824,5.071428571428571,0.3215779825776201,177,70,2839,1010,0.6338028169014085,496,1,1,0,1,0,0,1,0,1,0,0,1,0,0,0,0,0,0,0,1,0,0,0,1,0,0,0,0,0,0,0,0,0,0,0.11
22,10,4,2.2916666666666665,44.64861111111111,100.48569444444443,7.199999999999999,0.13,144,0,648,7200,1.0,371,0,1,0,0,1,0,1,0,0,0,1,1,0,0,0,1,0,0,0,0,0,0,0,0,1,0,0,0,0,0,0,1,0,0,0.0
28,9,4,2.436619718309859,53.00098591549296,126.51830985915493,7.888888888888888,10.421933068635122,710,355,2201,2272,1.0,373,1,1,0,1,0,1,0,0,0,1,0,0,0,1,0,0,0,1,0,0,0,0,1,0,0,0,0,0,0,0,0,1,0,0,0.0
70,3,2,2.830985915492957,54.2676617300784,160.22264740381877,23.666666666666668,0.2797024192149517,141,60,1490,5240,0.7323943661971831,445,0,1,0,0,1,1,0,0,0,1,0,0,0,0,1,0,0,0,1,0,0,0,1,0,0,0,0,0,0,0,0,0,1,0,0.03
52,9,1,2.361111111111111,50.83958333333334,123.87819444444445,8.0,0.11,144,0,1512,5616,1.0,374,1,1,0,0,1,0,0,1,0,0,1,1,0,0,0,0,0,0,0,1,0,0,0,0,0,0,0,1,0,0,0,0,1,0,0.0
35,2,1,2.7916666666666665,54.28871559745821,145.46982670856931,36.0,0.2939484949147805,152,56,2159,1064,0.6805555555555556,700,0,1,0,0,1,0,0,1,0,1,0,0,0,1,0,1,0,0,0,0,1,0,0,0,0,0,0,0,0,0,0,0,1,0,0.79
40,4,2,2.380281690140845,48.40985915492958,112.86422535211268,17.75,8.484291688565325,0,710,2698,5609,1.0,370,1,1,0,1,0,0,0,1,0,0,1,1,0,0,0,0,0,0,0,1,0,0,0,0,0,0,0,1,0,1,0,0,0,0,0.005
41,10,1,2.5211267605633805,51.3412676056338,126.38267605633804,7.1,0.16,142,0,568,6177,1.0,374,1,1,1,0,0,1,0,0,0,0,1,0,0,0,1,0,0,1,0,0,0,0,1,0,0,0,0,0,0,0,0,0,0,1,0.005
18,3,3,3.126760563380281,49.77348335649482,158.0346101170582,23.666666666666668,0.3662527229639306,165,63,1703,5475,0.5774647887323944,477,0,1,0,1,0,1,0,0,0,1,0,0,0,0,1,1,0,0,0,0,0,1,0,0,0,0,0,0,0,0,0,0,0,0,0.71
32,2,1,2.3943661971830985,50.26380281690141,118.60422535211266,35.5,0.13,426,0,3337,5325,1.0,373,0,1,0,0,1,0,0,1,0,1,0,0,0,1,0,0,1,0,0,0,0,0,0,0,0,0,0,0,1,0,1,0,0,0,0.0
27,10,1,2.732394366197183,51.14577464788732,136.06211267605633,7.1,0.22,142,0,1491,2130,1.0,504,0,1,0,1,0,0,0,1,0,1,0,0,1,0,0,0,0,0,1,0,0,0,0,0,0,1,0,0,0,0,0,1,0,0,0.995
33,1,1,2.4722222222222223,49.53361111111112,121.12847222222224,72.0,0.14,0,72,3312,2160,1.0,491,1,1,0,0,1,1,0,0,0,0,1,0,1,0,0,0,0,0,0,1,0,1,0,0,0,0,0,0,0,0,0,0,0,1,0.99
40,15,4,2.4788732394366195,51.36450704225352,129.34915492957745,4.733333333333333,0.18,284,0,3337,4615,1.0,376,0,1,0,1,0,0,1,0,1,0,0,0,0,0,1,1,0,0,0,0,0,0,0,0,1,0,0,0,0,0,0,0,0,1,0.0
49,6,0,2.5,52.53847222222223,132.43625,12.0,9.298732098924075,288,720,1368,6696,1.0,373,0,1,1,0,0,0,0,1,0,0,1,0,0,0,1,0,0,1,0,0,1,0,0,0,0,0,0,0,0,0,0,0,0,1,0.005
37,1,4,2.605633802816901,49.69760563380282,128.39464788732394,71.0,8.974730559275262,710,568,2982,3124,1.0,370,0,1,0,0,1,0,0,1,0,0,1,1,0,0,0,1,0,0,0,0,0,0,0,0,0,0,0,0,1,0,0,1,0,0,0.0
61,13,2,2.6527777777777777,44.80222222222223,120.01805555555556,5.538461538461538,10.541547708051995,72,72,3024,4176,1.0,370,0,1,0,1,0,0,0,1,0,1,0,0,0,0,1,1,0,0,0,0,0,0,0,1,0,0,0,0,0,1,0,0,0,0,0.01
66,9,3,3.1666666666666665,48.59271467070398,157.75676779796433,8.0,0.313936227567188,169,68,1799,2887,0.6111111111111112,743,1,1,0,1,0,0,0,1,1,0,0,0,1,0,0,0,0,0,0,1,0,0,0,0,0,1,0,0,0,0,0,0,0,0,0.74
59,1,2,2.619718309859155,51.82676056338028,139.00605633802817,71.0,0.1,0,71,1704,5396,1.0,376,1,1,0,0,1,0,1,0,0,0,1,0,0,0,1,0,0,0,0,1,0,0,0,0,0,1,0,0,0,0,0,1,0,0,0.005
66,4,2,3.183098591549296,51.45712917700855,165.75392274229324,17.75,0.2564198539604087,139,101,2768,6400,0.6056338028169014,542,0,1,0,0,1,1,0,0,0,0,1,0,0,0,1,0,0,0,1,0,0,0,0,0,0,1,0,0,0,0,0,0,0,0,0.095
46,12,4,2.486111111111111,52.16375,132.68152777777777,6.0,0.07,0,288,2664,2736,1.0,493,0,1,0,0,1,1,0,0,1,0,0,1,0,0,0,0,0,1,0,0,1,0,0,0,0,0,0,0,0,0,1,0,0,0,1.0
44,15,3,2.507042253521127,51.47929577464789,132.61915492957746,4.733333333333333,0.13,0,213,1491,5680,1.0,495,1,1,0,0,1,0,1,0,0,0,1,1,0,0,0,1,0,0,0,0,0,0,1,0,0,0,0,0,0,0,1,0,0,0,1.0
56,10,2,2.4788732394366195,53.69845070422535,131.26577464788733,7.1,0.28,0,213,3337,2059,1.0,498,0,1,0,1,0,0,0,1,0,0,1,0,0,0,1,1,0,0,0,0,0,0,0,0,0,0,0,1,0,1,0,0,0,0,0.985
38,1,2,2.486111111111111,48.10111111111111,118.13902777777778,72.0,0.0,216,0,2232,4968,1.0,494,0,1,0,1,0,1,0,0,0,0,1,0,0,1,0,1,0,0,0,0,0,0,0,0,0,0,1,0,0,1,0,0,0,0,0.98
23,9,4,2.7464788732394365,50.36718309859155,137.66,7.888888888888888,0.1,0,213,2769,6177,1.0,509,1,1,0,1,0,0,1,0,1,0,0,1,0,0,0,0,1,0,0,0,0,0,0,0,0,0,0,0,1,0,0,0,0,1,0.99
35,2,0,2.5774647887323945,48.316901408450704,122.76197183098591,35.5,13.246025698199697,71,142,2201,6674,1.0,374,0,1,1,0,0,1,0,0,0,1,0,0,0,0,1,0,0,1,0,0,0,1,0,0,0,0,0,0,0,0,0,0,1,0,0.0
60,2,0,2.605633802816901,54.60746478873239,141.75295774647887,35.5,0.01,355,0,1207,2911,1.0,371,0,1,1,0,0,0,1,0,1,0,0,0,0,1,0,1,0,0,0,0,1,0,0,0,0,0,0,0,0,0,1,0,0,0,0.01
66,9,1,2.4027777777777777,52.336527777777775,120.78236111111111,8.0,0.23,0,144,2376,5184,1.0,373,1,1,0,0,1,0,0,1,0,1,0,0,0,0,1,0,0,0,0,1,0,0,0,0,1,0,0,0,0,0,0,0,0,1,0.0
37,7,4,2.375,51.18402777777778,122.41722222222224,10.285714285714286,0.07,0,72,720,5184,1.0,490,0,1,0,0,1,0,1,0,0,1,0,0,0,1,0,0,0,1,0,0,0,1,0,0,0,0,0,0,0,0,0,1,0,0,0.985
31,5,1,2.6619718309859155,48.04323943661972,130.40436619718312,14.2,10.511517226231629,284,639,2769,1420,1.0,376,1,1,0,0,1,1,0,0,1,0,0,1,0,0,0,0,0,0,0,1,0,0,0,1,0,0,0,0,0,0,0,1,0,0,0.0
52,8,3,2.458333333333333,48.73513888888888,118.02972222222222,9.0,5.539578469529545,432,432,3600,7200,1.0,372,1,1,1,0,0,0,0,1,1,0,0,0,0,1,0,0,0,0,0,1,1,0,0,0,0,0,0,0,0,0,0,0,1,0,0.0
57,8,4,2.5694444444444446,52.23527777777778,134.43680555555557,9.0,0.25,72,0,864,1152,1.0,383,1,1,0,1,0,0,0,1,0,0,1,0,0,1,0,0,0,0,0,1,0,1,0,0,0,0,0,0,0,1,0,0,0,0,0.0
60,10,1,2.859154929577465,53.54084255584605,154.56943159056533,7.1,0.3184536229494759,148,56,2271,1834,0.647887323943662,562,0,1,0,1,0,0,0,1,1,0,0,0,0,1,0,0,0,0,1,0,0,1,0,0,0,0,0,0,0,0,0,0,1,0,0.82
24,2,4,2.267605633802817,54.558309859154924,130.4804225352113,35.5,10.783070662780508,568,568,2130,1917,1.0,372,0,1,0,0,1,0,0,1,0,0,1,0,1,0,0,0,1,0,0,0,0,0,0,0,0,0,0,0,1,0,0,1,0,0,0.0
29,6,4,3.2253521126760565,53.450124043583365,164.7252849067278,11.833333333333334,0.2803223738473659,159,74,709,4272,0.5915492957746479,481,1,1,0,0,1,0,1,0,0,0,1,0,0,0,1,1,0,0,0,0,0,0,0,1,0,0,0,0,0,0,0,0,0,0,0.09
49,2,0,2.75,51.774027777777775,142.9063888888889,36.0,0.11,288,0,2808,2232,1.0,370,1,1,0,0,1,0,0,1,1,0,0,1,0,0,0,1,0,0,0,0,0,0,0,0,0,1,0,0,0,0,0,1,0,0,0.01
58,13,1,2.3661971830985915,48.6512676056338,112.683661971831,5.461538461538462,12.497540224720405,568,213,568,2627,1.0,372,1,1,0,0,1,0,1,0,0,1,0,0,0,1,0,0,0,0,0,1,1,0,0,0,0,0,0,0,0,1,0,0,0,0,0.0
30,1,0,2.5277777777777777,49.51541666666667,126.61833333333334,72.0,0.15,0,216,3384,2016,1.0,372,1,1,0,1,0,0,0,1,1,0,0,0,1,0,0,0,0,1,0,0,1,0,0,0,0,0,0,0,0,0,0,0,1,0,0.005
40,15,4,2.647887323943662,54.91169014084507,147.9350704225352,4.733333333333333,0.18,284,0,3337,4615,1.0,377,0,1,0,1,0,0,1,0,1,0,0,0,0,0,1,1,0,0,0,0,0,0,0,0,1,0,0,0,0,1,0,0,0,0,0.015
48,13,3,2.323943661971831,46.85802816901408,110.00859154929576,5.461538461538462,0.0,0,71,2556,6532,1.0,370,1,1,1,0,0,0,1,0,0,1,0,0,0,0,1,0,1,0,0,0,0,0,1,0,0,0,0,0,0,1,0,0,0,0,0.005
25,1,2,2.915492957746479,51.60613014535752,143.78057691945824,71.0,0.3049017418832949,140,67,1490,4889,0.5633802816901409,488,0,1,1,0,0,0,0,1,0,0,1,1,0,0,0,0,0,0,1,0,0,0,1,0,0,0,0,0,0,0,0,0,0,0,0.81
42,15,0,2.492957746478873,53.53577464788732,134.57084507042254,4.733333333333333,0.15,0,71,3266,3266,1.0,370,1,1,1,0,0,1,0,0,0,1,0,1,0,0,0,1,0,0,0,0,0,0,0,0,0,0,0,1,0,0,1,0,0,0,0.0
33,1,1,2.5694444444444446,54.28527777777778,139.5586111111111,72.0,0.14,0,72,3312,2160,1.0,494,1,1,0,0,1,1,0,0,0,0,1,0,1,0,0,0,0,0,0,1,0,0,0,0,0,0,0,1,0,0,1,0,0,0,0.98
25,6,0,2.4027777777777777,52.54833333333333,124.64652777777776,12.0,0.12,0,216,3096,4680,1.0,372,0,1,0,1,0,1,0,0,1,0,0,0,0,1,0,1,0,0,0,0,0,0,0,0,0,0,1,0,0,0,1,0,0,0,0.02
44,3,3,2.605633802816901,50.57056338028168,134.57197183098592,23.666666666666668,0.25,355,0,1136,6390,1.0,371,1,1,0,1,0,0,1,0,0,0,1,1,0,0,0,0,1,0,0,0,1,0,0,0,0,0,0,0,0,0,1,0,0,0,0.0
50,13,0,2.5211267605633805,54.81070422535211,139.33239436619718,5.461538461538462,0.03,284,0,568,5893,1.0,372,0,1,0,0,1,0,0,1,0,0,1,1,0,0,0,0,0,0,1,0,0,0,0,0,0,1,0,0,0,0,0,0,0,1,0.0
59,3,4,2.3943661971830985,52.27802816901408,122.04915492957744,23.666666666666668,0.1,142,0,3053,5538,1.0,374,0,1,0,0,1,0,0,1,0,0,1,0,1,0,0,0,0,1,0,0,0,0,0,0,0,0,0,1,0,1,0,0,0,0,0.0
32,5,3,2.5492957746478875,48.51380281690141,122.14676056338028,14.2,0.23,213,0,1633,923,1.0,378,0,1,0,0,1,1,0,0,1,0,0,0,1,0,0,0,1,0,0,0,0,0,0,1,0,0,0,0,0,0,0,0,1,0,0.005
70,3,2,2.6619718309859155,56.46704225352112,150.8442253521127,23.666666666666668,0.03,142,0,1491,5183,1.0,372,0,1,0,0,1,1,0,0,0,1,0,0,0,0,1,0,0,0,1,0,0,0,1,0,0,0,0,0,0,0,0,1,0,0,0.01
32,15,2,2.611111111111111,47.67986111111111,122.69361111111112,4.8,0.28,0,144,3168,6264,1.0,371,1,1,1,0,0,0,1,0,0,0,1,0,0,0,1,0,1,0,0,0,1,0,0,0,0,0,0,0,0,0,0,0,1,0,0.01
57,10,0,2.5972222222222223,49.29583333333333,131.8109722222222,7.199999999999999,0.27,0,288,720,7488,1.0,372,0,1,0,1,0,1,0,0,0,0,1,1,0,0,0,0,0,1,0,0,0,0,0,0,1,0,0,0,0,1,0,0,0,0,0.005
61,11,4,2.4444444444444446,51.08305555555555,121.6536111111111,6.545454545454546,0.22,72,0,3168,7200,1.0,375,0,1,0,1,0,1,0,0,1,0,0,0,0,1,0,0,0,0,1,0,0,0,1,0,0,0,0,0,0,0,0,0,0,1,0.02
49,6,0,2.6527777777777777,52.374027777777776,139.20138888888889,12.0,9.298732098924075,288,720,1368,6696,1.0,375,0,1,1,0,0,0,0,1,0,0,1,0,0,0,1,0,0,1,0,0,1,0,0,0,0,0,0,0,0,0,0,1,0,0,0.0
49,14,1,2.3472222222222223,46.58430555555556,108.67222222222222,5.142857142857143,0.15,288,0,1512,7344,1.0,490,1,1,0,0,1,1,0,0,0,0,1,0,0,0,1,0,0,1,0,0,0,0,0,0,0,1,0,0,0,0,0,0,1,0,0.985
55,10,4,2.323943661971831,49.14070422535212,115.77267605633804,7.1,0.04,0,71,3408,5893,1.0,377,0,1,1,0,0,0,0,1,0,0,1,0,0,1,0,0,1,0,0,0,0,0,0,0,1,0,0,0,0,0,0,0,1,0,0.015
52,9,1,2.6944444444444446,51.859027777777776,142.5861111111111,8.0,0.11,144,0,1512,5616,1.0,378,1,1,0,0,1,0,0,1,0,0,1,1,0,0,0,0,0,0,0,1,0,0,0,0,0,0,1,0,0,0,1,0,0,0,0.0
32,15,2,2.887323943661972,51.97615685078068,142.12702176931992,4.733333333333333,0.2973635466676548,138,65,3123,6236,0.5915492957746479,523,1,1,1,0,0,0,1,0,0,0,1,0,0,0,1,0,1,0,0,0,0,0,0,1,0,0,0,0,0,0,0,0,0,0,0.13
48,8,0,2.859154929577465,50.27560179247425,135.44419334177002,8.875,0.2807058353416169,161,46,1987,4178,0.4929577464788732,524,0,1,1,0,0,0,1,0,0,1,0,1,0,0,0,0,0,0,0,1,0,1,0,0,0,0,0,0,0,0,0,0,0,0,0.13
40,10,4,2.591549295774648,48.6174647887324,125.52816901408453,7.1,0.0,0,213,2272,6106,1.0,374,1,1,1,0,0,0,1,0,0,0,1,0,1,0,0,0,0,0,0,1,0,0,1,0,0,0,0,0,0,0,1,0,0,0,0.0
34,8,3,2.4788732394366195,52.6487323943662,131.30492957746478,8.875,0.23,0,284,2556,3692,1.0,376,0,1,0,1,0,0,0,1,0,1,0,0,0,1,0,0,1,0,0,0,0,0,1,0,0,0,0,0,0,0,0,0,1,0,0.005
62,1,3,2.23943661971831,49.926197183098594,111.7138028169014,71.0,0.01,142,0,426,4047,1.0,371,1,1,0,0,1,0,0,1,0,0,1,0,0,0,1,0,1,0,0,0,0,0,0,0,1,0,0,0,0,0,1,0,0,0,0.0
39,10,4,2.75,49.01847222222222,133.595,7.199999999999999,0.22,144,0,1800,7056,1.0,499,0,1,1,0,0,1,0,0,1,0,0,0,0,1,0,1,0,0,0,0,0,0,0,0,0,1,0,0,0,0,0,0,0,1,0.975
25,15,1,2.555555555555556,50.22930555555556,126.86972222222224,4.8,0.29,0,432,720,6984,1.0,370,0,1,0,1,0,0,0,1,0,0,1,0,1,0,0,1,0,0,0,0,1,0,0,0,0,0,0,0,0,0,1,0,0,0,0.0
59,1,3,2.535211267605634,50.33647887323944,127.36535211267606,71.0,0.25,213,0,3124,3266,1.0,493,1,1,0,1,0,0,0,1,1,0,0,0,0,1,0,0,0,1,0,0,0,0,0,1,0,0,0,0,0,0,0,1,0,0,0.99
37,5,2,2.5774647887323945,47.86971830985915,127.71211267605634,14.2,10.56587716784563,213,71,2769,1846,1.0,372,0,1,0,1,0,0,1,0,1,0,0,1,0,0,0,0,1,0,0,0,0,0,0,0,0,0,0,0,1,0,0,0,0,1,0.0
56,1,2,2.5972222222222223,51.528888888888886,134.36791666666667,72.0,10.494749073824448,216,720,2376,4248,1.0,370,0,1,0,1,0,0,0,1,0,0,1,0,0,1,0,1,0,0,0,0,0,0,1,0,0,0,0,0,0,0,1,0,0,0,0.005
44,9,4,2.6527777777777777,53.08847222222222,142.11291666666665,8.0,8.454846215008608,288,0,2736,1152,1.0,384,0,1,0,1,0,0,1,0,0,1,0,0,0,1,0,0,0,1,0,0,0,0,0,0,0,1,0,0,0,1,0,0,0,0,0.0
25,10,3,2.5,50.074305555555554,123.52138888888888,7.199999999999999,0.06,216,0,3096,3240,1.0,378,1,1,0,0,1,0,0,1,1,0,0,0,0,1,0,0,1,0,0,0,1,0,0,0,0,0,0,0,0,0,0,0,0,1,0.0
26,7,4,2.930555555555556,50.84409868109101,145.24528069551536,10.285714285714286,0.3419290251663708,134,84,2807,4025,0.5972222222222222,842,0,1,0,0,1,0,1,0,1,0,0,1,0,0,0,1,0,0,0,0,0,0,0,1,0,0,0,0,0,0,0,0,0,0,0.14
29,14,4,2.436619718309859,52.9630985915493,126.0843661971831,5.071428571428571,0.03,142,0,1278,6887,1.0,387,1,1,1,0,0,0,1,0,0,0,1,0,1,0,0,0,0,0,0,1,0,0,0,0,0,0,1,0,0,0,1,0,0,0,0.005
36,3,0,2.3194444444444446,51.47291666666667,116.63555555555556,24.0,0.21,0,288,3312,2736,1.0,378,1,1,0,0,1,1,0,0,1,0,0,0,1,0,0,0,0,0,0,1,0,0,0,1,0,0,0,0,0,0,0,0,0,1,0.01
54,4,1,2.309859154929577,48.95154929577465,113.19450704225352,17.75,0.11,142,0,852,4118,1.0,376,1,1,1,0,0,1,0,0,1,0,0,1,0,0,0,1,0,0,0,0,0,0,0,0,0,0,0,1,0,1,0,0,0,0,0.0
60,1,0,2.7916666666666665,51.52055555555555,148.05791666666667,72.0,0.06,0,288,1512,4320,1.0,382,1,1,1,0,0,0,0,1,1,0,0,1,0,0,0,0,0,0,1,0,0,0,0,0,0,0,0,0,1,0,0,0,0,1,0.02
56,5,3,2.4027777777777777,51.87791666666666,122.55819444444444,14.4,0.12,72,0,3672,5688,1.0,525,0,1,1,0,0,0,1,0,0,0,1,1,0,0,0,1,0,0,0,0,1,0,0,0,0,0,0,0,0,1,0,0,0,0,0.985
56,7,3,2.3943661971830985,47.09380281690141,112.34549295774649,10.142857142857142,0.28,0,142,2698,5254,1.0,370,1,1,0,1,0,0,0,1,1,0,0,0,0,0,1,1,0,0,0,0,0,0,1,0,0,0,0,0,0,0,0,0,0,1,0.005
56,6,1,2.513888888888889,50.57361111111111,125.39930555555556,12.0,0.1,288,0,1296,2664,1.0,495,0,1,0,1,0,1,0,0,1,0,0,0,0,1,0,0,0,1,0,0,0,0,0,0,0,0,0,0,1,0,0,0,1,0,0.995
37,11,3,2.408450704225352,51.92464788732394,125.81352112676056,6.454545454545454,0.09,0,284,2059,4047,1.0,377,1,1,1,0,0,1,0,0,1,0,0,1,0,0,0,0,0,0,0,1,0,1,0,0,0,0,0,0,0,0,0,0,1,0,0.0
55,6,4,2.486111111111111,51.72708333333333,127.7701388888889,12.0,14.850350359363468,216,288,3528,4176,1.0,372,0,1,1,0,0,0,0,1,0,0,1,0,0,0,1,0,0,0,0,1,0,0,0,0,0,0,0,0,1,1,0,0,0,0,0.0
66,1,2,2.4507042253521125,49.74929577464789,120.20000000000002,71.0,0.08,0,142,994,5254,1.0,377,1,1,0,0,1,0,1,0,1,0,0,0,0,1,0,1,0,0,0,0,1,0,0,0,0,0,0,0,0,0,0,1,0,0,0.005
40,3,0,2.6527777777777777,48.721944444444446,130.17416666666665,24.0,13.281031919823771,648,432,432,3888,1.0,382,1,1,0,0,1,1,0,0,0,1,0,0,0,0,1,0,1,0,0,0,0,0,0,0,0,0,1,0,0,0,0,1,0,0,0.0
58,4,4,2.4722222222222223,51.54583333333333,125.13097222222224,18.0,7.040439272233234,720,288,2736,2016,1.0,371,0,1,0,0,1,0,1,0,0,1,0,0,0,0,1,0,0,0,0,1,0,0,1,0,0,0,0,0,0,0,1,0,0,0,0.0
31,8,4,2.4444444444444446,51.52875,125.70847222222224,9.0,0.13,144,0,3096,4680,1.0,377,0,1,0,0,1,1,0,0,0,0,1,1,0,0,0,0,0,0,1,0,0,0,0,0,1,0,0,0,0,0,0,0,1,0,0.01
52,12,4,3.0277777777777777,51.16253210407049,155.2909296455448,6.0,0.2710274635790904,143,76,431,7127,0.625,869,0,1,0,0,1,1,0,0,1,0,0,0,0,0,1,0,0,0,0,1,1,0,0,0,0,0,0,0,0,0,0,0,0,0,0.775
25,2,1,2.436619718309859,49.4438028169014,119.78408450704224,35.5,0.05,355,0,3124,3976,1.0,494,0,1,0,0,1,1,0,0,0,1,0,1,0,0,0,0,0,1,0,0,0,0,1,0,0,0,0,0,0,0,0,0,0,1,0.99
49,5,4,2.430555555555556,52.30611111111111,128.58763888888888,14.4,0.02,144,0,3312,1008,1.0,372,0,1,1,0,0,0,1,0,0,0,1,0,0,1,0,1,0,0,0,0,0,0,0,0,1,0,0,0,0,1,0,0,0,0,0.005
45,5,4,3.013888888888889,46.28297456667856,136.87572925559124,14.4,0.2837696686073414,147,76,1655,7270,0.5694444444444444,615,0,1,0,0,1,0,0,1,1,0,0,0,0,0,1,0,1,0,0,0,0,0,1,0,0,0,0,0,0,0,0,0,0,0,0.12
50,7,1,2.3380281690140845,49.83154929577465,116.52084507042252,10.142857142857142,0.14,142,0,2840,3266,1.0,370,1,1,0,1,0,0,1,0,0,0,1,0,0,1,0,1,0,0,0,0,0,0,0,0,0,0,1,0,0,0,1,0,0,0,0.01
62,6,2,2.805555555555556,50.99638888888889,147.61430555555555,12.0,0.25,216,0,2448,4248,1.0,372,0,1,0,0,1,0,1,0,0,1,0,0,1,0,0,0,0,1,0,0,0,1,0,0,0,0,0,0,0,1,0,0,0,0,0.01
37,1,4,2.408450704225352,48.00126760563381,113.74647887323944,71.0,8.974730559275262,710,568,2982,3124,1.0,373,0,1,0,0,1,0,0,1,0,0,1,1,0,0,0,1,0,0,0,0,0,0,1,0,0,0,0,0,0,0,1,0,0,0,0.0
49,5,4,2.5416666666666665,52.330416666666665,132.44236111111113,14.4,0.02,144,0,3312,1008,1.0,371,0,1,1,0,0,0,1,0,0,0,1,0,0,1,0,1,0,0,0,0,0,0,0,0,0,0,1,0,0,0,1,0,0,0,0.0
22,15,2,2.638888888888889,47.808194444444446,127.16222222222224,4.8,0.1,360,0,2736,2736,1.0,377,0,1,0,1,0,0,1,0,1,0,0,0,1,0,0,0,0,1,0,0,0,0,1,0,0,0,0,0,0,0,0,0,1,0,0.005
25,1,3,2.5694444444444446,49.33055555555556,127.58319444444444,72.0,0.17,504,0,3240,4176,1.0,372,1,1,0,0,1,0,1,0,0,0,1,1,0,0,0,1,0,0,0,0,0,0,0,1,0,0,0,0,0,0,0,0,0,1,0.0
60,8,0,2.763888888888889,49.24402777777778,141.60277777777776,9.0,0.15,0,144,1296,5544,1.0,378,1,1,0,0,1,1,0,0,0,1,0,0,0,0,1,0,0,0,0,1,0,0,0,0,1,0,0,0,0,1,0,0,0,0,0.005
40,8,3,2.611111111111111,48.78861111111112,130.0273611111111,9.0,12.152893382918927,216,144,936,4896,1.0,370,1,1,1,0,0,1,0,0,0,0,1,0,1,0,0,0,0,1,0,0,0,0,0,0,0,0,1,0,0,0,1,0,0,0,0.0
34,10,4,3.263888888888889,47.94309572377574,157.12293845065852,7.199999999999999,0.3388852552499523,160,76,2087,1455,0.6388888888888888,926,1,1,0,1,0,1,0,0,0,0,1,1,0,0,0,0,0,1,0,0,0,0,0,1,0,0,0,0,0,0,0,0,1,0,0.1
51,1,3,2.3661971830985915,51.19901408450704,118.8512676056338,71.0,5.800870915786277,639,426,2272,2982,1.0,370,0,1,0,0,1,1,0,0,0,1,0,0,0,1,0,0,1,0,0,0,0,0,0,0,0,0,0,0,1,1,0,0,0,0,0.0
61,13,2,2.295774647887324,50.081126760563386,118.30788732394367,5.461538461538462,10.541547708051995,71,71,2982,4118,1.0,371,0,1,0,1,0,0,0,1,0,1,0,0,0,0,1,1,0,0,0,0,0,1,0,0,0,0,0,0,0,0,0,0,1,0,0.0
57,6,0,2.5416666666666665,50.09652777777777,129.8454166666667,12.0,0.13,144,0,1584,936,1.0,371,1,1,0,0,1,0,1,0,0,1,0,0,0,0,1,0,0,0,1,0,1,0,0,0,0,0,0,0,0,0,0,1,0,0,0.0
45,1,0,2.8732394366197185,51.387219814903645,152.07158601208675,71.0,0.2286763845314512,154,61,3265,7090,0.6197183098591549,470,1,1,0,0,1,0,1,0,1,0,0,0,0,0,1,0,1,0,0,0,0,0,0,0,0,0,0,1,0,0,0,0,0,0,0.06
51,1,2,2.5492957746478875,50.88028169014085,131.6825352112676,71.0,0.05,355,0,1491,6461,1.0,380,1,1,0,1,0,1,0,0,0,1,0,0,0,0,1,0,0,0,1,0,0,0,0,0,1,0,0,0,0,0,0,0,1,0,0.0
36,14,1,2.4507042253521125,53.42929577464789,134.0430985915493,5.071428571428571,0.09,213,0,1775,2201,1.0,509,0,1,1,0,0,1,0,0,0,0,1,0,1,0,0,0,0,1,0,0,0,1,0,0,0,0,0,0,0,0,1,0,0,0,0.985
18,13,0,2.436619718309859,46.182112676056335,111.32915492957748,5.461538461538462,0.18,284,0,2272,6035,1.0,371,1,1,0,0,1,0,1,0,0,0,1,0,1,0,0,0,1,0,0,0,0,0,0,0,0,1,0,0,0,0,1,0,0,0,0.005
68,15,1,2.5972222222222223,52.48083333333333,132.01555555555558,4.8,0.1,288,0,864,3672,1.0,370,1,1,1,0,0,0,1,0,0,0,1,1,0,0,0,1,0,0,0,0,1,0,0,0,0,0,0,0,0,0,0,1,0,0,0.0
45,1,0,2.680555555555556,52.57944444444444,141.7502777777778,72.0,0.18,72,0,3312,7056,1.0,373,1,1,0,0,1,0,1,0,1,0,0,0,0,0,1,0,1,0,0,0,0,0,0,0,0,0,0,1,0,0,0,0,1,0,0.0
54,15,1,2.788732394366197,54.69661971830986,149.22140845070422,4.733333333333333,8.864371006316826,568,142,2556,3408,1.0,375,0,1,0,1,0,1,0,0,1,0,0,0,1,0,0,0,0,0,1,0,0,0,0,0,0,1,0,0,0,0,0,0,0,1,0.01
48,10,1,2.375,53.39555555555555,122.24944444444444,7.199999999999999,0.3,216,0,2880,4680,1.0,375,1,1,0,1,0,0,1,0,1,0,0,0,1,0,0,0,0,1,0,0,0,0,0,0,1,0,0,0,0,1,0,0,0,0,0.005
70,3,2,2.638888888888889,50.41333333333333,138.19361111111112,24.0,0.25,216,0,1440,4536,1.0,497,1,1,0,1,0,0,0,1,0,0,1,0,0,0,1,0,0,1,0,0,0,0,0,0,0,0,0,0,1,0,0,0,1,0,0.995
35,3,4,2.5492957746478875,51.21591549295775,129.9730985915493,23.666666666666668,0.02,213,0,3195,4402,1.0,508,1,1,0,0,1,1,0,0,0,0,1,0,0,1,0,0,0,0,1,0,1,0,0,0,0,0,0,0,0,0,0,1,0,0,0.99
70,9,0,2.605633802816901,55.27183098591549,142.81056338028168,7.888888888888888,0.2,0,497,1065,2343,1.0,379,0,1,0,0,1,0,0,1,1,0,0,0,0,0,1,1,0,0,0,0,0,1,0,0,0,0,0,0,0,0,0,1,0,0,0.005
47,8,1,2.5416666666666665,52.61527777777778,136.1559722222222,9.0,12.707630080622156,0,72,792,2808,1.0,371,0,1,1,0,0,1,0,0,0,1,0,1,0,0,0,1,0,0,0,0,0,1,0,0,0,0,0,0,0,0,0,1,0,0,0.0
44,9,4,2.408450704225352,51.79267605633803,123.42239436619718,7.888888888888888,8.454846215008608,284,0,2698,1136,1.0,370,0,1,0,1,0,0,1,0,0,1,0,0,0,1,0,0,0,1,0,0,0,0,0,1,0,0,0,0,0,0,1,0,0,0,0.0
27,4,1,2.380281690140845,49.95154929577465,119.55563380281691,17.75,0.02,213,0,1491,5751,1.0,375,0,1,1,0,0,0,1,0,0,0,1,0,0,1,0,0,0,1,0,0,0,0,0,0,0,0,0,1,0,0,1,0,0,0,0.005
46,2,2,2.76056338028169,48.78084507042254,134.72845070422534,35.5,0.12,0,142,852,2982,1.0,370,1,1,1,0,0,1,0,0,0,0,1,0,0,0,1,0,1,0,0,0,0,1,0,0,0,0,0,0,0,0,1,0,0,0,0.0
34,9,2,2.75,49.626666666666665,134.73611111111111,8.0,14.663665891596189,576,0,1728,5328,1.0,370,0,1,1,0,0,1,0,0,1,0,0,0,1,0,0,0,0,1,0,0,1,0,0,0,0,0,0,0,0,0,0,0,0,1,0.0
59,13,1,2.430555555555556,53.28430555555556,133.6211111111111,5.538461538461538,0.02,144,0,648,5904,1.0,371,0,1,0,0,1,0,1,0,0,0,1,0,0,0,1,0,1,0,0,0,0,0,0,0,0,0,0,1,0,1,0,0,0,0,0.0
36,14,2,2.75,48.66037427363008,140.0142748722981,5.142857142857143,0.3138404900996147,144,61,1511,5954,0.5555555555555556,717,1,1,1,0,0,0,0,1,0,0,1,0,0,1,0,1,0,0,0,0,1,0,0,0,0,0,0,0,0,0,0,0,0,0,0.145
24,9,2,2.486111111111111,53.94458333333333,130.77166666666665,8.0,0.29,288,0,1728,1440,1.0,376,0,1,1,0,0,1,0,0,0,0,1,0,1,0,0,0,0,1,0,0,0,0,0,0,0,0,0,1,0,1,0,0,0,0,0.005
37,13,0,2.5492957746478875,53.65380281690141,132.743661971831,5.461538461538462,13.203249225295048,710,355,1420,1846,1.0,379,1,1,0,0,1,0,0,1,0,0,1,0,0,1,0,0,0,1,0,0,1,0,0,0,0,0,0,0,0,1,0,0,0,0,0.0
70,7,1,2.352112676056338,48.4630985915493,119.337323943662,10.142857142857142,0.26,142,0,710,4402,1.0,372,1,1,0,0,1,0,0,1,0,1,0,0,0,1,0,0,0,0,0,1,0,0,0,0,0,0,0,1,0,0,0,1,0,0,0.005
25,9,2,2.647887323943662,49.33070422535212,128.86394366197183,7.888888888888888,0.02,142,0,2627,1562,1.0,371,0,1,0,1,0,1,0,0,0,1,0,0,0,0,1,1,0,0,0,0,0,0,0,0,0,0,0,0,1,0,1,0,0,0,0.005
48,1,0,2.5972222222222223,51.99125,135.61444444444444,72.0,0.17,0,216,648,4752,1.0,370,1,1,1,0,0,0,0,1,0,1,0,0,0,0,1,1,0,0,0,0,0,0,0,0,0,0,0,0,1,0,0,1,0,0,0.0
23,3,4,2.535211267605634,46.67887323943662,114.69183098591547,23.666666666666668,0.08,0,142,2059,6461,1.0,501,1,1,1,0,0,1,0,0,0,0,1,0,1,0,0,0,0,0,0,1,0,0,0,0,0,0,0,1,0,0,0,0,1,0,0.99
68,3,3,2.4788732394366195,49.49647887323944,126.7238028169014,23.666666666666668,0.04,284,0,639,3337,1.0,373,0,1,1,0,0,0,1,0,0,0,1,0,1,0,0,0,0,0,1,0,0,0,0,0,0,0,0,0,1,0,0,0,0,1,0.0
62,12,1,2.5,46.59,116.08388888888892,6.0,0.29,216,0,2952,3600,1.0,496,1,1,0,0,1,0,1,0,0,0,1,0,0,1,0,1,0,0,0,0,0,0,0,0,0,1,0,0,0,1,0,0,0,0,0.985
29,12,0,2.7777777777777777,51.29843663067327,144.74457985602643,6.0,0.3123630649511326,134,71,1871,4876,0.6388888888888888,721,0,1,1,0,0,0,0,1,0,0,1,0,0,0,1,0,0,0,0,1,0,0,0,1,0,0,0,0,0,0,0,0,0,0,0.78
34,15,2,2.375,48.51694444444444,117.99,4.8,0.07,288,0,1872,1944,1.0,491,1,1,0,1,0,0,1,0,0,0,1,1,0,0,0,0,1,0,0,0,0,0,0,0,0,0,1,0,0,0,0,0,0,1,0.995
43,12,0,2.5774647887323945,51.14915492957747,133.67239436619718,5.916666666666667,0.08,355,0,2485,1349,1.0,514,0,1,0,0,1,0,1,0,0,0,1,0,0,0,1,0,0,0,0,1,0,0,1,0,0,0,0,0,0,0,0,0,0,1,0.98
45,13,3,2.732394366197183,50.56464788732394,138.76352112676054,5.461538461538462,0.15,142,0,3479,5325,1.0,375,0,1,0,1,0,1,0,0,0,1,0,0,0,0,1,0,0,1,0,0,0,0,0,0,0,1,0,0,0,0,0,0,1,0,0.0
59,3,4,2.5,48.64263888888889,119.94319444444444,24.0,0.1,144,0,3096,5616,1.0,370,0,1,0,0,1,0,0,1,0,0,1,0,1,0,0,0,0,1,0,0,0,1,0,0,0,0,0,0,0,0,0,0,1,0,0.0
68,1,4,2.605633802816901,54.55028169014085,143.01661971830987,71.0,0.21,284,0,3124,6390,1.0,492,1,1,0,1,0,0,1,0,0,1,0,1,0,0,0,0,0,0,0,1,0,1,0,0,0,0,0,0,0,1,0,0,0,0,0.985
39,14,4,2.2816901408450705,48.34098591549296,107.72323943661972,5.071428571428571,0.01,213,0,2982,4686,1.0,494,1,1,0,0,1,0,0,1,0,0,1,1,0,0,0,0,0,0,1,0,0,0,1,0,0,0,0,0,0,0,0,1,0,0,0.965
65,2,1,2.680555555555556,51.87513888888889,140.81847222222223,36.0,0.23,0,288,1800,6624,1.0,371,0,1,0,0,1,1,0,0,1,0,0,0,0,0,1,0,0,1,0,0,0,1,0,0,0,0,0,0,0,0,0,0,1,0,0.005
53,3,2,2.6901408450704225,52.45225352112677,139.56676056338029,23.666666666666668,0.11,0,142,3195,3195,1.0,378,1,1,0,1,0,0,1,0,1,0,0,1,0,0,0,0,0,0,1,0,0,0,0,0,0,1,0,0,0,0,1,0,0,0,0.005
28,10,1,2.563380281690141,54.73535211267605,140.6381690140845,7.1,0.07,213,0,1704,3692,1.0,378,1,1,1,0,0,1,0,0,1,0,0,0,0,0,1,1,0,0,0,0,0,0,0,0,1,0,0,0,0,0,1,0,0,0,0.025
39,14,4,2.5972222222222223,48.04805555555556,127.70402777777778,5.142857142857143,0.01,216,0,3024,4752,1.0,502,1,1,0,0,1,0,0,1,0,0,1,1,0,0,0,0,0,0,1,0,0,0,0,0,0,1,0,0,0,0,0,0,1,0,0.99
60,1,2,3.083333333333333,52.96308015044024,163.51044126155136,72.0,0.3069337977252157,175,59,2591,6845,0.5416666666666666,895,1,1,0,0,1,0,0,1,0,1,0,0,1,0,0,1,0,0,0,0,0,0,0,0,0,1,0,0,0,0,0,0,0,0,0.8
21,7,1,2.619718309859155,49.04408450704226,130.1892957746479,10.142857142857142,0.02,213,0,3621,6319,1.0,374,1,1,1,0,0,1,0,0,0,0,1,0,1,0,0,0,0,0,0,1,0,0,0,0,0,1,0,0,0,1,0,0,0,0,0.0
65,15,2,2.4444444444444446,52.11013888888888,129.97722222222222,4.8,0.03,0,144,2880,2232,1.0,377,1,1,0,1,0,0,0,1,0,0,1,0,0,1,0,0,0,0,1,0,0,0,0,0,1,0,0,0,0,1,0,0,0,0,0.01
68,5,1,2.352112676056338,47.7774647887324,114.4087323943662,14.2,0.14,142,0,2414,3124,1.0,494,1,1,0,1,0,1,0,0,0,1,0,0,0,1,0,0,0,1,0,0,0,0,1,0,0,0,0,0,0,0,0,0,0,1,0.985
37,9,4,2.535211267605634,51.902535211267605,131.33971830985917,7.888888888888888,0.25,213,0,639,5041,1.0,378,1,1,0,1,0,0,1,0,0,0,1,1,0,0,0,0,0,0,0,1,0,1,0,0,0,0,0,0,0,0,0,0,0,1,0.01
57,9,3,2.718309859154929,54.18507042253521,144.32,7.888888888888888,0.16,213,0,2201,5325,1.0,500,1,1,0,0,1,0,0,1,0,1,0,0,0,0,1,0,0,1,0,0,0,0,0,0,0,0,0,1,0,0,0,1,0,0,0.98
19,11,0,2.492957746478873,49.52774647887324,127.97042253521126,6.454545454545454,0.25,0,142,1278,4189,1.0,375,1,1,0,0,1,0,1,0,1,0,0,1,0,0,0,0,0,0,1,0,1,0,0,0,0,0,0,0,0,1,0,0,0,0,0.005
30,15,2,3.1690140845070425,51.01817331766912,162.89889045377507,4.733333333333333,0.271217528920017,132,100,3336,6327,0.5492957746478874,474,1,1,0,1,0,0,1,0,0,0,1,1,0,0,0,1,0,0,0,0,1,0,0,0,0,0,0,0,0,0,0,0,0,0,0.745
24,9,2,2.5211267605633805,48.360845070422535,121.73056338028172,7.888888888888888,0.29,284,0,1704,1420,1.0,373,0,1,1,0,0,1,0,0,0,0,1,0,1,0,0,0,0,1,0,0,0,0,0,0,0,0,1,0,0,0,0,1,0,0,0.005
26,15,3,2.625,53.70222222222222,142.39097222222222,4.8,0.09,216,0,1656,2736,1.0,371,1,1,0,0,1,0,0,1,1,0,0,0,0,1,0,1,0,0,0,0,0,0,1,0,0,0,0,0,0,1,0,0,0,0,0.01
62,5,2,2.486111111111111,52.65875,132.42847222222224,14.4,0.29,72,0,3384,6696,1.0,495,0,1,1,0,0,0,1,0,0,1,0,0,1,0,0,0,0,0,0,1,1,0,0,0,0,0,0,0,0,0,1,0,0,0,1.0
41,10,1,2.5,49.60388888888889,121.6223611111111,7.199999999999999,0.16,144,0,576,6264,1.0,371,1,1,1,0,0,1,0,0,0,0,1,0,0,0,1,0,0,1,0,0,1,0,0,0,0,0,0,0,0,0,0,1,0,0,0.0
27,4,1,2.5492957746478875,51.347605633802814,135.31901408450705,17.75,0.02,213,0,1491,5751,1.0,372,0,1,1,0,0,0,1,0,0,0,1,0,0,1,0,0,0,1,0,0,0,0,0,1,0,0,0,0,0,0,0,0,0,1,0.01
21,5,4,2.5416666666666665,43.87513888888889,108.45819444444444,14.4,0.28,72,0,864,6768,1.0,378,0,1,0,1,0,1,0,0,1,0,0,0,1,0,0,0,1,0,0,0,0,0,0,0,0,0,0,1,0,0,0,0,0,1,0.01
67,10,4,2.680555555555556,52.76305555555555,140.51541666666668,7.199999999999999,0.23,216,0,3024,1872,1.0,491,1,1,1,0,0,1,0,0,1,0,0,1,0,0,0,0,0,0,1,0,0,1,0,0,0,0,0,0,0,0,0,0,0,1,0.995
58,1,0,2.408450704225352,50.99901408450704,121.12704225352114,71.0,0.26,284,0,1704,2343,1.0,492,1,1,1,0,0,0,0,1,0,1,0,0,0,0,1,0,1,0,0,0,0,0,0,1,0,0,0,0,0,0,0,1,0,0,0.99
42,4,2,3.0277777777777777,50.5047657804941,149.71161489432154,18.0,0.3341922575442548,161,60,1727,1440,0.6111111111111112,615,0,1,1,0,0,0,0,1,0,0,1,0,0,1,0,1,0,0,0,0,0,0,0,1,0,0,0,0,0,0,0,0,0,0,0.05
23,2,0,2.3661971830985915,50.2643661971831,116.746338028169,35.5,0.02,284,0,639,5964,1.0,372,1,1,0,1,0,0,0,1,0,1,0,0,0,1,0,0,0,1,0,0,0,1,0,0,0,0,0,0,0,0,1,0,0,0,0.005
43,12,4,2.676056338028169,48.87225352112676,132.38605633802817,5.916666666666667,0.07,213,0,1278,1278,1.0,493,0,1,0,0,1,0,1,0,1,0,0,0,0,1,0,0,0,0,1,0,0,0,0,0,0,0,0,1,0,0,0,1,0,0,0.995
25,1,3,2.513888888888889,48.771388888888886,125.39569444444444,72.0,0.17,504,0,3240,4176,1.0,372,1,1,0,0,1,0,1,0,0,0,1,1,0,0,0,1,0,0,0,0,0,0,0,0,0,0,0,0,1,0,0,0,1,0,0.0
24,1,1,2.3943661971830985,50.22774647887324,118.54507042253522,71.0,0.16,0,213,1136,1136,1.0,375,1,1,0,1,0,0,1,0,0,1,0,1,0,0,0,0,1,0,0,0,0,0,0,0,0,0,0,0,1,1,0,0,0,0,0.0
41,10,4,2.5694444444444446,52.62291666666667,135.60833333333332,7.199999999999999,0.25,0,288,1008,1584,1.0,375,0,1,0,1,0,1,0,0,0,1,0,1,0,0,0,0,0,0,0,1,0,0,0,0,0,0,1,0,0,1,0,0,0,0,0.0
30,15,2,2.5972222222222223,46.855555555555554,119.73333333333332,4.8,0.22,144,0,3384,6336,1.0,500,1,1,0,1,0,0,1,0,0,0,1,1,0,0,0,1,0,0,0,0,0,0,0,0,0,0,0,0,1,0,1,0,0,0,0.985
51,13,3,2.5416666666666665,48.36138888888889,124.00111111111111,5.538461538461538,0.08,288,0,3672,1080,1.0,375,1,1,0,1,0,0,1,0,0,1,0,1,0,0,0,1,0,0,0,0,0,1,0,0,0,0,0,0,0,1,0,0,0,0,0.005
39,14,4,2.680555555555556,49.83361111111111,129.94555555555556,5.142857142857143,0.08,144,0,1152,6624,1.0,501,0,1,0,0,1,1,0,0,0,0,1,0,0,0,1,0,1,0,0,0,0,1,0,0,0,0,0,0,0,1,0,0,0,0,0.995
68,15,1,2.535211267605634,54.94647887323944,141.59,4.733333333333333,0.1,284,0,852,3621,1.0,372,1,1,1,0,0,0,1,0,0,0,1,1,0,0,0,1,0,0,0,0,0,0,0,0,0,0,0,0,1,0,1,0,0,0,0.005
40,2,0,2.605633802816901,52.90957746478873,139.596338028169,35.5,0.08,142,0,1278,5964,1.0,370,0,1,0,1,0,1,0,0,0,0,1,0,0,1,0,0,0,0,0,1,0,1,0,0,0,0,0,0,0,0,0,0,0,1,0.005
36,14,2,2.486111111111111,50.69027777777777,129.1209722222222,5.142857142857143,11.44651528717226,72,720,1440,5760,1.0,373,1,1,1,0,0,0,0,1,0,0,1,0,0,1,0,1,0,0,0,0,0,0,0,0,0,0,0,0,1,1,0,0,0,0,0.005
60,6,2,2.486111111111111,51.71986111111111,128.0351388888889,12.0,0.12,360,0,3096,2016,1.0,374,0,1,0,1,0,0,1,0,0,0,1,0,0,1,0,0,0,0,1,0,0,0,0,0,1,0,0,0,0,0,0,0,0,1,0.0
28,10,1,2.535211267605634,46.68169014084507,116.0225352112676,7.1,0.07,213,0,1704,3692,1.0,371,1,1,1,0,0,1,0,0,1,0,0,0,0,0,1,1,0,0,0,0,0,0,0,0,0,0,0,0,1,0,1,0,0,0,0.0
57,9,1,2.5774647887323945,51.46323943661972,131.86352112676056,7.888888888888888,0.19,142,0,426,4189,1.0,373,0,1,0,1,0,1,0,0,0,0,1,0,1,0,0,1,0,0,0,0,0,0,1,0,0,0,0,0,0,0,1,0,0,0,0.0
58,4,4,2.555555555555556,50.951388888888886,130.2315277777778,18.0,7.040439272233234,720,288,2736,2016,1.0,379,0,1,0,0,1,0,1,0,0,1,0,0,0,0,1,0,0,0,0,1,0,1,0,0,0,0,0,0,0,0,0,0,0,1,0.0
57,12,3,2.6901408450704225,49.905352112676056,131.40535211267607,5.916666666666667,0.01,213,0,2272,7171,1.0,370,0,1,1,0,0,0,1,0,0,0,1,1,0,0,0,1,0,0,0,0,0,0,0,1,0,0,0,0,0,0,0,0,1,0,0.0
53,8,3,2.2777777777777777,49.840694444444445,112.41347222222224,9.0,0.01,288,0,3528,4320,1.0,490,0,1,0,0,1,0,1,0,1,0,0,0,0,1,0,1,0,0,0,0,0,0,0,1,0,0,0,0,0,1,0,0,0,0,0.98
54,13,0,2.4722222222222223,51.742777777777775,129.2938888888889,5.538461538461538,0.29,360,0,3456,4464,1.0,370,0,1,1,0,0,0,0,1,0,1,0,0,1,0,0,0,0,0,1,0,1,0,0,0,0,0,0,0,0,1,0,0,0,0,0.015
28,10,2,2.4722222222222223,45.724583333333335,111.04027777777776,7.199999999999999,0.02,0,216,3312,5256,1.0,377,1,1,1,0,0,0,0,1,0,0,1,0,1,0,0,0,1,0,0,0,0,0,1,0,0,0,0,0,0,0,0,0,1,0,0.01
39,4,0,2.625,46.71347222222222,123.12805555555556,18.0,0.18,144,0,864,5904,1.0,494,1,1,0,1,0,1,0,0,0,0,1,0,0,1,0,0,1,0,0,0,1,0,0,0,0,0,0,0,0,1,0,0,0,0,0.99
69,10,2,2.5774647887323945,48.136901408450704,123.16169014084508,7.1,11.988521437096658,284,710,1065,2911,1.0,370,0,1,0,0,1,0,0,1,1,0,0,1,0,0,0,0,0,0,0,1,0,0,0,1,0,0,0,0,0,1,0,0,0,0,0.0
33,7,4,2.430555555555556,54.82361111111111,134.09583333333333,10.285714285714286,0.29,72,0,2160,2376,1.0,372,0,1,0,0,1,0,1,0,1,0,0,0,0,0,1,0,0,0,1,0,1,0,0,0,0,0,0,0,0,1,0,0,0,0,0.0
68,11,1,2.4444444444444446,53.090694444444445,129.0329166666667,6.545454545454546,0.22,216,0,3312,5112,1.0,373,1,1,1,0,0,0,1,0,0,1,0,0,1,0,0,1,0,0,0,0,0,0,1,0,0,0,0,0,0,0,0,1,0,0,0.005
60,10,3,2.4444444444444446,53.368750000000006,128.55638888888888,7.199999999999999,0.18,360,0,3024,2448,1.0,491,0,1,0,1,0,0,0,1,1,0,0,0,0,1,0,0,0,1,0,0,0,0,0,0,1,0,0,0,0,1,0,0,0,0,0.995
32,15,2,2.563380281690141,49.05802816901409,126.27211267605634,4.733333333333333,0.28,0,142,3124,6177,1.0,370,1,1,1,0,0,0,1,0,0,0,1,0,0,0,1,0,1,0,0,0,0,0,0,0,0,0,1,0,0,0,0,1,0,0,0.01
59,1,3,2.605633802816901,48.81647887323943,127.96887323943665,71.0,0.25,213,0,3124,3266,1.0,492,1,1,0,1,0,0,0,1,1,0,0,0,0,1,0,0,0,1,0,0,0,0,0,1,0,0,0,0,0,1,0,0,0,0,0.995
66,12,0,2.619718309859155,51.63887323943662,132.396338028169,5.916666666666667,0.1,0,213,3408,2485,1.0,370,1,1,0,0,1,1,0,0,0,0,1,0,1,0,0,0,0,1,0,0,0,0,0,0,0,0,0,0,1,0,1,0,0,0,0.005
41,3,3,2.563380281690141,52.88549295774648,135.1856338028169,23.666666666666668,7.683813403410546,71,497,3337,3124,1.0,374,1,1,0,1,0,1,0,0,1,0,0,1,0,0,0,1,0,0,0,0,0,0,0,0,0,0,0,0,1,0,0,0,1,0,0.005
55,6,4,2.408450704225352,51.856056338028175,128.52577464788732,11.833333333333334,14.850350359363466,213,284,3479,4118,1.0,375,0,1,1,0,0,0,0,1,0,0,1,0,0,0,1,0,0,0,0,1,0,0,0,0,0,0,0,1,0,0,0,0,0,1,0.0
49,11,4,2.563380281690141,50.054084507042255,124.80760563380282,6.454545454545454,10.416272228669367,213,355,2840,4615,1.0,373,0,1,0,1,0,0,0,1,0,1,0,1,0,0,0,0,0,0,0,1,0,1,0,0,0,0,0,0,0,0,0,1,0,0,0.0
51,14,1,2.2777777777777777,47.11083333333333,104.99555555555555,5.142857142857143,5.486951393525363,72,648,1944,4896,1.0,378,1,1,0,0,1,0,0,1,0,1,0,0,0,0,1,1,0,0,0,0,0,0,0,1,0,0,0,0,0,0,0,0,1,0,0.0
36,14,2,2.4444444444444446,53.10722222222222,127.8425,5.142857142857143,11.44651528717226,72,720,1440,5760,1.0,374,1,1,1,0,0,0,0,1,0,0,1,0,0,1,0,1,0,0,0,0,0,1,0,0,0,0,0,0,0,1,0,0,0,0,0.005
47,10,3,2.971830985915493,50.2512218898668,151.64516924960805,7.1,0.3361512651480597,171,51,1703,3899,0.5915492957746479,535,0,1,0,0,1,0,0,1,1,0,0,0,0,0,1,0,1,0,0,0,1,0,0,0,0,0,0,0,0,0,0,0,0,0,0.145
25,11,3,2.680555555555556,49.57555555555555,135.6434722222222,6.545454545454546,0.11,0,288,3312,3744,1.0,380,0,1,0,0,1,0,1,0,1,0,0,0,1,0,0,0,1,0,0,0,0,0,0,1,0,0,0,0,0,1,0,0,0,0,0.01
58,13,1,2.563380281690141,49.57295774647887,127.76521126760564,5.461538461538462,12.497540224720405,568,213,568,2627,1.0,371,1,1,0,0,1,0,1,0,0,1,0,0,0,1,0,0,0,0,0,1,0,0,0,0,1,0,0,0,0,0,0,0,1,0,0.0
34,11,0,2.486111111111111,50.958194444444445,125.8573611111111,6.545454545454546,10.060466925235062,72,504,648,3744,1.0,372,1,1,0,1,0,1,0,0,0,1,0,0,1,0,0,1,0,0,0,0,1,0,0,0,0,0,0,0,0,0,0,0,1,0,0.0
68,11,1,2.408450704225352,51.24450704225352,123.13774647887324,6.454545454545454,0.14,284,0,3550,2556,1.0,379,1,1,0,0,1,0,0,1,0,1,0,0,1,0,0,0,1,0,0,0,0,1,0,0,0,0,0,0,0,1,0,0,0,0,0.01
57,12,3,2.375,51.23986111111111,120.59666666666664,6.0,0.01,216,0,2304,7272,1.0,379,0,1,1,0,0,0,1,0,0,0,1,1,0,0,0,1,0,0,0,0,0,0,1,0,0,0,0,0,0,0,1,0,0,0,0.0
21,9,0,3.1666666666666665,53.69889204773821,170.3827872543257,8.0,0.2796815833764781,150,88,1799,4185,0.6944444444444444,602,1,1,0,0,1,0,1,0,0,0,1,1,0,0,0,0,0,1,0,0,1,0,0,0,0,0,0,0,0,0,0,0,1,0,0.08
34,9,2,2.3472222222222223,51.318333333333335,120.38791666666668,8.0,14.663665891596189,576,0,1728,5328,1.0,373,0,1,1,0,0,1,0,0,1,0,0,0,1,0,0,0,0,1,0,0,1,0,0,0,0,0,0,0,0,1,0,0,0,0,0.0
45,2,4,2.513888888888889,49.40416666666667,126.92972222222222,36.0,11.342879700165357,360,432,504,1512,1.0,370,0,1,1,0,0,1,0,0,0,1,0,0,0,0,1,0,0,0,1,0,0,1,0,0,0,0,0,0,0,1,0,0,0,0,0.005
33,5,4,2.7222222222222223,52.50375,144.19916666666666,14.4,0.13,0,288,864,1872,1.0,382,0,1,1,0,0,0,1,0,0,1,0,0,0,0,1,0,1,0,0,0,1,0,0,0,0,0,0,0,0,1,0,0,0,0,0.005
23,5,4,2.8194444444444446,45.98013888888889,126.605,14.4,11.14976367097843,720,576,864,3528,1.0,375,1,1,0,0,1,1,0,0,0,1,0,0,1,0,0,1,0,0,0,0,0,0,0,1,0,0,0,0,0,0,0,0,1,0,0.0
25,10,1,2.388888888888889,52.959583333333335,126.90402777777778,7.199999999999999,0.09,216,0,2448,6552,1.0,376,1,1,1,0,0,1,0,0,0,1,0,1,0,0,0,0,0,0,1,0,0,0,0,0,1,0,0,0,0,0,0,0,1,0,0.0
51,1,2,2.464788732394366,50.97450704225352,126.2605633802817,71.0,0.05,355,0,1491,6461,1.0,373,1,1,0,1,0,1,0,0,0,1,0,0,0,0,1,0,0,0,1,0,0,0,0,0,0,1,0,0,0,0,0,0,0,1,0.0
26,13,1,2.680555555555556,51.40111111111111,134.76305555555555,5.538461538461538,0.15,504,0,2880,6768,1.0,511,1,1,0,1,0,0,0,1,0,1,0,0,0,1,0,0,0,0,1,0,0,0,0,0,0,0,1,0,0,1,0,0,0,0,0.97
32,5,3,2.492957746478873,52.16098591549296,128.01464788732392,14.2,0.23,213,0,1633,923,1.0,374,0,1,0,0,1,1,0,0,1,0,0,0,1,0,0,0,1,0,0,0,0,0,1,0,0,0,0,0,0,1,0,0,0,0,0.0
35,2,1,2.555555555555556,51.45319444444445,134.50055555555554,36.0,0.04,144,0,2160,1008,1.0,490,0,1,0,0,1,0,0,1,0,1,0,0,0,1,0,1,0,0,0,0,0,0,0,1,0,0,0,0,0,0,0,1,0,0,0.99
28,13,2,2.323943661971831,55.29338028169014,127.606338028169,5.461538461538462,5.674058651816404,142,213,1349,710,1.0,370,1,1,0,0,1,0,0,1,0,0,1,0,0,1,0,0,0,0,0,1,0,0,0,0,0,0,1,0,0,0,0,0,1,0,0.0
56,15,1,2.492957746478873,52.4387323943662,131.1718309859155,4.733333333333333,0.19,142,0,923,5751,1.0,372,1,1,0,1,0,1,0,0,0,0,1,0,0,1,0,0,1,0,0,0,0,0,0,0,0,1,0,0,0,0,0,1,0,0,0.0
30,1,0,2.5694444444444446,49.88027777777778,128.6665277777778,72.0,0.15,0,216,3384,2016,1.0,370,1,1,0,1,0,0,0,1,1,0,0,0,1,0,0,0,0,1,0,0,0,0,0,1,0,0,0,0,0,1,0,0,0,0,0.0
54,14,2,2.486111111111111,50.69541666666667,121.51347222222222,5.142857142857143,6.5933528789785125,648,216,792,1008,1.0,370,1,1,1,0,0,1,0,0,1,0,0,1,0,0,0,0,1,0,0,0,0,0,1,0,0,0,0,0,0,1,0,0,0,0,0.0
21,10,2,2.4788732394366195,49.74802816901408,123.15084507042252,7.1,0.11,0,355,994,6106,1.0,373,0,1,1,0,0,1,0,0,1,0,0,0,1,0,0,0,1,0,0,0,1,0,0,0,0,0,0,0,0,0,0,0,0,1,0.005
18,1,4,2.352112676056338,49.74028169014085,116.30859154929576,71.0,0.22,213,0,1278,2769,1.0,379,1,1,0,1,0,0,0,1,1,0,0,1,0,0,0,0,1,0,0,0,0,0,0,0,0,0,0,1,0,1,0,0,0,0,0.0
53,8,3,2.5694444444444446,49.31986111111112,126.74513888888887,9.0,0.01,288,0,3528,4320,1.0,490,0,1,0,0,1,0,1,0,1,0,0,0,0,1,0,1,0,0,0,0,0,0,0,0,0,0,1,0,0,0,0,0,0,1,0.995
32,10,4,2.513888888888889,51.67180555555555,131.30791666666667,7.199999999999999,0.14,0,216,1656,4968,1.0,500,1,1,0,1,0,0,1,0,0,0,1,1,0,0,0,0,0,0,1,0,0,0,0,0,0,0,0,0,1,1,0,0,0,0,0.995
53,6,4,2.535211267605634,52.73169014084507,134.9554929577465,11.833333333333334,0.06,0,142,497,1065,1.0,530,0,1,0,1,0,0,0,1,1,0,0,0,1,0,0,1,0,0,0,0,0,0,0,0,0,0,0,1,0,0,1,0,0,0,0.975
40,15,3,2.611111111111111,48.76902777777778,132.22430555555556,4.8,0.16,432,0,2808,2088,1.0,497,0,1,0,0,1,0,0,1,1,0,0,0,0,0,1,0,0,1,0,0,0,0,0,0,0,0,0,0,1,1,0,0,0,0,0.98
28,5,1,2.3380281690140845,49.65971830985916,115.74323943661972,14.2,14.89490852814388,355,213,1988,5893,1.0,370,1,1,0,0,1,0,1,0,0,0,1,0,0,0,1,0,0,0,1,0,0,0,0,0,0,1,0,0,0,1,0,0,0,0,0.01
34,12,3,3.1527777777777777,51.62850847469055,158.33552542407165,6.0,0.3150553467481434,176,57,2591,7424,0.6388888888888888,767,1,1,1,0,0,0,0,1,0,1,0,0,0,1,0,0,0,1,0,0,0,1,0,0,0,0,0,0,0,0,0,0,1,0,0.805
21,3,4,2.6901408450704225,49.76028169014084,132.52183098591547,23.666666666666668,0.14,0,213,2059,2343,1.0,376,0,1,0,0,1,0,1,0,0,0,1,0,0,1,0,0,0,1,0,0,0,1,0,0,0,0,0,0,0,1,0,0,0,0,0.0
34,9,2,2.6619718309859155,49.86816901408451,130.86971830985917,7.888888888888888,14.663665891596189,568,0,1704,5254,1.0,371,0,1,1,0,0,1,0,0,1,0,0,0,1,0,0,0,0,1,0,0,0,0,0,0,0,1,0,0,0,0,0,0,0,1,0.0
51,1,3,2.583333333333333,49.03069444444444,124.58083333333332,72.0,5.800870915786277,648,432,2304,3024,1.0,372,0,1,0,0,1,1,0,0,0,1,0,0,0,1,0,0,1,0,0,0,0,0,0,0,1,0,0,0,0,0,1,0,0,0,0.0
37,15,4,2.4444444444444446,53.08111111111111,131.9811111111111,4.8,0.22,0,144,2808,7056,1.0,511,0,1,0,1,0,0,1,0,0,1,0,0,0,1,0,0,0,1,0,0,0,0,0,0,0,0,1,0,0,0,0,0,1,0,0.99
57,9,3,2.361111111111111,54.47847222222222,131.59833333333333,8.0,0.16,216,0,2232,5400,1.0,507,1,1,0,0,1,0,0,1,0,1,0,0,0,0,1,0,0,1,0,0,1,0,0,0,0,0,0,0,0,1,0,0,0,0,0.99
54,1,2,2.5774647887323945,49.5312676056338,128.0843661971831,71.0,0.01,71,0,3124,6532,1.0,374,0,1,1,0,0,1,0,0,1,0,0,1,0,0,0,0,1,0,0,0,0,1,0,0,0,0,0,0,0,0,0,0,0,1,0.005
23,11,2,2.6944444444444446,52.11708333333333,140.86902777777777,6.545454545454546,0.18,0,432,1440,1800,1.0,491,0,1,0,0,1,0,0,1,0,1,0,0,0,1,0,1,0,0,0,0,1,0,0,0,0,0,0,0,0,0,1,0,0,0,0.965
22,6,2,2.507042253521127,46.67845070422536,117.5738028169014,11.833333333333334,0.02,0,284,2698,4189,1.0,371,1,1,0,1,0,0,1,0,0,0,1,0,1,0,0,0,0,1,0,0,0,0,0,1,0,0,0,0,0,0,1,0,0,0,0.0
63,4,0,2.583333333333333,47.20666666666667,119.79430555555555,18.0,0.08,144,0,1368,4752,1.0,386,0,1,0,0,1,0,0,1,0,0,1,0,1,0,0,0,0,0,0,1,0,1,0,0,0,0,0,0,0,0,0,0,1,0,0.0
31,8,4,2.611111111111111,49.595,132.11944444444444,9.0,0.13,144,0,3096,4680,1.0,371,0,1,0,0,1,1,0,0,0,0,1,1,0,0,0,0,0,0,1,0,0,0,0,0,0,0,1,0,0,0,0,0,0,1,0.0
50,13,0,2.5,47.50277777777777,118.25375,5.538461538461538,0.03,288,0,576,5976,1.0,375,0,1,0,0,1,0,0,1,0,0,1,1,0,0,0,0,0,0,1,0,0,0,0,0,0,0,1,0,0,0,0,1,0,0,0.005
64,7,1,2.4722222222222223,50.03013888888889,124.42611111111113,10.285714285714286,0.19,144,0,720,2736,1.0,499,0,1,0,0,1,0,1,0,0,1,0,0,1,0,0,0,1,0,0,0,0,0,0,0,0,0,1,0,0,1,0,0,0,0,0.99
68,1,4,2.458333333333333,48.72527777777778,122.9863888888889,72.0,0.21,288,0,3168,6480,1.0,500,1,1,0,1,0,0,1,0,0,1,0,1,0,0,0,0,0,0,0,1,0,0,0,0,0,1,0,0,0,0,0,0,1,0,1.0
18,7,3,2.4788732394366195,51.71464788732394,129.6469014084507,10.142857142857142,0.27,0,213,3053,5396,1.0,372,0,1,1,0,0,0,0,1,0,1,0,0,0,0,1,0,1,0,0,0,0,0,0,0,0,1,0,0,0,1,0,0,0,0,0.0
27,6,4,2.430555555555556,52.294583333333335,128.87958333333333,12.0,0.25,0,144,1512,2664,1.0,491,1,1,0,0,1,0,1,0,0,0,1,0,1,0,0,1,0,0,0,0,0,0,0,0,0,1,0,0,0,0,0,0,0,1,0.97
45,3,1,2.422535211267605,50.915633802816906,121.0543661971831,23.666666666666668,0.25,142,0,3408,1349,1.0,370,0,1,0,1,0,0,1,0,0,1,0,0,0,1,0,0,0,0,1,0,0,0,0,0,1,0,0,0,0,1,0,0,0,0,0.005
57,9,4,2.507042253521127,49.22816901408451,125.01577464788734,7.888888888888888,0.05,213,0,3621,3692,1.0,499,0,1,0,0,1,1,0,0,1,0,0,0,1,0,0,0,0,0,1,0,0,0,0,1,0,0,0,0,0,0,0,0,0,1,1.0
18,7,3,2.4722222222222223,50.04833333333333,125.03708333333331,10.285714285714286,0.27,0,216,3096,5472,1.0,376,0,1,1,0,0,0,0,1,0,1,0,0,0,0,1,0,1,0,0,0,0,0,0,0,0,0,1,0,0,1,0,0,0,0,0.005
55,11,2,2.9027777777777777,52.08313163781888,157.3291304113166,6.545454545454546,0.3468914346263987,144,64,3599,5028,0.6805555555555556,794,0,1,1,0,0,0,1,0,0,0,1,0,0,1,0,0,1,0,0,0,0,0,0,1,0,0,0,0,0,0,1,0,0,0,0.785
48,15,2,2.305555555555556,51.43625,116.51083333333334,4.8,0.21,216,0,504,4608,1.0,494,0,1,0,1,0,1,0,0,1,0,0,0,0,0,1,0,0,0,1,0,0,0,0,1,0,0,0,0,0,0,0,1,0,0,0.98
57,10,0,2.619718309859155,49.27845070422535,128.9294366197183,7.1,0.27,0,284,710,7384,1.0,372,0,1,0,1,0,1,0,0,0,0,1,1,0,0,0,0,0,1,0,0,0,0,1,0,0,0,0,0,0,0,0,0,1,0,0.0
18,9,3,2.763888888888889,51.66901430018437,144.98954290055312,8.0,0.298020050065108,143,70,3599,4300,0.5555555555555556,772,1,1,0,1,0,1,0,0,0,1,0,0,0,0,1,0,0,1,0,0,0,0,0,0,0,0,0,1,0,0,0,0,0,0,0.805
27,10,1,2.3380281690140845,52.016619718309855,123.41915492957747,7.1,0.22,142,0,1491,2130,1.0,500,0,1,0,1,0,0,0,1,0,1,0,0,1,0,0,0,0,0,1,0,0,1,0,0,0,0,0,0,0,0,0,1,0,0,0.995
64,12,3,2.430555555555556,53.284444444444446,126.71583333333332,6.0,0.18,432,0,2232,5544,1.0,490,1,1,1,0,0,0,0,1,1,0,0,0,1,0,0,0,0,1,0,0,0,0,0,0,0,1,0,0,0,1,0,0,0,0,1.0
21,11,4,2.408450704225352,49.876619718309854,115.7894366197183,6.454545454545454,8.744172933134937,71,426,2272,4828,1.0,371,1,1,0,0,1,1,0,0,0,0,1,0,0,0,1,1,0,0,0,0,0,0,0,0,0,0,0,0,1,0,0,0,1,0,0.0
30,1,0,2.486111111111111,50.99819444444445,128.06583333333333,72.0,0.15,0,216,3384,2016,1.0,375,1,1,0,1,0,0,0,1,1,0,0,0,1,0,0,0,0,1,0,0,1,0,0,0,0,0,0,0,0,0,0,1,0,0,0.02
49,6,2,2.2916666666666665,53.94263888888889,118.02819444444444,12.0,9.366820202264352,504,72,720,2232,1.0,374,1,1,1,0,0,1,0,0,0,0,1,0,0,1,0,0,1,0,0,0,0,0,0,0,1,0,0,0,0,0,1,0,0,0,0.005
29,6,0,2.8194444444444446,46.429027777777776,132.8765277777778,12.0,0.29,0,360,1368,5040,1.0,490,1,1,0,1,0,0,1,0,1,0,0,0,0,0,1,0,0,0,1,0,0,0,1,0,0,0,0,0,0,0,0,0,0,1,0.97
38,8,2,2.676056338028169,53.56295774647887,141.55478873239437,8.875,11.0820626280203,213,497,355,1207,1.0,376,0,1,1,0,0,1,0,0,1,0,0,0,0,1,0,0,0,1,0,0,0,1,0,0,0,0,0,0,0,0,0,0,1,0,0.0
22,15,4,2.380281690140845,50.89394366197183,120.34323943661973,4.733333333333333,0.04,142,0,3479,2627,1.0,378,1,1,1,0,0,1,0,0,1,0,0,0,0,0,1,0,0,0,0,1,0,0,0,1,0,0,0,0,0,0,0,0,1,0,0.0
57,10,0,2.638888888888889,49.42027777777778,128.72541666666666,7.199999999999999,0.27,0,288,720,7488,1.0,372,0,1,0,1,0,1,0,0,0,0,1,1,0,0,0,0,0,1,0,0,0,1,0,0,0,0,0,0,0,0,0,1,0,0,0.005
50,6,4,2.458333333333333,51.02708333333333,122.27138888888892,12.0,0.04,216,0,1728,3528,1.0,371,1,1,0,0,1,1,0,0,1,0,0,0,1,0,0,0,0,1,0,0,0,0,0,0,0,1,0,0,0,1,0,0,0,0,0.005
37,10,0,2.352112676056338,54.77535211267606,130.1543661971831,7.1,0.18,71,0,1420,1207,1.0,492,1,1,1,0,0,1,0,0,0,0,1,0,0,1,0,1,0,0,0,0,0,1,0,0,0,0,0,0,0,0,0,1,0,0,0.975
20,1,1,2.513888888888889,51.36763888888888,133.1275,72.0,0.22,288,0,3600,4680,1.0,373,1,1,0,0,1,0,1,0,0,0,1,0,1,0,0,1,0,0,0,0,0,1,0,0,0,0,0,0,0,0,1,0,0,0,0.0
31,7,2,2.563380281690141,52.05211267605633,132.41605633802817,10.142857142857142,14.906391210892847,710,355,2201,4189,1.0,372,1,1,0,1,0,1,0,0,0,1,0,1,0,0,0,0,0,0,0,1,0,0,0,1,0,0,0,0,0,1,0,0,0,0,0.01
40,13,4,2.422535211267605,50.41957746478873,121.61408450704226,5.461538461538462,0.25,142,0,2769,2982,1.0,370,1,1,0,1,0,0,0,1,0,0,1,1,0,0,0,0,0,0,1,0,1,0,0,0,0,0,0,0,0,0,0,0,0,1,0.01
25,1,2,2.361111111111111,45.87125,108.04263888888887,72.0,0.2,0,72,3096,2448,1.0,372,0,1,0,1,0,1,0,0,0,0,1,0,1,0,0,0,1,0,0,0,0,0,0,0,0,1,0,0,0,0,0,0,0,1,0.015
19,11,1,2.6944444444444446,50.907916666666665,139.80027777777778,6.545454545454546,0.26,144,0,2880,4752,1.0,372,0,1,0,0,1,0,1,0,0,0,1,0,1,0,0,0,1,0,0,0,0,0,1,0,0,0,0,0,0,0,1,0,0,0,0.005
64,12,3,2.555555555555556,53.10833333333333,133.21333333333334,6.0,0.18,432,0,2232,5544,1.0,493,1,1,1,0,0,0,0,1,1,0,0,0,1,0,0,0,0,1,0,0,1,0,0,0,0,0,0,0,0,0,1,0,0,0,1.0
68,1,2,2.676056338028169,48.88380281690141,132.52873239436622,71.0,10.559115930120193,142,0,2627,3550,1.0,383,0,1,0,1,0,0,0,1,0,0,1,0,1,0,0,0,0,0,0,1,1,0,0,0,0,0,0,0,0,0,0,1,0,0,0.005
54,15,1,2.352112676056338,50.79577464788732,119.45070422535213,4.733333333333333,8.864371006316826,568,142,2556,3408,1.0,374,0,1,0,1,0,1,0,0,1,0,0,0,1,0,0,0,0,0,1,0,0,0,1,0,0,0,0,0,0,0,0,0,1,0,0.0
58,11,2,2.513888888888889,48.10319444444444,116.6901388888889,6.545454545454546,0.18,0,216,1080,7272,1.0,499,0,1,0,0,1,0,0,1,0,1,0,0,0,0,1,0,1,0,0,0,1,0,0,0,0,0,0,0,0,0,0,0,0,1,1.0
24,2,4,2.408450704225352,49.04830985915493,114.50112676056338,35.5,10.783070662780508,568,568,2130,1917,1.0,370,0,1,0,0,1,0,0,1,0,0,1,0,1,0,0,0,1,0,0,0,0,0,0,0,0,0,0,1,0,0,0,1,0,0,0.0
57,9,4,2.555555555555556,50.02527777777778,126.19569444444444,8.0,0.05,216,0,3672,3744,1.0,491,0,1,0,0,1,1,0,0,1,0,0,0,1,0,0,0,0,0,1,0,0,0,0,0,1,0,0,0,0,0,0,1,0,0,0.995
66,12,1,2.6944444444444446,48.45388888888888,130.5436111111111,6.0,0.08,0,216,3240,4896,1.0,491,0,1,1,0,0,1,0,0,1,0,0,0,1,0,0,0,0,0,0,1,0,0,0,0,0,0,1,0,0,1,0,0,0,0,0.995
57,9,1,2.486111111111111,51.977222222222224,132.9476388888889,8.0,0.19,144,0,432,4248,1.0,371,0,1,0,1,0,1,0,0,0,0,1,0,1,0,0,1,0,0,0,0,0,0,0,0,1,0,0,0,0,1,0,0,0,0,0.0
47,8,1,2.555555555555556,48.50152777777778,128.1776388888889,9.0,12.707630080622156,0,72,792,2808,1.0,373,0,1,1,0,0,1,0,0,0,1,0,1,0,0,0,1,0,0,0,0,0,0,0,0,0,0,1,0,0,0,0,0,1,0,0.0
70,1,1,2.535211267605634,53.05338028169014,141.19478873239436,71.0,0.02,0,213,639,6532,1.0,375,1,1,0,0,1,0,0,1,1,0,0,0,0,0,1,1,0,0,0,0,0,0,0,0,0,0,0,1,0,0,0,1,0,0,0.0
58,1,1,2.6527777777777777,48.7425,128.55069444444445,72.0,0.03,0,360,1584,4968,1.0,498,1,1,1,0,0,0,1,0,1,0,0,0,0,1,0,1,0,0,0,0,0,0,1,0,0,0,0,0,0,1,0,0,0,0,0.975
63,1,0,2.5694444444444446,47.30638888888889,119.0,72.0,0.04,0,288,3528,6912,1.0,372,0,1,0,1,0,0,0,1,1,0,0,0,0,0,1,0,0,0,1,0,0,1,0,0,0,0,0,0,0,0,0,0,1,0,0.01
30,15,2,2.352112676056338,51.61,122.23577464788733,4.733333333333333,0.22,142,0,3337,6248,1.0,505,1,1,0,1,0,0,1,0,0,0,1,1,0,0,0,1,0,0,0,0,0,0,1,0,0,0,0,0,0,0,0,0,0,1,0.995
23,3,2,2.535211267605634,51.54394366197183,129.75647887323944,23.666666666666668,0.27,0,71,3337,4118,1.0,494,0,1,0,1,0,1,0,0,0,1,0,0,1,0,0,0,1,0,0,0,1,0,0,0,0,0,0,0,0,0,0,0,0,1,0.995
52,10,0,2.3661971830985915,50.34619718309859,118.26154929577464,7.1,0.24,0,284,3195,3408,1.0,371,0,1,1,0,0,0,1,0,0,0,1,0,1,0,0,1,0,0,0,0,0,0,0,0,0,1,0,0,0,0,1,0,0,0,0.01
28,5,1,2.5972222222222223,45.274722222222216,116.8409722222222,14.4,14.89490852814388,360,216,2016,5976,1.0,381,1,1,0,0,1,0,1,0,0,0,1,0,0,0,1,0,0,0,1,0,0,0,0,0,0,1,0,0,0,0,0,1,0,0,0.0
21,9,0,2.5694444444444446,47.55125,123.68055555555556,8.0,0.01,288,0,1800,4248,1.0,378,1,1,0,0,1,0,1,0,0,0,1,1,0,0,0,0,0,1,0,0,0,0,1,0,0,0,0,0,0,1,0,0,0,0,0.01
32,2,0,2.5416666666666665,50.95611111111111,131.36583333333334,36.0,0.1,216,0,3312,4896,1.0,496,1,1,1,0,0,1,0,0,1,0,0,0,0,1,0,0,0,0,1,0,0,1,0,0,0,0,0,0,0,0,0,1,0,0,1.0
46,10,1,2.5211267605633805,50.26197183098592,125.44591549295774,7.1,0.13,568,0,2698,2059,1.0,380,0,1,0,0,1,1,0,0,0,0,1,0,0,0,1,0,0,0,0,1,0,0,0,0,0,0,0,0,1,0,0,0,1,0,0.0
46,4,4,2.605633802816901,52.60380281690141,138.26915492957747,17.75,0.01,213,0,1846,6106,1.0,373,1,1,1,0,0,1,0,0,0,0,1,0,0,0,1,1,0,0,0,0,0,0,0,0,0,0,0,1,0,0,1,0,0,0,0.01
23,7,4,2.0972222222222223,54.76847222222222,114.36361111111113,10.285714285714286,6.967388763654297,72,0,1224,4824,1.0,376,1,1,0,0,1,0,0,1,0,1,0,0,1,0,0,1,0,0,0,0,0,0,0,0,0,0,1,0,0,1,0,0,0,0,0.0
40,4,2,2.6338028169014085,52.40042253521126,135.6811267605634,17.75,8.484291688565325,0,710,2698,5609,1.0,372,1,1,0,1,0,0,0,1,0,0,1,1,0,0,0,0,0,0,0,1,0,0,0,0,0,0,0,0,1,0,1,0,0,0,0.0
22,14,4,2.535211267605634,54.20830985915493,137.39014084507042,5.071428571428571,0.2,213,0,2698,5112,1.0,492,1,1,0,1,0,1,0,0,0,1,0,1,0,0,0,0,1,0,0,0,0,0,0,0,0,0,1,0,0,0,0,1,0,0,1.0
47,4,2,2.591549295774648,52.47633802816902,140.4561971830986,17.75,14.628142769659158,142,710,3053,5041,1.0,371,1,1,1,0,0,1,0,0,1,0,0,0,0,1,0,1,0,0,0,0,0,0,0,0,0,0,0,1,0,0,0,0,0,1,0.0
56,7,3,2.680555555555556,51.679027777777776,133.86819444444444,10.285714285714286,0.28,0,144,2736,5328,1.0,380,1,1,0,1,0,0,0,1,1,0,0,0,0,0,1,1,0,0,0,0,0,0,1,0,0,0,0,0,0,0,0,1,0,0,0.005
68,11,1,2.704225352112676,49.42,132.243661971831,6.454545454545454,0.22,213,0,3266,5041,1.0,370,1,1,1,0,0,0,1,0,0,1,0,0,1,0,0,1,0,0,0,0,0,0,1,0,0,0,0,0,0,0,0,0,1,0,0.0
60,10,3,2.375,54.92958333333333,133.44819444444445,7.199999999999999,0.18,360,0,3024,2448,1.0,494,0,1,0,1,0,0,0,1,1,0,0,0,0,1,0,0,0,1,0,0,1,0,0,0,0,0,0,0,0,0,0,1,0,0,0.995
68,6,2,3.1666666666666665,51.70689012205015,167.50961357743364,12.0,0.2297257150712526,155,78,3455,3322,0.5277777777777778,636,1,1,0,0,1,0,0,1,0,1,0,0,0,0,1,0,0,0,1,0,1,0,0,0,0,0,0,0,0,0,0,0,0,0,0.795
33,7,4,2.3472222222222223,52.5425,123.70277777777778,10.285714285714286,0.29,72,0,2160,2376,1.0,377,0,1,0,0,1,0,1,0,1,0,0,0,0,0,1,0,0,0,1,0,0,0,0,0,1,0,0,0,0,0,1,0,0,0,0.0
55,5,1,2.4507042253521125,53.50225352112676,132.9025352112676,14.2,0.08,142,0,1917,2911,1.0,370,0,1,0,0,1,0,1,0,1,0,0,0,0,0,1,0,0,0,0,1,0,0,0,0,1,0,0,0,0,0,1,0,0,0,0.005
49,5,3,2.6666666666666665,49.26916666666667,128.9393055555555,14.4,0.03,216,0,2592,4680,1.0,494,1,1,0,0,1,0,0,1,1,0,0,1,0,0,0,1,0,0,0,0,0,0,0,0,1,0,0,0,0,0,0,0,0,1,0.995
32,15,2,2.625,50.71819444444444,131.7788888888889,4.8,0.28,0,144,3168,6264,1.0,374,1,1,1,0,0,0,1,0,0,0,1,0,0,0,1,0,1,0,0,0,0,0,0,0,0,0,1,0,0,0,1,0,0,0,0.01
25,1,3,2.605633802816901,48.15915492957747,125.0512676056338,71.0,0.17,497,0,3195,4118,1.0,375,1,1,0,0,1,0,1,0,0,0,1,1,0,0,0,1,0,0,0,0,0,1,0,0,0,0,0,0,0,0,1,0,0,0,0.0
26,7,4,2.323943661971831,49.51197183098592,115.37197183098591,10.142857142857142,0.25,213,0,2769,3976,1.0,372,0,1,0,0,1,0,1,0,1,0,0,1,0,0,0,1,0,0,0,0,1,0,0,0,0,0,0,0,0,0,0,0,1,0,0.0
56,5,3,2.408450704225352,49.60323943661972,117.2211267605634,14.2,0.12,71,0,3621,5609,1.0,493,0,1,1,0,0,0,1,0,0,0,1,1,0,0,0,1,0,0,0,0,0,0,0,0,0,0,0,0,1,0,0,0,1,0,1.0
39,13,0,2.6527777777777777,54.47,145.80069444444445,5.538461538461538,0.08,144,0,1368,1800,1.0,376,0,1,0,0,1,0,1,0,1,0,0,1,0,0,0,0,1,0,0,0,0,0,0,1,0,0,0,0,0,0,1,0,0,0,0.01
41,12,4,2.563380281690141,50.80169014084508,131.59704225352112,5.916666666666667,0.25,284,0,1207,2627,1.0,373,1,1,1,0,0,0,0,1,0,1,0,0,0,1,0,0,0,1,0,0,0,0,0,0,1,0,0,0,0,0,0,1,0,0,0.005
21,1,2,2.75,46.69291666666666,130.13875,72.0,0.02,0,72,2592,1728,1.0,373,0,1,1,0,0,0,0,1,1,0,0,0,0,1,0,1,0,0,0,0,0,0,0,0,0,0,0,0,1,0,0,0,0,1,0.005
40,6,1,2.4722222222222223,53.31458333333333,130.28180555555554,12.0,0.14,144,0,3024,4536,1.0,374,1,1,0,1,0,0,0,1,1,0,0,0,0,0,1,0,0,1,0,0,0,0,0,0,0,0,0,0,1,0,1,0,0,0,0.005
44,14,4,2.486111111111111,51.56333333333333,124.2238888888889,5.142857142857143,14.913690070988231,648,576,1368,5544,1.0,370,0,1,0,1,0,1,0,0,1,0,0,1,0,0,0,0,0,0,0,1,0,0,0,0,0,1,0,0,0,0,0,0,0,1,0.0
37,15,4,2.8194444444444446,48.65833333333333,140.75319444444443,4.8,0.22,0,144,2808,7056,1.0,529,0,1,0,1,0,0,1,0,0,1,0,0,0,1,0,0,0,1,0,0,0,0,0,1,0,0,0,0,0,1,0,0,0,0,0.995
49,3,1,2.388888888888889,49.1875,113.27125,24.0,0.26,0,72,3456,6552,1.0,381,0,1,0,0,1,1,0,0,0,1,0,0,0,1,0,0,1,0,0,0,0,1,0,0,0,0,0,0,0,0,0,1,0,0,0.0
40,8,0,2.4507042253521125,49.43816901408451,119.9174647887324,8.875,0.25,284,0,2201,7313,1.0,371,0,1,0,1,0,1,0,0,0,1,0,1,0,0,0,0,0,0,0,1,0,0,0,0,0,0,0,1,0,0,0,1,0,0,0.005
62,12,1,2.4166666666666665,47.62902777777778,115.6901388888889,6.0,0.29,216,0,2952,3600,1.0,491,1,1,0,0,1,0,1,0,0,0,1,0,0,1,0,1,0,0,0,0,0,0,0,0,0,1,0,0,0,0,0,0,0,1,0.975
31,8,4,2.535211267605634,50.07394366197183,124.45309859154928,8.875,11.492813938658998,71,497,3408,5680,1.0,375,1,1,1,0,0,0,1,0,1,0,0,0,1,0,0,0,1,0,0,0,1,0,0,0,0,0,0,0,0,0,0,0,1,0,0.0
69,11,3,2.361111111111111,43.76458333333333,101.76541666666668,6.545454545454546,0.15,0,144,2592,5544,1.0,373,1,1,0,0,1,0,1,0,1,0,0,0,0,0,1,0,1,0,0,0,0,0,0,0,1,0,0,0,0,0,0,0,1,0,0.015
31,3,3,2.5972222222222223,51.24069444444444,134.8101388888889,24.0,0.03,288,0,2880,1512,1.0,379,1,1,1,0,0,0,1,0,0,0,1,0,0,0,1,0,1,0,0,0,0,0,0,0,0,0,0,1,0,0,0,1,0,0,0.005
44,11,0,2.971830985915493,54.67693473379278,158.963372737988,6.454545454545454,0.2477090088750622,140,83,2697,6952,0.4929577464788732,461,1,1,0,0,1,1,0,0,1,0,0,0,0,0,1,0,0,0,1,0,0,0,0,0,0,1,0,0,0,0,0,0,0,0,0.065
24,12,2,2.507042253521127,48.30605633802817,121.6194366197183,5.916666666666667,0.3,142,0,426,1136,1.0,370,1,1,0,1,0,1,0,0,0,0,1,0,0,1,0,0,0,0,0,1,0,0,0,0,0,0,0,1,0,1,0,0,0,0,0.005
60,10,3,2.605633802816901,51.95507042253521,131.49971830985916,7.1,0.18,355,0,2982,2414,1.0,493,0,1,0,1,0,0,0,1,1,0,0,0,0,1,0,0,0,1,0,0,0,0,0,0,0,0,0,1,0,0,0,0,0,1,1.0
66,11,1,2.5492957746478875,50.89661971830986,134.01577464788733,6.454545454545454,0.23,71,0,2982,7100,1.0,492,1,1,0,1,0,1,0,0,0,0,1,1,0,0,0,0,0,1,0,0,0,0,0,0,0,1,0,0,0,0,0,0,1,0,0.99
21,1,2,2.4444444444444446,49.91986111111111,119.93111111111112,72.0,0.02,0,72,2592,1728,1.0,377,0,1,1,0,0,0,0,1,1,0,0,0,0,1,0,1,0,0,0,0,1,0,0,0,0,0,0,0,0,0,0,0,1,0,0.005
36,3,0,2.563380281690141,47.67816901408451,122.34267605633802,23.666666666666668,0.21,0,284,3266,2698,1.0,380,1,1,0,0,1,1,0,0,1,0,0,0,1,0,0,0,0,0,0,1,0,0,0,0,0,1,0,0,0,0,0,1,0,0,0.005
57,6,0,2.7777777777777777,51.83847222222222,143.21291666666667,12.0,0.13,144,0,1584,936,1.0,396,1,1,0,0,1,0,1,0,0,1,0,0,0,0,1,0,0,0,1,0,0,0,1,0,0,0,0,0,0,0,0,0,1,0,0.0
51,9,2,3.138888888888889,48.60336913981768,152.47962347686618,8.0,0.2560386735764305,161,72,1943,1301,0.6944444444444444,911,0,1,0,0,1,0,0,1,1,0,0,0,0,0,1,1,0,0,0,0,1,0,0,0,0,0,0,0,0,0,1,0,0,0,0.09
57,1,1,2.555555555555556,52.21083333333333,129.71249999999998,72.0,0.23,0,216,3312,4896,1.0,510,0,1,0,1,0,0,1,0,0,1,0,0,0,1,0,0,0,0,1,0,0,1,0,0,0,0,0,0,0,1,0,0,0,0,0.99
25,9,4,2.5,49.110972222222216,122.92291666666668,8.0,0.16,144,0,1800,5616,1.0,501,1,1,0,1,0,1,0,0,0,1,0,0,1,0,0,0,0,1,0,0,0,0,0,1,0,0,0,0,0,1,0,0,0,0,0.995
41,10,1,2.6901408450704225,48.75225352112676,129.78211267605636,7.1,0.16,142,0,568,6177,1.0,373,1,1,1,0,0,1,0,0,0,0,1,0,0,0,1,0,0,1,0,0,0,0,0,0,1,0,0,0,0,1,0,0,0,0,0.005
26,7,4,2.5492957746478875,50.60746478873239,128.64859154929576,10.142857142857142,0.25,213,0,2769,3976,1.0,378,0,1,0,0,1,0,1,0,1,0,0,1,0,0,0,1,0,0,0,0,1,0,0,0,0,0,0,0,0,0,0,0,1,0,0.0
40,12,1,2.4166666666666665,51.06402777777778,123.55875,6.0,0.24,288,0,2880,1296,1.0,490,0,1,0,0,1,1,0,0,0,0,1,0,0,0,1,0,0,0,1,0,1,0,0,0,0,0,0,0,0,0,1,0,0,0,1.0
25,10,1,2.611111111111111,47.88361111111111,123.54944444444445,7.199999999999999,0.09,216,0,2448,6552,1.0,376,1,1,1,0,0,1,0,0,0,1,0,1,0,0,0,0,0,0,1,0,0,1,0,0,0,0,0,0,0,0,1,0,0,0,0.005
26,15,3,2.5694444444444446,43.75361111111111,110.87305555555557,4.8,0.09,216,0,1656,2736,1.0,376,1,1,0,0,1,0,0,1,1,0,0,0,0,1,0,1,0,0,0,0,0,0,0,0,0,0,0,0,1,0,0,0,0,1,0.005
25,11,3,2.5694444444444446,51.93972222222222,136.0636111111111,6.545454545454546,0.11,0,288,3312,3744,1.0,374,0,1,0,0,1,0,1,0,1,0,0,0,1,0,0,0,1,0,0,0,0,0,0,0,1,0,0,0,0,0,1,0,0,0,0.005
66,12,1,2.5,53.20222222222222,134.64083333333332,6.0,0.04,288,0,1152,7416,1.0,370,1,1,0,1,0,0,0,1,0,1,0,0,0,1,0,1,0,0,0,0,1,0,0,0,0,0,0,0,0,1,0,0,0,0,0.01
68,1,4,2.4507042253521125,50.4387323943662,128.7238028169014,71.0,0.21,284,0,3124,6390,1.0,495,1,1,0,1,0,0,1,0,0,1,0,1,0,0,0,0,0,0,0,1,0,0,0,1,0,0,0,0,0,0,0,1,0,0,0.995
60,5,4,2.8194444444444446,50.58867760466023,148.47797135663447,14.4,0.2959852494651391,159,49,3527,3870,0.5694444444444444,850,0,1,0,1,0,0,1,0,1,0,0,1,0,0,0,0,0,1,0,0,0,0,0,1,0,0,0,0,0,0,0,0,0,0,0.74
25,1,3,2.333333333333333,52.69638888888889,120.27180555555556,72.0,0.17,504,0,3240,4176,1.0,376,1,1,0,0,1,0,1,0,0,0,1,1,0,0,0,1,0,0,0,0,0,0,0,0,0,0,0,0,1,0,1,0,0,0,0.0
64,11,4,2.333333333333333,52.196666666666665,122.73569444444443,6.545454545454546,0.06,216,0,2088,6120,1.0,494,1,1,0,1,0,1,0,0,0,1,0,0,0,1,0,0,0,0,0,1,0,0,0,0,0,0,0,0,1,1,0,0,0,0,0.98
23,3,4,2.833333333333333,50.3092684507716,139.8892684507716,24.0,0.2228788546544239,137,82,2087,6611,0.5833333333333334,608,1,1,1,0,0,1,0,0,0,0,1,0,1,0,0,0,0,0,0,1,0,0,0,0,0,0,0,1,0,0,0,0,0,0,0.83
24,12,2,2.408450704225352,49.73943661971831,121.03323943661972,5.916666666666667,0.28,355,0,1136,6248,1.0,372,0,1,0,0,1,0,0,1,0,0,1,0,0,1,0,0,1,0,0,0,0,0,0,1,0,0,0,0,0,0,1,0,0,0,0.0
22,14,0,2.5972222222222223,53.191388888888895,138.98875,5.142857142857143,0.02,72,0,2880,1800,1.0,380,0,1,1,0,0,1,0,0,1,0,0,0,0,0,1,0,0,1,0,0,0,0,0,0,0,1,0,0,0,0,0,0,1,0,0.005
54,14,2,2.323943661971831,46.78281690140845,110.3788732394366,5.071428571428571,6.5933528789785125,639,213,781,994,1.0,372,1,1,1,0,0,1,0,0,1,0,0,1,0,0,0,0,1,0,0,0,0,0,1,0,0,0,0,0,0,1,0,0,0,0,0.0
55,1,4,2.507042253521127,50.31549295774648,124.07704225352111,71.0,0.22,71,0,2698,2840,1.0,370,0,1,1,0,0,0,1,0,1,0,0,1,0,0,0,0,0,1,0,0,0,0,0,1,0,0,0,0,0,0,0,0,1,0,0.005
52,6,3,2.4027777777777777,51.16777777777778,120.52388888888888,12.0,0.17,144,0,1368,1728,1.0,496,1,1,0,1,0,1,0,0,0,1,0,1,0,0,0,0,0,0,0,1,0,0,0,1,0,0,0,0,0,0,0,0,0,1,0.995
60,4,0,2.464788732394366,50.22197183098592,124.54352112676057,17.75,0.15,0,142,1988,4828,1.0,371,0,1,0,1,0,0,0,1,0,1,0,0,0,0,1,0,1,0,0,0,0,0,0,0,0,1,0,0,0,1,0,0,0,0,0.0
65,2,1,2.23943661971831,46.92478873239436,104.8369014084507,35.5,0.23,0,284,1775,6532,1.0,373,0,1,0,0,1,1,0,0,1,0,0,0,0,0,1,0,0,1,0,0,0,1,0,0,0,0,0,0,0,0,1,0,0,0,0.015
68,5,1,2.5694444444444446,51.88972222222222,134.09847222222223,14.4,0.14,144,0,2448,3168,1.0,495,1,1,0,1,0,1,0,0,0,1,0,0,0,1,0,0,0,1,0,0,0,0,1,0,0,0,0,0,0,0,1,0,0,0,0.985
37,1,4,2.6619718309859155,50.62845070422535,134.32,71.0,8.974730559275262,710,568,2982,3124,1.0,375,0,1,0,0,1,0,0,1,0,0,1,1,0,0,0,1,0,0,0,0,0,1,0,0,0,0,0,0,0,1,0,0,0,0,0.0
37,13,0,2.5492957746478875,47.345774647887325,119.08070422535212,5.461538461538462,13.203249225295048,710,355,1420,1846,1.0,371,1,1,0,0,1,0,0,1,0,0,1,0,0,1,0,0,0,1,0,0,0,0,0,0,0,1,0,0,0,0,0,0,1,0,0.0
21,15,3,2.5492957746478875,47.23788732394366,123.79802816901407,4.733333333333333,0.27,426,0,1704,1491,1.0,371,0,1,0,1,0,1,0,0,1,0,0,0,0,1,0,1,0,0,0,0,0,0,0,1,0,0,0,0,0,0,0,0,0,1,0.0
43,12,2,2.458333333333333,48.39722222222222,117.91152777777776,6.0,0.12,216,0,3096,2664,1.0,495,1,1,0,1,0,0,1,0,1,0,0,0,0,1,0,0,0,0,0,1,0,0,1,0,0,0,0,0,0,1,0,0,0,0,0.995
58,11,2,2.555555555555556,51.36527777777778,133.1986111111111,6.545454545454546,0.18,0,216,1080,7272,1.0,493,0,1,0,0,1,0,0,1,0,1,0,0,0,0,1,0,1,0,0,0,0,0,0,0,0,1,0,0,0,0,0,0,1,0,1.0
18,3,3,2.676056338028169,48.851690140845065,129.90154929577466,23.666666666666668,0.3,284,0,1704,5538,1.0,491,0,1,0,1,0,1,0,0,0,1,0,0,0,0,1,1,0,0,0,0,1,0,0,0,0,0,0,0,0,0,0,0,0,1,0.985
34,13,4,2.5211267605633805,49.81943661971831,122.2512676056338,5.461538461538462,0.09,142,0,3337,5183,1.0,376,1,1,0,0,1,1,0,0,0,1,0,1,0,0,0,0,0,1,0,0,1,0,0,0,0,0,0,0,0,0,1,0,0,0,0.005
21,3,4,2.555555555555556,49.76416666666667,130.91319444444446,24.0,0.14,0,216,2088,2376,1.0,370,0,1,0,0,1,0,1,0,0,0,1,0,0,1,0,0,0,1,0,0,0,0,0,0,0,0,1,0,0,0,0,0,1,0,0.0
50,4,3,2.380281690140845,54.04915492957746,124.93605633802817,17.75,0.08,142,0,2059,3976,1.0,372,0,1,0,0,1,1,0,0,0,0,1,0,0,1,0,0,0,0,1,0,0,0,0,0,1,0,0,0,0,0,0,0,0,1,0.01
51,1,3,2.5694444444444446,49.29027777777778,128.74527777777777,72.0,5.800870915786277,648,432,2304,3024,1.0,370,0,1,0,0,1,1,0,0,0,1,0,0,0,1,0,0,1,0,0,0,0,0,0,0,0,0,0,1,0,0,0,0,1,0,0.0
48,10,1,2.680555555555556,52.90805555555556,139.96125,7.199999999999999,0.3,216,0,2880,4680,1.0,370,1,1,0,1,0,0,1,0,1,0,0,0,1,0,0,0,0,1,0,0,0,0,0,0,0,0,0,0,1,0,0,0,0,1,0.0
26,10,2,2.4788732394366195,53.08239436619719,134.15859154929578,7.1,0.11,284,0,1633,3266,1.0,492,0,1,0,0,1,1,0,0,0,0,1,0,1,0,0,0,0,0,1,0,0,1,0,0,0,0,0,0,0,0,0,0,1,0,0.99
27,7,1,2.6901408450704225,49.90281690140845,133.41169014084505,10.142857142857142,0.29,71,0,2627,2201,1.0,375,1,1,0,1,0,1,0,0,1,0,0,0,0,0,1,1,0,0,0,0,0,0,0,0,0,0,0,0,1,1,0,0,0,0,0.0
39,6,3,2.513888888888889,51.51319444444445,127.77222222222224,12.0,9.576744180930373,0,432,504,6264,1.0,371,1,1,1,0,0,0,1,0,0,0,1,0,1,0,0,0,1,0,0,0,0,0,0,0,0,0,0,0,1,0,1,0,0,0,0.0
50,7,1,2.732394366197183,51.30197183098591,139.47859154929577,10.142857142857142,0.14,142,0,2840,3266,1.0,370,1,1,0,1,0,0,1,0,0,0,1,0,0,1,0,1,0,0,0,0,0,0,0,0,0,0,1,0,0,1,0,0,0,0,0.0
53,8,3,2.6338028169014085,50.36521126760563,130.5618309859155,8.875,0.01,284,0,3479,4260,1.0,498,0,1,0,0,1,0,1,0,1,0,0,0,0,1,0,1,0,0,0,0,0,0,0,1,0,0,0,0,0,0,0,0,0,1,0.99
32,2,0,2.4444444444444446,44.657222222222224,106.7372222222222,36.0,0.1,216,0,3312,4896,1.0,491,1,1,1,0,0,1,0,0,1,0,0,0,0,1,0,0,0,0,1,0,0,0,0,0,0,0,0,1,0,0,0,1,0,0,0.985
59,1,2,2.591549295774648,46.82183098591549,118.09929577464789,71.0,0.1,0,71,1704,5396,1.0,374,1,1,0,0,1,0,1,0,0,0,1,0,0,0,1,0,0,0,0,1,0,0,0,1,0,0,0,0,0,1,0,0,0,0,0.0
35,12,3,2.76056338028169,50.1769014084507,142.6574647887324,5.916666666666667,0.03,0,213,3337,5467,1.0,494,1,1,0,1,0,1,0,0,0,1,0,1,0,0,0,0,1,0,0,0,0,0,0,0,0,0,0,1,0,0,1,0,0,0,0.995
32,8,0,2.3472222222222223,52.72527777777778,125.31430555555556,9.0,0.08,216,0,3600,5688,1.0,370,0,1,0,1,0,1,0,0,0,1,0,0,0,0,1,0,0,0,0,1,0,0,0,1,0,0,0,0,0,1,0,0,0,0,0.02
64,14,1,2.486111111111111,48.62958333333333,121.04902777777778,5.142857142857143,0.13,0,144,2448,1728,1.0,370,1,1,1,0,0,0,1,0,0,0,1,0,1,0,0,0,0,0,1,0,0,0,0,0,0,0,1,0,0,1,0,0,0,0,0.0
52,7,1,3.0972222222222223,53.023053638215664,169.35999041330058,10.285714285714286,0.3047235618144289,162,58,1727,1442,0.6527777777777778,675,1,1,0,1,0,0,1,0,1,0,0,1,0,0,0,0,0,0,0,1,0,0,0,0,0,0,0,1,0,0,1,0,0,0,0.105
70,3,2,2.5277777777777777,49.721944444444446,122.52291666666666,24.0,0.25,216,0,1440,4536,1.0,504,1,1,0,1,0,0,0,1,0,0,1,0,0,0,1,0,0,1,0,0,0,1,0,0,0,0,0,0,0,0,0,0,0,1,0.995
51,13,0,2.430555555555556,50.16458333333333,126.0638888888889,5.538461538461538,11.337021491248372,648,72,2808,1728,1.0,376,1,1,1,0,0,0,1,0,0,1,0,0,0,0,1,1,0,0,0,0,0,0,0,0,0,0,1,0,0,0,0,1,0,0,0.0
40,6,0,2.6666666666666665,51.51166666666667,137.86111111111111,12.0,0.26,288,0,3384,1728,1.0,372,0,1,0,1,0,0,1,0,0,0,1,0,1,0,0,0,0,0,1,0,0,0,0,0,0,0,1,0,0,0,1,0,0,0,0.0
70,7,1,2.6338028169014085,46.929577464788736,122.43521126760562,10.142857142857142,0.26,142,0,710,4402,1.0,373,1,1,0,0,1,0,0,1,0,1,0,0,0,1,0,0,0,0,0,1,0,0,0,0,0,1,0,0,0,0,0,1,0,0,0.005
37,13,0,2.3943661971830985,46.62394366197184,113.48915492957744,5.461538461538462,13.203249225295048,710,355,1420,1846,1.0,375,1,1,0,0,1,0,0,1,0,0,1,0,0,1,0,0,0,1,0,0,1,0,0,0,0,0,0,0,0,0,0,0,0,1,0.0
35,2,1,2.5492957746478875,48.53169014084507,123.4019718309859,35.5,0.04,142,0,2130,994,1.0,499,0,1,0,0,1,0,0,1,0,1,0,0,0,1,0,1,0,0,0,0,0,0,0,0,0,0,0,0,1,0,1,0,0,0,0.99
46,2,2,2.680555555555556,48.28833333333333,131.0701388888889,36.0,0.12,0,144,864,3024,1.0,372,1,1,1,0,0,1,0,0,0,0,1,0,0,0,1,0,1,0,0,0,0,0,0,0,0,0,0,1,0,0,0,0,0,1,0.0
56,6,4,2.5211267605633805,51.475352112676056,130.43154929577463,11.833333333333334,11.519955264740332,497,213,3266,1349,1.0,380,0,1,0,1,0,1,0,0,0,0,1,0,1,0,0,0,0,0,0,1,0,1,0,0,0,0,0,0,0,0,0,1,0,0,0.0
57,11,2,2.583333333333333,51.56,132.55444444444444,6.545454545454546,9.012593227967535,432,144,3384,6480,1.0,371,1,1,0,0,1,0,0,1,0,0,1,0,0,0,1,0,1,0,0,0,0,0,0,1,0,0,0,0,0,0,0,0,1,0,0.005
25,10,3,2.6527777777777777,52.6575,136.9165277777778,7.199999999999999,0.06,216,0,3096,3240,1.0,373,1,1,0,0,1,0,0,1,1,0,0,0,0,1,0,0,1,0,0,0,0,0,0,1,0,0,0,0,0,1,0,0,0,0,0.005
68,2,2,2.430555555555556,49.53930555555556,122.08833333333334,36.0,7.482818375611497,360,144,2088,4824,1.0,374,1,1,1,0,0,1,0,0,0,1,0,0,0,0,1,1,0,0,0,0,1,0,0,0,0,0,0,0,0,0,0,1,0,0,0.0
55,10,4,2.4788732394366195,50.31267605633803,126.79577464788731,7.1,0.04,0,71,3408,5893,1.0,371,0,1,1,0,0,0,0,1,0,0,1,0,0,1,0,0,1,0,0,0,0,0,0,0,0,0,0,0,1,0,0,0,1,0,0.0
34,9,2,2.464788732394366,51.34971830985916,126.03295774647889,7.888888888888888,14.663665891596189,568,0,1704,5254,1.0,370,0,1,1,0,0,1,0,0,1,0,0,0,1,0,0,0,0,1,0,0,0,0,0,0,0,1,0,0,0,1,0,0,0,0,0.0
35,9,4,2.2253521126760565,51.55211267605633,115.9156338028169,7.888888888888888,0.27,284,0,3408,6532,1.0,377,1,1,1,0,0,1,0,0,0,1,0,0,0,1,0,0,0,1,0,0,0,0,1,0,0,0,0,0,0,1,0,0,0,0,0.005
60,11,3,2.380281690140845,55.23394366197184,129.00802816901407,6.454545454545454,0.05,0,142,1491,2130,1.0,373,1,1,0,0,1,1,0,0,0,1,0,0,0,1,0,0,0,1,0,0,0,0,0,0,1,0,0,0,0,1,0,0,0,0,0.02
31,4,4,2.5,52.98,133.93625,18.0,0.18,0,144,1584,7272,1.0,371,1,1,1,0,0,0,0,1,1,0,0,1,0,0,0,0,0,0,0,1,0,0,0,1,0,0,0,0,0,0,0,1,0,0,0.0
42,5,1,2.380281690140845,50.72098591549296,123.25183098591548,14.2,5.925676610997473,355,213,1775,1917,1.0,371,1,1,0,1,0,1,0,0,0,0,1,0,0,0,1,0,0,0,1,0,0,0,0,1,0,0,0,0,0,0,1,0,0,0,0.0
41,7,2,2.3380281690140845,52.19042253521127,119.77859154929578,10.142857142857142,0.02,284,0,3408,2698,1.0,375,0,1,0,0,1,0,0,1,1,0,0,0,1,0,0,0,0,1,0,0,0,0,1,0,0,0,0,0,0,0,0,0,1,0,0.01
60,1,2,2.380281690140845,53.18154929577464,124.88943661971832,71.0,0.03,0,142,2556,6674,1.0,498,1,1,0,0,1,0,0,1,0,1,0,0,1,0,0,1,0,0,0,0,0,0,0,0,0,1,0,0,0,1,0,0,0,0,0.995
20,3,2,2.458333333333333,51.13222222222223,125.09347222222222,24.0,0.08,0,216,2232,5040,1.0,379,1,1,0,0,1,0,1,0,0,1,0,0,1,0,0,0,0,0,1,0,0,0,0,0,1,0,0,0,0,0,0,0,0,1,0.005
20,13,1,2.5972222222222223,49.60486111111111,125.0598611111111,5.538461538461538,0.28,288,0,720,6552,1.0,375,0,1,0,0,1,1,0,0,1,0,0,0,0,1,0,0,1,0,0,0,1,0,0,0,0,0,0,0,0,0,0,1,0,0,0.0
48,5,4,2.647887323943662,49.30521126760564,133.27309859154929,14.2,0.18,142,0,923,3195,1.0,378,0,1,1,0,0,1,0,0,0,0,1,0,0,1,0,0,0,0,0,1,0,0,0,0,0,1,0,0,0,1,0,0,0,0,0.005
33,8,0,2.718309859154929,49.62154929577465,136.94408450704228,8.875,11.40714310886413,355,142,3053,2201,1.0,370,0,1,1,0,0,0,0,1,1,0,0,0,0,0,1,0,0,1,0,0,0,0,1,0,0,0,0,0,0,0,0,1,0,0,0.0
53,3,4,2.5492957746478875,49.42028169014085,124.91535211267605,23.666666666666668,0.13,0,284,1207,4686,1.0,376,1,1,0,0,1,1,0,0,0,0,1,0,1,0,0,1,0,0,0,0,0,0,1,0,0,0,0,0,0,0,1,0,0,0,0.0
47,10,0,2.375,45.81958333333333,107.76972222222224,7.199999999999999,0.21,72,0,1512,1008,1.0,384,1,1,0,1,0,0,1,0,0,0,1,1,0,0,0,0,1,0,0,0,0,0,0,0,0,1,0,0,0,0,0,1,0,0,0.0
55,5,1,2.563380281690141,49.83267605633802,128.1501408450704,14.2,0.08,142,0,1917,2911,1.0,371,0,1,0,0,1,0,1,0,1,0,0,0,0,0,1,0,0,0,0,1,0,0,0,0,0,0,0,1,0,1,0,0,0,0,0.0
21,7,1,2.5416666666666665,52.77,137.62791666666666,10.285714285714286,0.02,216,0,3672,6408,1.0,370,1,1,1,0,0,1,0,0,0,0,1,0,1,0,0,0,0,0,0,1,1,0,0,0,0,0,0,0,0,0,1,0,0,0,0.005
32,2,0,2.535211267605634,50.54056338028169,129.85225352112676,35.5,5.848132087047908,710,0,710,5467,1.0,370,0,1,0,1,0,0,1,0,0,0,1,0,0,1,0,0,0,0,0,1,0,0,1,0,0,0,0,0,0,1,0,0,0,0,0.0
24,2,0,2.422535211267605,48.24056338028169,118.8176056338028,35.5,0.27,142,0,2343,6745,1.0,388,0,1,1,0,0,0,0,1,1,0,0,0,1,0,0,0,1,0,0,0,0,1,0,0,0,0,0,0,0,0,0,0,0,1,0.01
38,15,4,2.5774647887323945,48.34225352112677,126.83732394366196,4.733333333333333,0.19,71,0,3337,2272,1.0,491,0,1,0,0,1,1,0,0,0,1,0,0,1,0,0,0,1,0,0,0,0,0,0,0,1,0,0,0,0,0,0,1,0,0,0.99
45,6,4,2.507042253521127,50.34338028169015,126.45394366197182,11.833333333333334,10.205508242254684,0,497,1775,5396,1.0,382,1,1,0,1,0,1,0,0,0,0,1,0,0,0,1,0,0,1,0,0,0,0,0,0,0,0,0,0,1,0,0,1,0,0,0.0
31,13,4,2.887323943661972,50.07731959601456,141.78012780212816,5.461538461538462,0.2278477310803136,149,70,3052,5172,0.6619718309859155,556,0,1,1,0,0,0,1,0,0,1,0,0,0,1,0,1,0,0,0,0,0,0,0,0,0,0,0,1,0,0,0,0,1,0,0.165
36,6,4,2.5277777777777777,52.37291666666667,136.05333333333334,12.0,0.16,360,0,1656,5040,1.0,382,1,1,0,0,1,1,0,0,0,1,0,1,0,0,0,0,0,0,0,1,0,0,0,0,0,0,0,0,1,1,0,0,0,0,0.005
67,2,2,2.7777777777777777,50.17670375916728,142.06725931472283,36.0,0.3153910677225088,158,48,863,3295,0.6805555555555556,646,1,1,1,0,0,0,1,0,1,0,0,0,1,0,0,0,0,0,1,0,0,0,0,1,0,0,0,0,0,0,1,0,0,0,0.12
19,11,0,2.430555555555556,51.31055555555556,124.02805555555555,6.545454545454546,0.25,0,144,1296,4248,1.0,371,1,1,0,0,1,0,1,0,1,0,0,1,0,0,0,0,0,0,1,0,0,0,0,0,0,0,1,0,0,1,0,0,0,0,0.0
52,10,0,2.305555555555556,48.903333333333336,109.54708333333332,7.199999999999999,0.24,0,288,3240,3456,1.0,377,0,1,1,0,0,0,1,0,0,0,1,0,1,0,0,1,0,0,0,0,0,1,0,0,0,0,0,0,0,0,0,0,0,1,0.005
39,14,4,3.0694444444444446,50.22162284554197,150.23824569108396,5.142857142857143,0.2417470671709215,190,37,3023,4755,0.625,707,1,1,0,0,1,0,0,1,0,0,1,1,0,0,0,0,0,0,1,0,0,1,0,0,0,0,0,0,0,0,0,0,0,0,0.855
35,2,1,2.4166666666666665,51.99319444444444,123.95180555555557,36.0,0.03,72,0,2304,4032,1.0,386,0,1,0,0,1,1,0,0,0,0,1,0,0,1,0,0,1,0,0,0,0,0,1,0,0,0,0,0,0,1,0,0,0,0,0.005
68,15,1,2.4788732394366195,49.70943661971831,124.50957746478872,4.733333333333333,0.1,284,0,852,3621,1.0,373,1,1,1,0,0,0,1,0,0,0,1,1,0,0,0,1,0,0,0,0,0,0,0,0,1,0,0,0,0,0,0,1,0,0,0.0
68,15,1,2.3943661971830985,53.68281690140845,128.02183098591547,4.733333333333333,0.1,284,0,852,3621,1.0,371,1,1,1,0,0,0,1,0,0,0,1,1,0,0,0,1,0,0,0,0,1,0,0,0,0,0,0,0,0,0,1,0,0,0,0.0
56,15,4,2.458333333333333,46.08972222222222,112.80652777777776,4.8,0.1,144,0,2088,5688,1.0,378,0,1,1,0,0,1,0,0,0,1,0,1,0,0,0,1,0,0,0,0,1,0,0,0,0,0,0,0,0,0,0,1,0,0,0.01
54,4,4,2.375,46.60333333333333,110.54125,18.0,0.01,216,0,3384,4824,1.0,374,1,1,1,0,0,0,0,1,1,0,0,0,0,1,0,0,1,0,0,0,0,0,0,1,0,0,0,0,0,0,0,0,1,0,0.005
61,11,4,2.5694444444444446,46.24486111111111,117.03958333333334,6.545454545454546,0.22,72,0,3168,7200,1.0,375,0,1,0,1,0,1,0,0,1,0,0,0,0,1,0,0,0,0,1,0,0,1,0,0,0,0,0,0,0,0,0,1,0,0,0.02
69,11,3,2.563380281690141,50.61098591549296,132.03760563380283,6.454545454545454,0.15,0,142,2556,5467,1.0,379,1,1,0,0,1,0,1,0,1,0,0,0,0,0,1,0,1,0,0,0,1,0,0,0,0,0,0,0,0,1,0,0,0,0,0.01
40,3,0,2.5694444444444446,52.84069444444444,135.71916666666667,24.0,13.281031919823771,648,432,432,3888,1.0,374,1,1,0,0,1,1,0,0,0,1,0,0,0,0,1,0,1,0,0,0,0,0,0,0,0,0,0,1,0,0,0,0,1,0,0.0
66,12,0,2.563380281690141,46.56211267605634,118.4405633802817,5.916666666666667,0.1,0,213,3408,2485,1.0,379,1,1,0,0,1,1,0,0,0,0,1,0,1,0,0,0,0,1,0,0,1,0,0,0,0,0,0,0,0,0,0,0,1,0,0.01
63,4,2,2.408450704225352,52.22704225352113,124.85084507042254,17.75,0.19,0,355,497,2414,1.0,385,1,1,1,0,0,1,0,0,0,1,0,0,0,1,0,0,0,0,0,1,0,0,0,0,1,0,0,0,0,0,1,0,0,0,0.005
53,8,3,2.4166666666666665,48.19736111111112,117.83666666666666,9.0,0.01,288,0,3528,4320,1.0,491,0,1,0,0,1,0,1,0,1,0,0,0,0,1,0,1,0,0,0,0,0,0,0,1,0,0,0,0,0,0,0,0,0,1,0.995
51,13,3,2.5416666666666665,49.04638888888889,129.16486111111112,5.538461538461538,0.08,288,0,3672,1080,1.0,373,1,1,0,1,0,0,1,0,0,1,0,1,0,0,0,1,0,0,0,0,1,0,0,0,0,0,0,0,0,0,0,1,0,0,0.0
25,10,4,2.9027777777777777,52.09520710016509,150.91499506732703,7.199999999999999,0.2224114793714796,146,63,647,6397,0.6111111111111112,697,0,1,0,1,0,1,0,0,1,0,0,0,1,0,0,0,0,0,1,0,0,0,0,0,0,1,0,0,0,0,0,0,0,0,0.87
19,13,3,2.5694444444444446,50.25902777777778,129.86138888888888,5.538461538461538,0.21,216,0,3456,5112,1.0,506,0,1,0,1,0,1,0,0,0,0,1,0,1,0,0,0,0,0,1,0,0,0,0,1,0,0,0,0,0,0,1,0,0,0,0.995
21,1,2,3.0277777777777777,48.98396733003099,147.40983665015497,72.0,0.2775175786859564,151,72,3311,2013,0.5694444444444444,756,0,1,0,1,0,0,1,0,0,1,0,0,0,1,0,0,1,0,0,0,0,1,0,0,0,0,0,0,0,0,0,0,0,0,0.08
67,14,2,2.732394366197183,50.93591549295775,144.3087323943662,5.071428571428571,0.05,142,0,3408,5254,1.0,500,1,1,1,0,0,0,0,1,0,0,1,0,1,0,0,0,0,0,1,0,0,0,1,0,0,0,0,0,0,0,1,0,0,0,0.985
23,2,0,2.7464788732394365,54.32802816901408,145.70816901408452,35.5,0.02,284,0,639,5964,1.0,370,1,1,0,1,0,0,0,1,0,1,0,0,0,1,0,0,0,1,0,0,0,0,0,1,0,0,0,0,0,1,0,0,0,0,0.0
48,15,2,2.375,50.20847222222222,121.11305555555556,4.8,0.21,216,0,504,4608,1.0,502,0,1,0,1,0,1,0,0,1,0,0,0,0,0,1,0,0,0,1,0,0,0,0,0,1,0,0,0,0,1,0,0,0,0,0.985
46,12,3,2.5492957746478875,49.1225352112676,128.07971830985915,5.916666666666667,0.14,284,0,1846,2769,1.0,378,0,1,1,0,0,1,0,0,1,0,0,1,0,0,0,1,0,0,0,0,0,0,0,0,0,1,0,0,0,1,0,0,0,0,0.005
28,5,4,2.591549295774648,50.33577464788733,127.34492957746478,14.2,0.1,284,0,2414,5680,1.0,507,0,1,1,0,0,0,1,0,1,0,0,0,1,0,0,0,0,1,0,0,0,0,0,0,0,1,0,0,0,0,0,1,0,0,0.985
52,9,1,2.8732394366197185,56.109879544183805,165.79370275033943,7.888888888888888,0.3000258495307795,156,58,1490,5598,0.5352112676056338,551,1,1,0,0,1,0,0,1,0,0,1,1,0,0,0,0,0,0,0,1,0,0,0,0,0,0,0,1,0,0,0,0,0,0,0.155
41,7,2,3.0972222222222223,54.01429198145194,172.31479324059305,10.285714285714286,0.2902933491273024,178,45,3455,2666,0.625,679,0,1,0,0,1,0,0,1,1,0,0,0,1,0,0,0,0,1,0,0,0,0,1,0,0,0,0,0,0,0,0,0,0,0,0.145
43,10,0,2.5277777777777777,53.01263888888889,133.11902777777777,7.199999999999999,0.3,288,0,3312,2232,1.0,376,0,1,0,0,1,0,0,1,0,1,0,0,0,0,1,1,0,0,0,0,0,1,0,0,0,0,0,0,0,0,0,0,0,1,0.005
49,14,1,2.583333333333333,47.91486111111111,122.52694444444444,5.142857142857143,0.15,288,0,1512,7344,1.0,492,1,1,0,0,1,1,0,0,0,0,1,0,0,0,1,0,0,1,0,0,0,1,0,0,0,0,0,0,0,1,0,0,0,0,0.99
68,3,2,2.647887323943662,48.99352112676056,124.6687323943662,23.666666666666668,0.18,0,213,2485,5254,1.0,505,1,1,0,1,0,1,0,0,0,0,1,0,0,1,0,0,0,1,0,0,1,0,0,0,0,0,0,0,0,0,0,0,1,0,0.985
31,8,4,2.535211267605634,48.29647887323944,119.80422535211268,8.875,11.492813938658998,71,497,3408,5680,1.0,387,1,1,1,0,0,0,1,0,1,0,0,0,1,0,0,0,1,0,0,0,0,0,0,0,0,0,0,0,1,1,0,0,0,0,0.0
64,7,1,2.388888888888889,47.083888888888886,111.83319444444444,10.285714285714286,0.19,144,0,720,2736,1.0,496,0,1,0,0,1,0,1,0,0,1,0,0,1,0,0,0,1,0,0,0,0,0,0,0,1,0,0,0,0,0,0,1,0,0,0.97
22,10,4,2.4722222222222223,47.02333333333333,114.55055555555556,7.199999999999999,0.13,144,0,648,7200,1.0,373,0,1,0,0,1,0,1,0,0,0,1,1,0,0,0,1,0,0,0,0,0,0,0,0,0,0,0,1,0,0,0,0,0,1,0.0
35,3,4,2.583333333333333,51.21055555555555,130.6447222222222,24.0,0.02,216,0,3240,4464,1.0,492,1,1,0,0,1,1,0,0,0,0,1,0,0,1,0,0,0,0,1,0,0,0,0,0,0,1,0,0,0,0,0,1,0,0,0.985
53,4,2,2.732394366197183,49.2725352112676,135.2769014084507,17.75,0.23,142,0,852,6603,1.0,392,1,1,0,0,1,0,0,1,1,0,0,0,0,0,1,0,0,1,0,0,0,0,0,0,1,0,0,0,0,1,0,0,0,0,0.0
36,14,1,2.436619718309859,51.2574647887324,121.8694366197183,5.071428571428571,0.09,213,0,1775,2201,1.0,495,0,1,1,0,0,1,0,0,0,0,1,0,1,0,0,0,0,1,0,0,0,0,0,0,0,0,0,1,0,0,1,0,0,0,0.99
45,5,4,2.5416666666666665,50.68986111111112,133.02430555555554,14.4,0.06,216,0,1656,7272,1.0,372,0,1,0,0,1,0,0,1,1,0,0,0,0,0,1,0,1,0,0,0,0,0,0,0,0,0,0,1,0,0,0,0,0,1,0.005
50,4,3,2.408450704225352,48.68535211267606,116.8461971830986,17.75,0.08,142,0,2059,3976,1.0,383,0,1,0,0,1,1,0,0,0,0,1,0,0,1,0,0,0,0,1,0,0,0,0,0,0,0,1,0,0,1,0,0,0,0,0.0
21,11,4,2.5416666666666665,51.67652777777778,129.4023611111111,6.545454545454546,8.744172933134937,72,432,2304,4896,1.0,373,1,1,0,0,1,1,0,0,0,0,1,0,0,0,1,1,0,0,0,0,0,0,0,0,0,1,0,0,0,0,0,0,0,1,0.0
45,3,1,2.380281690140845,51.04295774647888,125.05718309859154,23.666666666666668,0.25,142,0,3408,1349,1.0,377,0,1,0,1,0,0,1,0,0,1,0,0,0,1,0,0,0,0,1,0,0,0,0,0,0,0,0,1,0,1,0,0,0,0,0.0
31,12,1,2.943661971830986,53.19773425747254,161.47009195946765,5.916666666666667,0.3519860086231636,123,91,496,5885,0.5915492957746479,558,0,1,1,0,0,1,0,0,0,1,0,1,0,0,0,0,1,0,0,0,1,0,0,0,0,0,0,0,0,0,0,0,0,0,0.125
28,10,1,2.263888888888889,47.47,109.19791666666669,7.199999999999999,0.07,216,0,1728,3744,1.0,375,1,1,1,0,0,1,0,0,1,0,0,0,0,0,1,1,0,0,0,0,0,0,0,0,1,0,0,0,0,0,1,0,0,0,0.01
55,7,1,2.5774647887323945,49.36774647887325,134.61492957746478,10.142857142857142,0.12,142,0,2414,7242,1.0,373,1,1,0,0,1,0,1,0,0,0,1,0,0,1,0,0,0,0,1,0,0,1,0,0,0,0,0,0,0,0,0,0,0,1,0.0
46,12,3,2.5492957746478875,45.88014084507042,117.50676056338028,5.916666666666667,0.14,284,0,1846,2769,1.0,391,0,1,1,0,0,1,0,0,1,0,0,1,0,0,0,1,0,0,0,0,0,0,0,0,0,0,0,1,0,0,1,0,0,0,0.0
30,12,3,2.732394366197183,51.6456338028169,142.25549295774647,5.916666666666667,9.407550945435665,497,0,497,6106,1.0,386,0,1,1,0,0,0,1,0,0,0,1,0,0,1,0,0,1,0,0,0,0,0,0,0,0,1,0,0,0,1,0,0,0,0,0.005
70,3,2,2.647887323943662,52.07352112676056,141.4230985915493,23.666666666666668,0.03,142,0,1491,5183,1.0,371,0,1,0,0,1,1,0,0,0,1,0,0,0,0,1,0,0,0,1,0,0,0,0,1,0,0,0,0,0,1,0,0,0,0,0.01
41,11,4,2.4507042253521125,48.51492957746479,116.54901408450704,6.454545454545454,0.26,71,0,2130,6248,1.0,376,1,1,0,0,1,1,0,0,0,1,0,0,0,1,0,0,0,0,1,0,0,0,0,0,0,0,0,1,0,1,0,0,0,0,0.0
59,1,3,3.1549295774647885,50.76863416847013,164.34260746206894,71.0,0.2210296261613337,148,81,3123,3272,0.5774647887323944,456,1,1,0,1,0,0,0,1,1,0,0,0,0,1,0,0,0,1,0,0,0,0,0,0,0,0,0,1,0,0,0,0,0,0,0.785
44,15,3,2.6338028169014085,50.331267605633805,132.4974647887324,4.733333333333333,0.13,0,213,1491,5680,1.0,491,1,1,0,0,1,0,1,0,0,0,1,1,0,0,0,1,0,0,0,0,0,0,0,0,0,0,0,1,0,1,0,0,0,0,0.99
36,6,4,2.583333333333333,49.07763888888889,126.52930555555557,12.0,0.16,360,0,1656,5040,1.0,378,1,1,0,0,1,1,0,0,0,1,0,1,0,0,0,0,0,0,0,1,0,0,1,0,0,0,0,0,0,0,1,0,0,0,0.0
60,6,2,2.563380281690141,51.32408450704226,134.9569014084507,11.833333333333334,0.12,355,0,3053,1988,1.0,382,0,1,0,1,0,0,1,0,0,0,1,0,0,1,0,0,0,0,1,0,0,0,0,1,0,0,0,0,0,0,0,1,0,0,0.005
40,2,0,2.422535211267605,49.20549295774648,117.12408450704224,35.5,0.08,142,0,1278,5964,1.0,376,0,1,0,1,0,1,0,0,0,0,1,0,0,1,0,0,0,0,0,1,0,0,0,0,1,0,0,0,0,0,0,0,0,1,0.005
49,6,2,3.263888888888889,48.577156696341625,165.0543212298109,12.0,0.2735669472536715,179,60,791,2463,0.5833333333333334,738,1,1,1,0,0,1,0,0,0,0,1,0,0,1,0,0,1,0,0,0,0,1,0,0,0,0,0,0,0,0,0,0,0,0,0.045
33,12,1,2.555555555555556,49.84527777777778,126.39,6.0,0.09,0,144,2952,4536,1.0,375,1,1,1,0,0,0,1,0,1,0,0,1,0,0,0,0,0,0,1,0,0,0,1,0,0,0,0,0,0,0,0,1,0,0,0.01
58,11,2,2.492957746478873,46.525211267605634,117.83774647887324,6.454545454545454,0.18,0,213,1065,7171,1.0,496,0,1,0,0,1,0,0,1,0,1,0,0,0,0,1,0,1,0,0,0,1,0,0,0,0,0,0,0,0,0,0,0,0,1,1.0
25,9,2,2.5774647887323945,47.95507042253521,125.05169014084508,7.888888888888888,0.02,142,0,2627,1562,1.0,379,0,1,0,1,0,1,0,0,0,1,0,0,0,0,1,1,0,0,0,0,1,0,0,0,0,0,0,0,0,0,0,0,1,0,0.0
45,6,4,2.930555555555556,49.06800861241656,145.9176369483608,12.0,0.262993170031315,160,55,1871,5680,0.6111111111111112,689,1,1,0,1,0,1,0,0,0,0,1,0,0,0,1,0,0,1,0,0,0,0,0,1,0,0,0,0,0,0,0,0,0,0,0.095
35,2,4,2.6619718309859155,46.447042253521126,126.42070422535213,35.5,6.744251972501145,213,426,1491,1775,1.0,377,1,1,0,1,0,1,0,0,0,0,1,1,0,0,0,1,0,0,0,0,0,0,0,0,0,0,1,0,0,0,0,0,1,0,0.0
48,5,4,2.5,48.455,118.1425,14.4,0.18,144,0,936,3240,1.0,377,0,1,1,0,0,1,0,0,0,0,1,0,0,1,0,0,0,0,0,1,0,0,0,0,0,0,0,1,0,0,1,0,0,0,0.01
68,2,3,2.436619718309859,52.42774647887324,125.29591549295776,35.5,0.08,0,71,852,1491,1.0,380,1,1,0,0,1,0,1,0,0,1,0,0,0,0,1,0,0,1,0,0,0,0,1,0,0,0,0,0,0,0,0,0,1,0,0.005
38,15,4,2.583333333333333,49.83263888888889,129.48666666666665,4.8,0.19,72,0,3384,2304,1.0,497,0,1,0,0,1,1,0,0,0,1,0,0,1,0,0,0,1,0,0,0,0,1,0,0,0,0,0,0,0,0,0,0,1,0,0.99
55,2,1,2.5694444444444446,52.48347222222222,134.64277777777778,36.0,0.23,216,0,576,5832,1.0,497,1,1,0,1,0,1,0,0,1,0,0,0,0,1,0,0,0,0,0,1,0,0,0,0,1,0,0,0,0,0,0,1,0,0,1.0
60,6,2,2.4027777777777777,49.874027777777776,117.8640277777778,12.0,0.12,360,0,3096,2016,1.0,382,0,1,0,1,0,0,1,0,0,0,1,0,0,1,0,0,0,0,1,0,0,0,0,0,0,1,0,0,0,0,0,0,1,0,0.005
70,6,1,2.6338028169014085,57.63971830985916,153.2307042253521,11.833333333333334,7.593953421698728,355,426,3337,781,1.0,370,0,1,1,0,0,1,0,0,0,0,1,0,0,0,1,0,0,0,1,0,0,0,0,0,0,0,0,1,0,0,0,0,0,1,0.005
27,7,1,2.676056338028169,47.33225352112676,126.96507042253522,10.142857142857142,0.29,71,0,2627,2201,1.0,377,1,1,0,1,0,1,0,0,1,0,0,0,0,0,1,1,0,0,0,0,1,0,0,0,0,0,0,0,0,0,1,0,0,0,0.0
31,8,4,2.611111111111111,46.52875,119.68597222222222,9.0,11.492813938658998,72,504,3456,5760,1.0,371,1,1,1,0,0,0,1,0,1,0,0,0,1,0,0,0,1,0,0,0,0,1,0,0,0,0,0,0,0,1,0,0,0,0,0.0
49,6,2,2.4788732394366195,50.5587323943662,121.99535211267606,11.833333333333334,9.366820202264352,497,71,710,2201,1.0,391,1,1,1,0,0,1,0,0,0,0,1,0,0,1,0,0,1,0,0,0,0,0,0,0,0,0,1,0,0,1,0,0,0,0,0.0
50,9,2,2.2816901408450705,45.76943661971831,108.40971830985916,7.888888888888888,0.22,355,0,1136,3408,1.0,373,1,1,1,0,0,0,1,0,0,0,1,1,0,0,0,1,0,0,0,0,1,0,0,0,0,0,0,0,0,1,0,0,0,0,0.0
29,6,4,2.295774647887324,50.734647887323945,117.58140845070425,11.833333333333334,0.09,0,497,710,4544,1.0,372,1,1,0,0,1,0,1,0,0,0,1,0,0,0,1,1,0,0,0,0,0,0,1,0,0,0,0,0,0,0,0,0,1,0,0.005
40,6,2,2.5694444444444446,47.03083333333333,122.41888888888889,12.0,9.955841494925746,288,360,3384,7128,1.0,370,1,1,0,0,1,1,0,0,0,1,0,0,0,0,1,0,0,0,0,1,0,0,0,0,1,0,0,0,0,0,0,0,0,1,0.0
59,13,0,2.5416666666666665,48.14277777777777,122.51652777777778,5.538461538461538,0.15,288,0,3384,4680,1.0,377,1,1,0,1,0,1,0,0,0,0,1,0,0,0,1,0,0,1,0,0,0,0,1,0,0,0,0,0,0,0,0,1,0,0,0.01
60,4,4,2.513888888888889,50.91930555555555,129.97361111111113,18.0,0.02,0,216,1152,1800,1.0,392,0,1,0,1,0,0,1,0,1,0,0,0,0,1,0,0,0,0,0,1,0,0,0,0,0,0,0,1,0,1,0,0,0,0,0.005
47,4,2,2.422535211267605,51.8969014084507,124.58154929577466,17.75,14.628142769659158,142,710,3053,5041,1.0,378,1,1,1,0,0,1,0,0,1,0,0,0,0,1,0,1,0,0,0,0,0,1,0,0,0,0,0,0,0,0,1,0,0,0,0.0
26,15,3,2.875,52.29703396863199,151.99601238170845,4.8,0.2765480939069718,152,60,1655,2725,0.5694444444444444,605,1,1,0,0,1,0,0,1,1,0,0,0,0,1,0,1,0,0,0,0,1,0,0,0,0,0,0,0,0,0,0,0,0,0,0.145
37,11,3,2.507042253521127,49.763521126760565,126.0712676056338,6.454545454545454,0.09,0,284,2059,4047,1.0,378,1,1,1,0,0,1,0,0,1,0,0,1,0,0,0,0,0,0,0,1,0,0,1,0,0,0,0,0,0,0,1,0,0,0,0.0
37,11,3,2.718309859154929,47.63704225352113,129.1732394366197,6.454545454545454,0.09,0,284,2059,4047,1.0,370,1,1,1,0,0,1,0,0,1,0,0,1,0,0,0,0,0,0,0,1,0,0,0,0,1,0,0,0,0,0,0,1,0,0,0.01
31,12,1,2.591549295774648,49.99661971830986,128.91971830985915,5.916666666666667,0.17,284,0,497,5964,1.0,372,0,1,1,0,0,1,0,0,0,1,0,1,0,0,0,0,1,0,0,0,0,0,1,0,0,0,0,0,0,0,0,1,0,0,0.0
40,13,4,2.408450704225352,46.651830985915495,110.57535211267606,5.461538461538462,0.25,142,0,2769,2982,1.0,373,1,1,0,1,0,0,0,1,0,0,1,1,0,0,0,0,0,0,1,0,0,0,0,0,1,0,0,0,0,0,1,0,0,0,0.01
68,1,2,2.3380281690140845,48.6869014084507,112.6843661971831,71.0,10.559115930120193,142,0,2627,3550,1.0,370,0,1,0,1,0,0,0,1,0,0,1,0,1,0,0,0,0,0,0,1,0,0,0,0,0,1,0,0,0,0,1,0,0,0,0.01
66,4,2,2.4027777777777777,52.25819444444445,123.12166666666668,18.0,0.21,0,360,2808,6624,1.0,379,0,1,0,0,1,1,0,0,0,0,1,0,0,0,1,0,0,0,1,0,0,0,0,0,0,0,1,0,0,1,0,0,0,0,0.0
37,8,4,2.4722222222222223,50.49527777777777,124.75680555555556,9.0,0.18,216,0,3528,2952,1.0,394,0,1,1,0,0,1,0,0,1,0,0,0,0,0,1,0,0,1,0,0,0,0,0,0,0,0,0,0,1,0,0,0,0,1,0.01
32,12,2,2.6527777777777777,47.46486111111111,122.7851388888889,6.0,0.11,0,216,2736,2448,1.0,371,0,1,1,0,0,0,0,1,0,0,1,0,0,0,1,0,0,1,0,0,0,0,0,0,0,0,0,0,1,0,0,0,1,0,0.005
43,4,1,3.180555555555556,47.99985505759355,146.87470406166955,18.0,0.2868456692928445,160,77,1943,5338,0.6944444444444444,591,0,1,0,1,0,0,1,0,0,1,0,1,0,0,0,0,0,0,1,0,1,0,0,0,0,0,0,0,0,0,1,0,0,0,0.07
47,2,0,2.5694444444444446,55.68666666666667,142.29000000000002,36.0,0.21,0,216,648,4032,1.0,495,0,1,0,0,1,0,0,1,0,0,1,0,1,0,0,0,0,0,0,1,1,0,0,0,0,0,0,0,0,0,0,0,1,0,0.955
30,15,2,2.676056338028169,54.80084507042254,146.5225352112676,4.733333333333333,0.22,142,0,3337,6248,1.0,496,1,1,0,1,0,0,1,0,0,0,1,1,0,0,0,1,0,0,0,0,0,0,1,0,0,0,0,0,0,0,0,1,0,0,0.97
60,10,1,2.605633802816901,48.70619718309859,130.91985915492958,7.1,0.05,213,0,2272,1846,1.0,490,0,1,0,1,0,0,0,1,1,0,0,0,0,1,0,0,0,0,1,0,0,0,0,0,1,0,0,0,0,0,0,0,1,0,0.995
37,15,4,2.647887323943662,46.91478873239436,121.49915492957749,4.733333333333333,0.22,0,142,2769,6958,1.0,495,0,1,0,1,0,0,1,0,0,1,0,0,0,1,0,0,0,1,0,0,0,0,1,0,0,0,0,0,0,0,1,0,0,0,0.985
53,10,3,2.5972222222222223,48.30708333333334,125.6248611111111,7.199999999999999,10.95217002357076,0,216,648,5256,1.0,370,0,1,0,1,0,0,1,0,0,0,1,0,0,1,0,1,0,0,0,0,1,0,0,0,0,0,0,0,0,0,0,1,0,0,0.0
33,7,4,2.388888888888889,51.43222222222222,125.06875,10.285714285714286,0.29,72,0,2160,2376,1.0,376,0,1,0,0,1,0,1,0,1,0,0,0,0,0,1,0,0,0,1,0,0,0,0,1,0,0,0,0,0,0,1,0,0,0,0.0
21,1,2,2.23943661971831,48.929014084507045,109.35802816901408,71.0,9.921265665388862,71,639,3195,1775,1.0,376,0,1,0,1,0,0,1,0,0,1,0,0,0,1,0,0,1,0,0,0,1,0,0,0,0,0,0,0,0,0,0,1,0,0,0.0
40,12,4,2.5492957746478875,51.33788732394367,127.19422535211268,5.916666666666667,0.0,142,0,3621,3550,1.0,492,0,1,1,0,0,0,1,0,0,0,1,0,0,1,0,0,0,0,0,1,0,1,0,0,0,0,0,0,0,0,0,0,1,0,0.98
32,8,0,2.295774647887324,49.36323943661972,114.04323943661971,8.875,0.08,213,0,3550,5609,1.0,383,0,1,0,1,0,1,0,0,0,1,0,0,0,0,1,0,0,0,0,1,0,0,0,0,0,0,0,1,0,1,0,0,0,0,0.02
28,10,2,2.535211267605634,50.55605633802817,125.51267605633802,7.1,0.02,0,213,3266,5183,1.0,372,1,1,1,0,0,0,0,1,0,0,1,0,1,0,0,0,1,0,0,0,0,0,0,1,0,0,0,0,0,0,0,0,1,0,0.005
57,10,1,2.436619718309859,50.12338028169015,119.37535211267604,7.1,0.17,213,0,2414,4757,1.0,494,1,1,0,1,0,1,0,0,1,0,0,0,0,0,1,0,0,1,0,0,0,0,1,0,0,0,0,0,0,0,0,0,0,1,0.995
24,1,1,2.8194444444444446,52.88587036250959,146.07892591806515,72.0,0.2637353254153209,142,76,1151,1138,0.6388888888888888,808,1,1,0,1,0,0,1,0,0,1,0,1,0,0,0,0,1,0,0,0,0,0,0,0,0,0,0,1,0,0,0,0,1,0,0.115
22,14,0,2.647887323943662,48.68830985915493,129.23957746478874,5.071428571428571,0.02,71,0,2840,1775,1.0,375,0,1,1,0,0,1,0,0,1,0,0,0,0,0,1,0,0,1,0,0,1,0,0,0,0,0,0,0,0,0,0,0,0,1,0.0
52,1,0,2.5416666666666665,50.23041666666667,129.76777777777778,72.0,0.3,144,0,1872,7344,1.0,491,0,1,1,0,0,1,0,0,1,0,0,0,0,1,0,1,0,0,0,0,0,0,0,0,0,0,1,0,0,0,1,0,0,0,1.0
23,2,0,2.6338028169014085,46.85338028169014,124.59802816901409,35.5,0.02,284,0,639,5964,1.0,375,1,1,0,1,0,0,0,1,0,1,0,0,0,1,0,0,0,1,0,0,0,0,0,0,0,1,0,0,0,0,0,0,0,1,0.0
38,4,0,2.375,45.32458333333333,108.14194444444443,18.0,0.16,144,0,3384,2592,1.0,490,1,1,0,1,0,0,0,1,0,0,1,1,0,0,0,0,0,1,0,0,0,0,0,0,0,0,0,0,1,0,0,1,0,0,0.985
50,6,4,3.1527777777777777,54.76550757484168,173.04925757484168,12.0,0.2772999582160149,174,65,1727,3538,0.6527777777777778,814,1,1,0,0,1,1,0,0,1,0,0,0,1,0,0,0,0,1,0,0,0,0,0,1,0,0,0,0,0,0,0,0,0,0,0.105
60,4,0,2.380281690140845,50.57633802816901,121.45943661971832,17.75,0.15,0,142,1988,4828,1.0,370,0,1,0,1,0,0,0,1,0,1,0,0,0,0,1,0,1,0,0,0,0,0,0,0,0,1,0,0,0,0,0,0,0,1,0.0
42,13,0,2.583333333333333,53.61,136.95083333333335,5.538461538461538,5.584120139568189,432,360,2160,2160,1.0,377,0,1,0,1,0,0,1,0,0,1,0,0,0,0,1,0,0,1,0,0,0,0,0,0,0,1,0,0,0,0,0,1,0,0,0.005
60,10,3,2.5492957746478875,48.592816901408455,121.90323943661971,7.1,0.18,355,0,2982,2414,1.0,496,0,1,0,1,0,0,0,1,1,0,0,0,0,1,0,0,0,1,0,0,0,0,0,0,0,0,0,1,0,0,0,0,0,1,1.0
25,9,4,2.4722222222222223,51.44472222222223,126.60833333333332,8.0,0.16,144,0,1800,5616,1.0,493,1,1,0,1,0,1,0,0,0,1,0,0,1,0,0,0,0,1,0,0,1,0,0,0,0,0,0,0,0,0,0,1,0,0,0.995
21,1,3,2.535211267605634,49.74788732394366,125.99352112676056,71.0,6.493395409035405,639,213,710,923,1.0,371,1,1,0,1,0,0,1,0,0,1,0,0,0,0,1,0,1,0,0,0,1,0,0,0,0,0,0,0,0,1,0,0,0,0,0.0
40,3,0,2.5416666666666665,46.06194444444444,114.99263888888888,24.0,13.281031919823771,648,432,432,3888,1.0,373,1,1,0,0,1,1,0,0,0,1,0,0,0,0,1,0,1,0,0,0,0,0,0,0,0,0,1,0,0,0,0,1,0,0,0.0
47,10,0,2.563380281690141,51.469014084507045,130.7588732394366,7.1,0.21,71,0,1491,994,1.0,370,1,1,0,1,0,0,1,0,0,0,1,1,0,0,0,0,1,0,0,0,0,0,0,1,0,0,0,0,0,0,0,1,0,0,0.005
29,6,0,2.4788732394366195,49.2843661971831,120.52605633802816,11.833333333333334,0.29,0,355,1349,4970,1.0,492,1,1,0,1,0,0,1,0,1,0,0,0,0,0,1,0,0,0,1,0,0,0,0,0,0,0,0,1,0,0,1,0,0,0,1.0
70,6,1,2.408450704225352,45.90732394366197,114.37985915492958,11.833333333333334,7.593953421698728,355,426,3337,781,1.0,387,0,1,1,0,0,1,0,0,0,0,1,0,0,0,1,0,0,0,1,0,0,0,0,0,1,0,0,0,0,0,0,0,0,1,0.0
58,2,4,2.4507042253521125,51.04943661971831,123.85084507042254,35.5,14.23906493009916,284,568,1207,4118,1.0,372,1,1,0,1,0,1,0,0,0,0,1,0,1,0,0,0,0,0,1,0,0,1,0,0,0,0,0,0,0,1,0,0,0,0,0.0
21,7,1,2.583333333333333,53.267916666666665,138.20833333333334,10.285714285714286,14.671491085699952,504,216,432,1008,1.0,381,1,1,1,0,0,1,0,0,1,0,0,1,0,0,0,0,0,1,0,0,0,0,1,0,0,0,0,0,0,0,1,0,0,0,0.0
52,10,0,2.5694444444444446,49.12472222222223,126.31180555555557,7.199999999999999,0.24,0,288,3240,3456,1.0,370,0,1,1,0,0,0,1,0,0,0,1,0,1,0,0,1,0,0,0,0,0,0,0,0,0,0,0,0,1,0,0,0,1,0,0.005
31,4,4,2.422535211267605,49.81633802816901,120.10464788732396,17.75,0.18,0,142,1562,7171,1.0,372,1,1,1,0,0,0,0,1,1,0,0,1,0,0,0,0,0,0,0,1,0,0,0,0,1,0,0,0,0,0,1,0,0,0,0.005
47,3,4,2.4788732394366195,54.044788732394366,131.12197183098593,23.666666666666668,0.06,284,0,639,1775,1.0,499,0,1,0,1,0,1,0,0,1,0,0,0,0,0,1,0,1,0,0,0,0,1,0,0,0,0,0,0,0,1,0,0,0,0,1.0
38,2,2,2.4507042253521125,50.15464788732395,126.08985915492956,35.5,0.14,0,284,2556,1775,1.0,380,1,1,0,1,0,0,1,0,0,1,0,1,0,0,0,0,1,0,0,0,0,0,0,0,0,0,0,0,1,0,0,0,1,0,0.0
34,13,4,2.5416666666666665,48.13263888888889,121.25402777777776,5.538461538461538,0.09,144,0,3384,5256,1.0,371,1,1,0,0,1,1,0,0,0,1,0,1,0,0,0,0,0,1,0,0,1,0,0,0,0,0,0,0,0,0,1,0,0,0,0.0
70,1,1,2.591549295774648,46.08542281439112,118.93767633551786,71.0,0.263616569231905,124,75,638,6502,0.704225352112676,511,1,1,0,0,1,0,0,1,1,0,0,0,0,0,1,1,0,0,0,0,1,0,0,0,0,0,0,0,0,0,0,0,1,0,0.115
40,15,4,2.507042253521127,48.028028169014085,118.78295774647889,4.733333333333333,0.18,284,0,3337,4615,1.0,374,0,1,0,1,0,0,1,0,1,0,0,0,0,0,1,1,0,0,0,0,0,1,0,0,0,0,0,0,0,0,1,0,0,0,0.0
31,8,4,2.380281690140845,51.611830985915496,123.52915492957746,8.875,0.13,142,0,3053,4615,1.0,401,0,1,0,0,1,1,0,0,0,0,1,1,0,0,0,0,0,0,1,0,0,0,1,0,0,0,0,0,0,0,1,0,0,0,0.01
39,4,0,2.736111111111111,47.28321323302553,134.36491747685437,18.0,0.2233255402982076,133,67,863,5954,0.6666666666666666,859,1,1,0,1,0,1,0,0,0,0,1,0,0,1,0,0,1,0,0,0,0,0,0,1,0,0,0,0,0,0,1,0,0,0,0.855
70,6,1,2.763888888888889,44.34652777777777,125.78083333333332,12.0,7.593953421698728,360,432,3384,792,1.0,374,0,1,1,0,0,1,0,0,0,0,1,0,0,0,1,0,0,0,1,0,0,0,0,0,0,1,0,0,0,0,0,1,0,0,0.0
68,6,2,2.718309859154929,47.17042253521127,130.14394366197183,11.833333333333334,0.08,142,0,3408,3195,1.0,493,1,1,0,0,1,0,0,1,0,1,0,0,0,0,1,0,0,0,1,0,0,0,0,0,0,0,0,1,0,0,0,0,1,0,0.965
45,5,1,2.619718309859155,51.86,138.22112676056338,14.2,14.679563163475962,568,142,3408,5538,1.0,373,1,1,1,0,0,0,1,0,1,0,0,0,0,0,1,1,0,0,0,0,0,0,0,1,0,0,0,0,0,0,1,0,0,0,0.0
31,13,4,2.6901408450704225,49.537887323943664,132.78098591549298,5.461538461538462,9.81401991006413,355,71,2059,2201,1.0,370,1,1,0,1,0,1,0,0,0,0,1,1,0,0,0,1,0,0,0,0,0,0,0,1,0,0,0,0,0,0,0,0,0,1,0.0
46,14,3,2.2816901408450705,49.60718309859155,113.23380281690142,5.071428571428571,0.28,0,71,2769,1491,1.0,371,0,1,1,0,0,0,1,0,1,0,0,0,1,0,0,0,0,1,0,0,0,0,0,0,0,0,0,1,0,0,0,0,1,0,0.01
26,5,1,2.3661971830985915,51.49464788732394,122.5456338028169,14.2,0.18,0,213,1207,2485,1.0,525,1,1,1,0,0,0,1,0,1,0,0,1,0,0,0,0,0,0,1,0,0,0,0,0,1,0,0,0,0,0,0,1,0,0,0.97
35,2,1,2.4507042253521125,48.47732394366197,121.2394366197183,35.5,0.04,142,0,2130,994,1.0,506,0,1,0,0,1,0,0,1,0,1,0,0,0,1,0,1,0,0,0,0,0,0,0,0,0,0,0,1,0,0,0,0,0,1,0.995
49,6,0,2.323943661971831,48.779295774647885,114.6050704225352,11.833333333333334,9.298732098924075,284,710,1349,6603,1.0,371,0,1,1,0,0,0,0,1,0,0,1,0,0,0,1,0,0,1,0,0,0,0,0,1,0,0,0,0,0,0,0,0,0,1,0.005
35,3,4,2.7746478873239435,52.74380281690141,147.18971830985916,23.666666666666668,0.02,213,0,3195,4402,1.0,501,1,1,0,0,1,1,0,0,0,0,1,0,0,1,0,0,0,0,1,0,0,1,0,0,0,0,0,0,0,0,0,0,0,1,0.96
19,9,3,2.430555555555556,49.910694444444445,121.98333333333336,8.0,0.03,0,72,1800,1944,1.0,381,1,1,1,0,0,1,0,0,0,0,1,0,1,0,0,0,0,0,1,0,0,1,0,0,0,0,0,0,0,1,0,0,0,0,0.05
55,7,1,2.1527777777777777,48.47430555555556,103.32652777777778,10.285714285714286,0.12,144,0,2448,7344,1.0,374,1,1,0,0,1,0,1,0,0,0,1,0,0,1,0,0,0,0,1,0,0,0,0,1,0,0,0,0,0,0,0,0,1,0,0.01
58,1,0,2.5277777777777777,47.4575,117.17277777777778,72.0,0.26,288,0,1728,2376,1.0,501,1,1,1,0,0,0,0,1,0,1,0,0,0,0,1,0,1,0,0,0,0,0,0,0,0,0,1,0,0,0,0,1,0,0,0.99
55,1,4,2.464788732394366,51.00887323943663,129.59802816901407,71.0,0.22,71,0,2698,2840,1.0,386,0,1,1,0,0,0,1,0,1,0,0,1,0,0,0,0,0,1,0,0,0,0,0,1,0,0,0,0,0,0,0,0,1,0,0.015
70,3,2,2.5277777777777777,53.48805555555556,138.16291666666666,24.0,0.25,216,0,1440,4536,1.0,490,1,1,0,1,0,0,0,1,0,0,1,0,0,0,1,0,0,1,0,0,1,0,0,0,0,0,0,0,0,0,0,0,0,1,0.98
51,1,2,2.464788732394366,48.75760563380282,123.10957746478874,71.0,0.05,355,0,1491,6461,1.0,371,1,1,0,1,0,1,0,0,0,1,0,0,0,0,1,0,0,0,1,0,0,0,0,1,0,0,0,0,0,1,0,0,0,0,0.0
57,14,4,2.6619718309859155,48.18267605633803,124.30154929577463,5.071428571428571,0.11,284,0,1349,6248,1.0,379,1,1,1,0,0,1,0,0,0,1,0,0,1,0,0,0,0,0,0,1,0,0,0,0,0,0,1,0,0,0,0,0,0,1,0.015
49,15,3,2.3661971830985915,51.25295774647888,121.53239436619717,4.733333333333333,0.17,284,0,3124,1917,1.0,498,1,1,0,1,0,0,0,1,0,0,1,0,0,0,1,0,1,0,0,0,0,0,1,0,0,0,0,0,0,0,0,0,0,1,0.995
66,15,4,2.5492957746478875,49.06281690140845,124.51704225352113,4.733333333333333,11.526385894687447,710,355,994,4047,1.0,370,1,1,1,0,0,1,0,0,1,0,0,0,0,0,1,0,0,1,0,0,0,0,0,0,0,0,1,0,0,0,1,0,0,0,0.0
20,2,1,2.8028169014084505,51.62169014084507,149.92338028169013,35.5,0.09,355,0,2627,3408,1.0,371,0,1,0,0,1,0,1,0,0,0,1,0,0,1,0,0,0,0,0,1,0,0,0,0,0,0,0,0,1,0,0,1,0,0,0.0
22,10,4,2.430555555555556,46.94541666666667,119.59930555555556,7.199999999999999,0.13,144,0,648,7200,1.0,370,0,1,0,0,1,0,1,0,0,0,1,1,0,0,0,1,0,0,0,0,0,0,1,0,0,0,0,0,0,0,0,0,0,1,0.0
66,11,2,2.555555555555556,47.30347222222222,121.05541666666666,6.545454545454546,0.29,288,0,2376,6912,1.0,496,0,1,0,1,0,1,0,0,1,0,0,0,1,0,0,0,0,0,1,0,0,1,0,0,0,0,0,0,0,1,0,0,0,0,0.96
56,15,3,2.3943661971830985,44.23943661971831,104.323661971831,4.733333333333333,0.17,213,0,3621,5112,1.0,498,0,1,0,0,1,0,0,1,0,0,1,0,0,1,0,0,0,0,0,1,1,0,0,0,0,0,0,0,0,0,1,0,0,0,0.99
51,13,4,2.295774647887324,50.54830985915493,115.9538028169014,5.461538461538462,11.450168057204277,497,710,2769,4047,1.0,374,0,1,1,0,0,0,1,0,0,1,0,0,1,0,0,0,0,0,1,0,0,0,0,1,0,0,0,0,0,0,1,0,0,0,0.0
51,13,4,2.333333333333333,53.39125,126.1126388888889,5.538461538461538,11.450168057204277,504,720,2808,4104,1.0,371,0,1,1,0,0,0,1,0,0,1,0,0,1,0,0,0,0,0,1,0,0,0,0,1,0,0,0,0,0,1,0,0,0,0,0.0
64,14,1,2.6666666666666665,45.94763888888889,123.755,5.142857142857143,0.13,0,144,2448,1728,1.0,382,1,1,1,0,0,0,1,0,0,0,1,0,1,0,0,0,0,0,1,0,0,0,0,1,0,0,0,0,0,0,0,0,1,0,0.005
21,11,4,2.563380281690141,50.88845070422535,134.2119718309859,6.454545454545454,8.744172933134937,71,426,2272,4828,1.0,380,1,1,0,0,1,1,0,0,0,0,1,0,0,0,1,1,0,0,0,0,0,1,0,0,0,0,0,0,0,0,1,0,0,0,0.0
37,9,4,2.6901408450704225,51.69605633802817,139.0733802816901,7.888888888888888,0.25,213,0,639,5041,1.0,374,1,1,0,1,0,0,1,0,0,0,1,1,0,0,0,0,0,0,0,1,0,0,0,0,1,0,0,0,0,0,0,0,1,0,0.0
26,14,0,2.5972222222222223,52.87013888888889,137.5127777777778,5.142857142857143,0.06,288,0,1152,2952,1.0,371,1,1,0,1,0,0,1,0,0,0,1,0,1,0,0,0,0,1,0,0,1,0,0,0,0,0,0,0,0,0,0,0,0,1,0.0
35,2,3,2.805555555555556,48.72075526972513,137.43664942833914,36.0,0.2565942727597379,140,72,719,3080,0.5972222222222222,692,0,1,0,1,0,0,1,0,0,1,0,0,0,1,0,0,0,0,0,1,0,0,0,1,0,0,0,0,0,0,0,0,0,0,0.795
23,9,3,2.555555555555556,49.8575,129.91527777777776,8.0,0.18,360,0,2592,3816,1.0,490,1,1,0,1,0,1,0,0,0,1,0,0,0,0,1,0,0,0,1,0,1,0,0,0,0,0,0,0,0,1,0,0,0,0,0.995
48,3,2,2.4444444444444446,50.32666666666667,124.2840277777778,24.0,0.11,288,0,3312,7416,1.0,377,0,1,0,1,0,0,1,0,0,1,0,0,1,0,0,0,0,0,1,0,0,0,0,0,0,0,1,0,0,0,1,0,0,0,0.005
44,15,3,2.8028169014084505,49.44983859505792,133.65881155982163,4.733333333333333,0.2988516367195987,125,76,1490,5663,0.6619718309859155,512,1,1,0,0,1,0,1,0,0,0,1,1,0,0,0,1,0,0,0,0,0,0,0,1,0,0,0,0,0,0,1,0,0,0,0.87
55,10,4,2.6901408450704225,49.05,131.79957746478874,7.1,0.04,0,71,3408,5893,1.0,375,0,1,1,0,0,0,0,1,0,0,1,0,0,1,0,0,1,0,0,0,0,0,0,0,1,0,0,0,0,0,0,1,0,0,0.005
46,9,3,2.2253521126760565,50.13830985915493,112.56239436619718,7.888888888888888,0.23,142,0,3621,6745,1.0,377,0,1,1,0,0,1,0,0,0,0,1,0,1,0,0,0,0,0,0,1,0,0,0,0,0,0,0,1,0,0,0,1,0,0,0.005
38,2,2,2.3943661971830985,49.1043661971831,117.03028169014084,35.5,0.14,0,284,2556,1775,1.0,384,1,1,0,1,0,0,1,0,0,1,0,1,0,0,0,0,1,0,0,0,0,0,0,0,0,0,1,0,0,0,0,0,1,0,0.005
28,10,1,2.430555555555556,50.42638888888889,119.29458333333332,7.199999999999999,0.07,216,0,1728,3744,1.0,371,1,1,1,0,0,1,0,0,1,0,0,0,0,0,1,1,0,0,0,0,0,0,0,0,0,1,0,0,0,1,0,0,0,0,0.005
49,3,1,2.513888888888889,51.23111111111111,129.80652777777777,24.0,0.21,288,0,3312,4464,1.0,378,1,1,0,1,0,0,1,0,0,1,0,0,0,1,0,0,0,0,0,1,1,0,0,0,0,0,0,0,0,1,0,0,0,0,0.01
22,15,4,2.436619718309859,53.613098591549296,131.94338028169014,4.733333333333333,0.04,142,0,3479,2627,1.0,372,1,1,1,0,0,1,0,0,1,0,0,0,0,0,1,0,0,0,0,1,0,0,0,0,0,0,0,1,0,0,0,0,1,0,0.0
56,15,3,2.4722222222222223,51.29222222222222,123.83277777777776,4.8,0.17,216,0,3672,5184,1.0,495,0,1,0,0,1,0,0,1,0,0,1,0,0,1,0,0,0,0,0,1,1,0,0,0,0,0,0,0,0,1,0,0,0,0,0.99
59,13,0,2.611111111111111,50.07305555555556,132.17666666666665,5.538461538461538,0.15,288,0,3384,4680,1.0,376,1,1,0,1,0,1,0,0,0,0,1,0,0,0,1,0,0,1,0,0,0,1,0,0,0,0,0,0,0,0,1,0,0,0,0.005
55,5,1,2.5277777777777777,52.19902777777778,132.2198611111111,14.4,0.08,144,0,1944,2952,1.0,376,0,1,0,0,1,0,1,0,1,0,0,0,0,0,1,0,0,0,0,1,0,0,0,0,0,0,0,0,1,0,0,0,0,1,0.01
62,12,1,2.732394366197183,50.1556338028169,136.20802816901409,5.916666666666667,0.29,213,0,2911,3550,1.0,498,1,1,0,0,1,0,1,0,0,0,1,0,0,1,0,1,0,0,0,0,0,0,0,1,0,0,0,0,0,0,0,1,0,0,0.965
40,8,0,2.676056338028169,53.228873239436616,137.2507042253521,8.875,0.25,284,0,2201,7313,1.0,371,0,1,0,1,0,1,0,0,0,1,0,1,0,0,0,0,0,0,0,1,0,0,0,0,0,0,1,0,0,0,1,0,0,0,0.005
42,15,0,2.3472222222222223,50.816805555555554,117.74791666666668,4.8,0.15,0,72,3312,3312,1.0,370,1,1,1,0,0,1,0,0,0,1,0,1,0,0,0,1,0,0,0,0,0,0,0,0,0,1,0,0,0,0,0,0,1,0,0.01
18,9,3,2.4507042253521125,52.507183098591554,130.3874647887324,7.888888888888888,0.22,0,142,3550,4189,1.0,516,1,1,0,1,0,1,0,0,0,1,0,0,0,0,1,0,0,1,0,0,1,0,0,0,0,0,0,0,0,0,0,0,0,1,0.985
49,5,0,2.555555555555556,44.05222222222223,113.21680555555557,14.4,0.08,0,216,2232,1656,1.0,497,1,1,1,0,0,1,0,0,0,1,0,0,0,0,1,0,1,0,0,0,0,0,0,0,0,0,0,0,1,0,0,0,1,0,0.965
52,7,1,2.583333333333333,51.085277777777776,129.44375000000002,10.285714285714286,0.2,144,0,1728,1368,1.0,371,1,1,0,1,0,0,1,0,1,0,0,1,0,0,0,0,0,0,0,1,0,0,0,0,0,0,0,1,0,0,0,0,0,1,0.01
67,14,2,2.422535211267605,50.241126760563375,121.67281690140844,5.071428571428571,0.05,142,0,3408,5254,1.0,492,1,1,1,0,0,0,0,1,0,0,1,0,1,0,0,0,0,0,1,0,0,0,0,0,1,0,0,0,0,0,0,0,1,0,0.98
21,1,0,2.486111111111111,52.190694444444446,123.43388888888887,72.0,0.26,288,0,2952,5832,1.0,510,0,1,1,0,0,0,0,1,1,0,0,1,0,0,0,0,0,0,1,0,0,1,0,0,0,0,0,0,0,0,0,0,0,1,0.98
31,2,0,2.5277777777777777,49.12986111111111,127.62291666666668,36.0,10.871398822095117,0,0,648,792,1.0,372,1,1,1,0,0,0,0,1,0,0,1,0,0,0,1,0,0,1,0,0,0,1,0,0,0,0,0,0,0,0,0,0,1,0,0.0
58,12,1,2.638888888888889,50.50972222222222,133.16958333333332,6.0,0.18,72,0,648,4968,1.0,501,0,1,1,0,0,0,1,0,0,1,0,0,0,0,1,0,0,0,0,1,0,0,0,1,0,0,0,0,0,0,1,0,0,0,0.99
32,5,3,2.5972222222222223,48.13513888888889,125.27069444444444,14.4,0.23,216,0,1656,936,1.0,370,0,1,0,0,1,1,0,0,1,0,0,0,1,0,0,0,1,0,0,0,0,0,0,0,0,0,1,0,0,1,0,0,0,0,0.0
48,11,0,2.5,50.40833333333333,126.36708333333334,6.545454545454546,11.7797599545946,504,576,432,5184,1.0,372,0,1,0,1,0,1,0,0,0,0,1,1,0,0,0,0,0,1,0,0,0,0,0,0,0,1,0,0,0,0,1,0,0,0,0.0
68,5,1,2.375,48.335277777777776,113.345,14.4,0.14,144,0,2448,3168,1.0,501,1,1,0,1,0,1,0,0,0,1,0,0,0,1,0,0,0,1,0,0,0,0,0,0,1,0,0,0,0,1,0,0,0,0,0.99
66,1,2,2.535211267605634,49.05154929577465,124.94408450704226,71.0,0.08,0,142,994,5254,1.0,371,1,1,0,0,1,0,1,0,1,0,0,0,0,1,0,1,0,0,0,0,0,0,1,0,0,0,0,0,0,1,0,0,0,0,0.0
36,3,0,2.5211267605633805,46.1843661971831,116.48549295774647,23.666666666666668,0.21,0,284,3266,2698,1.0,370,1,1,0,0,1,1,0,0,1,0,0,0,1,0,0,0,0,0,0,1,0,1,0,0,0,0,0,0,0,1,0,0,0,0,0.01
36,14,1,2.380281690140845,46.95042253521127,110.74450704225352,5.071428571428571,0.09,213,0,1775,2201,1.0,490,0,1,1,0,0,1,0,0,0,0,1,0,1,0,0,0,0,1,0,0,0,0,0,0,0,1,0,0,0,1,0,0,0,0,0.99
50,4,3,2.647887323943662,48.860281690140845,134.0819718309859,17.75,0.08,142,0,2059,3976,1.0,372,0,1,0,0,1,1,0,0,0,0,1,0,0,1,0,0,0,0,1,0,0,0,0,0,1,0,0,0,0,0,1,0,0,0,0.005
60,5,4,2.436619718309859,51.41183098591549,124.09774647887323,14.2,0.02,71,0,3479,3692,1.0,491,0,1,0,1,0,0,1,0,1,0,0,1,0,0,0,0,0,1,0,0,0,0,0,0,0,0,0,0,1,0,0,0,0,1,1.0
62,6,2,2.8028169014084505,50.71551304933062,131.97728355651225,11.833333333333334,0.344462989141476,149,63,2413,4170,0.6619718309859155,444,0,1,0,0,1,0,1,0,0,1,0,0,1,0,0,0,0,1,0,0,0,0,0,0,0,1,0,0,0,0,0,0,1,0,0.04
26,15,3,2.6527777777777777,49.115,130.5438888888889,4.8,0.09,216,0,1656,2736,1.0,371,1,1,0,0,1,0,0,1,1,0,0,0,0,1,0,1,0,0,0,0,0,0,0,0,0,1,0,0,0,0,0,0,1,0,0.0
55,11,2,2.2916666666666665,48.46527777777778,105.80152777777778,6.545454545454546,0.09,0,72,3600,4896,1.0,492,0,1,1,0,0,0,1,0,0,0,1,0,0,1,0,0,1,0,0,0,0,0,0,0,0,0,0,1,0,0,1,0,0,0,0.995
67,14,2,2.5774647887323945,53.38647887323944,132.54676056338027,5.071428571428571,0.05,142,0,3408,5254,1.0,490,1,1,1,0,0,0,0,1,0,0,1,0,1,0,0,0,0,0,1,0,0,0,1,0,0,0,0,0,0,0,1,0,0,0,0.995
48,5,4,2.5277777777777777,53.30555555555556,135.0584722222222,14.4,0.18,144,0,936,3240,1.0,370,0,1,1,0,0,1,0,0,0,0,1,0,0,1,0,0,0,0,0,1,0,0,0,0,0,1,0,0,0,0,0,0,0,1,0.0
20,9,0,2.6527777777777777,47.86597222222222,127.49722222222223,8.0,0.13,288,0,2448,5328,1.0,372,0,1,1,0,0,0,1,0,1,0,0,1,0,0,0,0,0,0,1,0,0,0,0,1,0,0,0,0,0,0,0,0,1,0,0.0
45,2,4,2.563380281690141,50.44605633802817,128.97760563380282,35.5,11.342879700165357,355,426,497,1491,1.0,370,0,1,1,0,0,1,0,0,0,1,0,0,0,0,1,0,0,0,1,0,0,0,0,0,1,0,0,0,0,0,0,1,0,0,0.0
48,8,0,2.605633802816901,49.86197183098592,128.10845070422536,8.875,0.03,142,0,1988,4118,1.0,374,0,1,1,0,0,0,1,0,0,1,0,1,0,0,0,0,0,0,0,1,0,0,0,0,0,0,0,0,1,0,0,1,0,0,0.0
32,4,3,2.5211267605633805,50.51633802816901,128.2125352112676,17.75,10.883620836964743,213,710,2201,1917,1.0,374,1,1,1,0,0,0,0,1,0,0,1,1,0,0,0,1,0,0,0,0,0,0,0,0,0,1,0,0,0,1,0,0,0,0,0.0
49,6,2,2.4788732394366195,47.68014084507042,117.05704225352112,11.833333333333334,9.366820202264352,497,71,710,2201,1.0,376,1,1,1,0,0,1,0,0,0,0,1,0,0,1,0,0,1,0,0,0,0,0,0,1,0,0,0,0,0,0,0,0,0,1,0.0
38,4,0,2.555555555555556,47.23833333333333,118.21527777777776,18.0,0.16,144,0,3384,2592,1.0,491,1,1,0,1,0,0,0,1,0,0,1,1,0,0,0,0,0,1,0,0,1,0,0,0,0,0,0,0,0,0,1,0,0,0,0.99
27,10,1,2.464788732394366,46.46197183098592,116.77408450704225,7.1,0.22,142,0,1491,2130,1.0,502,0,1,0,1,0,0,0,1,0,1,0,0,1,0,0,0,0,0,1,0,0,1,0,0,0,0,0,0,0,0,1,0,0,0,1.0
42,13,0,2.436619718309859,50.379295774647886,120.97690140845071,5.461538461538462,5.584120139568189,426,355,2130,2130,1.0,372,0,1,0,1,0,0,1,0,0,1,0,0,0,0,1,0,0,1,0,0,1,0,0,0,0,0,0,0,0,1,0,0,0,0,0.0
34,8,4,2.6666666666666665,51.43972222222222,137.00819444444446,9.0,9.187651188921814,360,144,1296,1728,1.0,371,0,1,1,0,0,1,0,0,0,0,1,0,0,1,0,0,0,0,0,1,0,0,0,0,0,0,1,0,0,1,0,0,0,0,0.0
41,10,4,2.5416666666666665,47.79083333333333,120.79472222222222,7.199999999999999,0.25,0,288,1008,1584,1.0,371,0,1,0,1,0,1,0,0,0,1,0,1,0,0,0,0,0,0,0,1,1,0,0,0,0,0,0,0,0,0,0,1,0,0,0.0
20,2,1,2.5211267605633805,49.6056338028169,120.44633802816902,35.5,0.09,355,0,2627,3408,1.0,373,0,1,0,0,1,0,1,0,0,0,1,0,0,1,0,0,0,0,0,1,0,0,0,0,0,0,0,1,0,0,1,0,0,0,0.0
37,7,4,2.732394366197183,49.7274647887324,132.60549295774646,10.142857142857142,0.07,0,71,710,5112,1.0,491,0,1,0,0,1,0,1,0,0,1,0,0,0,1,0,0,0,1,0,0,0,0,0,0,1,0,0,0,0,0,0,1,0,0,0.965
48,10,1,2.4788732394366195,50.11070422535212,125.9450704225352,7.1,0.2,0,213,3550,4686,1.0,370,0,1,0,1,0,0,1,0,0,1,0,0,0,1,0,0,0,0,0,1,0,0,1,0,0,0,0,0,0,0,0,0,1,0,0.0
34,15,2,2.6619718309859155,47.638591549295775,129.2856338028169,4.733333333333333,0.07,284,0,1846,1917,1.0,516,1,1,0,1,0,0,1,0,0,0,1,1,0,0,0,0,1,0,0,0,0,1,0,0,0,0,0,0,0,1,0,0,0,0,1.0
37,8,4,2.7916666666666665,48.42652777777778,135.07236111111112,9.0,0.18,216,0,3528,2952,1.0,374,0,1,1,0,0,1,0,0,1,0,0,0,0,0,1,0,0,1,0,0,0,0,0,0,0,0,1,0,0,0,0,0,0,1,0.005
64,1,3,2.3661971830985915,54.83732394366197,124.26197183098591,71.0,0.06,0,142,1562,1562,1.0,371,0,1,0,1,0,0,1,0,0,1,0,0,0,0,1,0,0,1,0,0,0,0,0,0,0,0,0,1,0,0,0,0,1,0,0.015
52,12,4,2.267605633802817,48.41492957746479,108.62647887323944,5.916666666666667,0.2,355,0,426,7171,1.0,492,0,1,0,0,1,1,0,0,1,0,0,0,0,0,1,0,0,0,0,1,0,0,0,0,0,1,0,0,0,1,0,0,0,0,0.98
43,9,0,2.619718309859155,50.59323943661972,135.4125352112676,7.888888888888888,12.012002113235292,213,497,2343,4970,1.0,372,0,1,0,1,0,0,1,0,0,0,1,0,0,0,1,1,0,0,0,0,0,0,0,0,1,0,0,0,0,0,0,0,0,1,0.0
27,7,1,3.0,48.01564348609873,144.27227288769043,10.142857142857142,0.240660025772225,163,66,2626,2341,0.6619718309859155,567,1,1,0,1,0,1,0,0,1,0,0,0,0,0,1,1,0,0,0,0,1,0,0,0,0,0,0,0,0,0,1,0,0,0,0.09
57,9,3,2.535211267605634,49.4925352112676,127.87746478873238,7.888888888888888,0.08,142,0,1420,2414,1.0,494,1,1,0,0,1,0,0,1,0,0,1,0,0,1,0,1,0,0,0,0,0,0,0,0,1,0,0,0,0,1,0,0,0,0,0.985
35,2,3,2.492957746478873,53.2043661971831,128.5787323943662,35.5,0.25,142,0,710,2982,1.0,518,0,1,0,1,0,0,1,0,0,1,0,0,0,1,0,0,0,0,0,1,0,0,0,0,0,1,0,0,0,0,0,0,0,1,0.975
43,12,2,2.4722222222222223,55.09833333333333,141.27666666666667,6.0,0.12,216,0,3096,2664,1.0,495,1,1,0,1,0,0,1,0,1,0,0,0,0,1,0,0,0,0,0,1,0,0,1,0,0,0,0,0,0,1,0,0,0,0,0.985
54,13,0,2.4722222222222223,50.68944444444444,125.57458333333336,5.538461538461538,0.29,360,0,3456,4464,1.0,374,0,1,1,0,0,0,0,1,0,1,0,0,1,0,0,0,0,0,1,0,0,0,0,0,1,0,0,0,0,0,0,0,0,1,0.0
68,5,1,2.736111111111111,50.48486111111111,136.43166666666667,14.4,0.14,144,0,2448,3168,1.0,490,1,1,0,1,0,1,0,0,0,1,0,0,0,1,0,0,0,1,0,0,0,0,0,1,0,0,0,0,0,0,0,0,1,0,1.0
40,11,2,2.8194444444444446,54.1150758366941,151.56945722894375,6.545454545454546,0.2713583219605682,148,56,1295,3441,0.7222222222222222,744,1,1,0,0,1,1,0,0,0,0,1,0,1,0,0,1,0,0,0,0,0,0,1,0,0,0,0,0,0,0,1,0,0,0,0.145
33,12,1,2.361111111111111,55.802083333333336,129.45319444444442,6.0,0.09,0,144,2952,4536,1.0,373,1,1,1,0,0,0,1,0,1,0,0,1,0,0,0,0,0,0,1,0,0,1,0,0,0,0,0,0,0,1,0,0,0,0,0.015
20,1,1,2.5211267605633805,51.648309859154935,128.6850704225352,71.0,0.22,284,0,3550,4615,1.0,370,1,1,0,0,1,0,1,0,0,0,1,0,1,0,0,1,0,0,0,0,0,0,0,0,0,0,0,0,1,0,0,0,0,1,0.0
42,15,0,2.9027777777777777,49.71473632677893,148.12270941167242,4.8,0.3434670454462151,138,81,3311,3444,0.6388888888888888,827,1,1,1,0,0,1,0,0,0,1,0,1,0,0,0,1,0,0,0,0,0,1,0,0,0,0,0,0,0,0,1,0,0,0,0.105
21,1,2,2.513888888888889,51.958194444444445,128.5813888888889,72.0,0.02,0,72,2592,1728,1.0,375,0,1,1,0,0,0,0,1,1,0,0,0,0,1,0,1,0,0,0,0,0,0,0,0,1,0,0,0,0,0,0,0,1,0,0.0
40,8,3,2.958333333333333,50.1818743297239,150.6976375483367,9.0,0.3404568525405407,130,86,1007,5107,0.6111111111111112,781,1,1,1,0,0,1,0,0,0,0,1,0,1,0,0,0,0,1,0,0,0,0,0,0,0,1,0,0,0,0,0,0,0,0,0.045
61,8,1,2.5492957746478875,47.74464788732394,121.51140845070422,8.875,0.17,355,0,2769,1917,1.0,498,1,1,0,0,1,0,1,0,0,1,0,0,0,1,0,0,1,0,0,0,0,0,0,0,0,0,0,0,1,0,0,1,0,0,0.995
50,6,4,2.6944444444444446,49.38013888888889,135.4559722222222,12.0,0.04,216,0,1728,3528,1.0,370,1,1,0,0,1,1,0,0,1,0,0,0,1,0,0,0,0,1,0,0,1,0,0,0,0,0,0,0,0,0,0,1,0,0,0.01
56,10,2,2.4444444444444446,50.98930555555555,125.2875,7.199999999999999,0.28,0,216,3384,2088,1.0,490,0,1,0,1,0,0,0,1,0,0,1,0,0,0,1,1,0,0,0,0,0,0,0,0,0,0,0,0,1,0,1,0,0,0,1.0
44,9,1,2.611111111111111,51.54152777777777,133.22361111111113,8.0,0.08,432,0,1584,4320,1.0,372,0,1,0,1,0,1,0,0,0,0,1,0,1,0,0,0,1,0,0,0,0,0,0,0,1,0,0,0,0,0,1,0,0,0,0.005
50,7,1,2.875,53.29557071179001,153.87686618049338,10.285714285714286,0.2508261826922121,141,64,3455,923,0.5833333333333334,614,0,1,0,0,1,0,0,1,0,1,0,1,0,0,0,0,1,0,0,0,0,1,0,0,0,0,0,0,0,0,0,0,0,0,0.775
36,14,0,2.430555555555556,52.88166666666667,126.67833333333334,5.142857142857143,12.27544002550685,360,648,576,1872,1.0,370,0,1,0,0,1,0,0,1,0,0,1,0,1,0,0,0,0,1,0,0,0,0,0,1,0,0,0,0,0,1,0,0,0,0,0.0
65,2,1,2.4444444444444446,49.12430555555555,119.95013888888889,36.0,0.23,0,288,1800,6624,1.0,370,0,1,0,0,1,1,0,0,1,0,0,0,0,0,1,0,0,1,0,0,0,0,0,1,0,0,0,0,0,0,1,0,0,0,0.02
23,5,0,2.647887323943662,50.644366197183096,134.58422535211267,14.2,10.441826594846464,142,710,1988,1207,1.0,375,0,1,0,0,1,1,0,0,1,0,0,0,1,0,0,0,0,0,0,1,0,0,0,0,1,0,0,0,0,0,0,0,0,1,0.0
70,1,1,2.619718309859155,47.4443661971831,123.4612676056338,71.0,0.02,0,213,639,6532,1.0,375,1,1,0,0,1,0,0,1,1,0,0,0,0,0,1,1,0,0,0,0,0,0,0,0,0,0,0,0,1,1,0,0,0,0,0.0
70,1,2,2.583333333333333,50.37791666666666,131.89833333333334,72.0,0.19,432,0,1656,4608,1.0,372,0,1,1,0,0,1,0,0,1,0,0,0,0,1,0,0,0,1,0,0,0,0,0,0,0,0,1,0,0,0,0,0,0,1,0.01
32,10,4,2.5694444444444446,55.33861111111111,144.80541666666667,7.199999999999999,0.14,0,216,1656,4968,1.0,491,1,1,0,1,0,0,1,0,0,0,1,1,0,0,0,0,0,0,1,0,1,0,0,0,0,0,0,0,0,0,0,0,1,0,0.975
36,3,0,2.563380281690141,45.71718309859155,114.42295774647889,23.666666666666668,0.21,0,284,3266,2698,1.0,372,1,1,0,0,1,1,0,0,1,0,0,0,1,0,0,0,0,0,0,1,0,0,0,0,0,0,0,0,1,1,0,0,0,0,0.0
19,10,4,2.6338028169014085,51.39929577464789,138.06408450704225,7.1,0.22,0,284,639,5467,1.0,372,1,1,1,0,0,0,0,1,1,0,0,0,0,0,1,1,0,0,0,0,0,1,0,0,0,0,0,0,0,0,0,1,0,0,0.0
19,10,4,2.408450704225352,46.97408450704225,111.98098591549297,7.1,0.22,0,284,639,5467,1.0,371,1,1,1,0,0,0,0,1,1,0,0,0,0,0,1,1,0,0,0,0,1,0,0,0,0,0,0,0,0,0,0,0,0,1,0.005
40,3,0,3.2222222222222223,56.255591299492735,186.6053850095893,24.0,0.3309865544419968,170,74,503,4117,0.5972222222222222,800,1,1,0,0,1,1,0,0,0,1,0,0,0,0,1,0,1,0,0,0,1,0,0,0,0,0,0,0,0,0,0,0,0,0,0.12
49,14,1,2.6901408450704225,51.74633802816902,136.65154929577466,5.071428571428571,0.15,284,0,1491,7242,1.0,505,1,1,0,0,1,1,0,0,0,0,1,0,0,0,1,0,0,1,0,0,1,0,0,0,0,0,0,0,0,1,0,0,0,0,1.0
38,15,4,2.430555555555556,48.46194444444444,114.8247222222222,4.8,0.19,72,0,3384,2304,1.0,492,0,1,0,0,1,1,0,0,0,1,0,0,1,0,0,0,1,0,0,0,1,0,0,0,0,0,0,0,0,0,0,0,0,1,0.985
62,5,2,2.5694444444444446,48.84458333333333,123.28055555555557,14.4,0.29,72,0,3384,6696,1.0,494,0,1,1,0,0,0,1,0,0,1,0,0,1,0,0,0,0,0,0,1,0,0,0,1,0,0,0,0,0,0,1,0,0,0,0.98
39,14,4,2.5416666666666665,53.09166666666667,134.90847222222223,5.142857142857143,0.08,144,0,1152,6624,1.0,491,0,1,0,0,1,1,0,0,0,0,1,0,0,0,1,0,1,0,0,0,0,0,1,0,0,0,0,0,0,0,0,0,1,0,0.995
47,9,2,2.5972222222222223,52.10208333333333,133.85597222222222,8.0,0.09,144,0,936,1584,1.0,377,1,1,0,1,0,1,0,0,1,0,0,1,0,0,0,0,1,0,0,0,0,0,1,0,0,0,0,0,0,0,1,0,0,0,0.015
43,6,1,2.6338028169014085,51.87366197183098,138.94140845070422,11.833333333333334,0.11,142,0,2414,5396,1.0,377,1,1,0,0,1,1,0,0,0,1,0,0,1,0,0,0,0,0,1,0,0,0,1,0,0,0,0,0,0,1,0,0,0,0,0.005
47,3,4,2.563380281690141,50.628169014084506,131.11154929577464,23.666666666666668,0.06,284,0,639,1775,1.0,493,0,1,0,1,0,1,0,0,1,0,0,0,0,0,1,0,1,0,0,0,0,0,0,0,0,0,0,0,1,0,0,0,0,1,1.0
45,6,4,2.458333333333333,50.02375,123.73013888888887,12.0,10.205508242254684,0,504,1800,5472,1.0,372,1,1,0,1,0,1,0,0,0,0,1,0,0,0,1,0,0,1,0,0,0,0,0,0,0,0,1,0,0,0,0,0,0,1,0.0
68,1,4,2.375,52.14388888888889,120.05833333333334,72.0,0.21,288,0,3168,6480,1.0,490,1,1,0,1,0,0,1,0,0,1,0,1,0,0,0,0,0,0,0,1,0,0,0,1,0,0,0,0,0,1,0,0,0,0,1.0
41,11,4,2.3943661971830985,51.52295774647887,121.83056338028167,6.454545454545454,0.26,71,0,2130,6248,1.0,372,1,1,0,0,1,1,0,0,0,1,0,0,0,1,0,0,0,0,1,0,0,1,0,0,0,0,0,0,0,0,1,0,0,0,0.03
39,13,0,2.583333333333333,50.78263888888889,133.55847222222224,5.538461538461538,0.08,144,0,1368,1800,1.0,376,0,1,0,0,1,0,1,0,1,0,0,1,0,0,0,0,1,0,0,0,0,0,0,0,0,0,1,0,0,0,0,1,0,0,0.005
65,15,3,2.380281690140845,48.85929577464789,117.59098591549296,4.733333333333333,0.15,142,0,1207,3834,1.0,490,1,1,1,0,0,1,0,0,0,1,0,0,1,0,0,0,0,0,1,0,0,0,0,0,1,0,0,0,0,0,0,0,0,1,0.99
45,2,4,2.4027777777777777,45.9675,107.98777777777778,36.0,11.342879700165357,360,432,504,1512,1.0,381,0,1,1,0,0,1,0,0,0,1,0,0,0,0,1,0,0,0,1,0,0,0,0,0,1,0,0,0,0,0,0,1,0,0,0.0
47,10,0,2.486111111111111,51.62708333333333,128.3951388888889,7.199999999999999,0.21,72,0,1512,1008,1.0,380,1,1,0,1,0,0,1,0,0,0,1,1,0,0,0,0,1,0,0,0,0,1,0,0,0,0,0,0,0,0,0,1,0,0,0.01
69,10,2,2.513888888888889,51.98777777777778,125.24375,7.199999999999999,11.988521437096658,288,720,1080,2952,1.0,383,0,1,0,0,1,0,0,1,1,0,0,1,0,0,0,0,0,0,0,1,0,0,1,0,0,0,0,0,0,1,0,0,0,0,0.0
69,10,2,2.563380281690141,47.573802816901406,120.11718309859154,7.1,11.988521437096658,284,710,1065,2911,1.0,373,0,1,0,0,1,0,0,1,1,0,0,1,0,0,0,0,0,0,0,1,0,0,0,1,0,0,0,0,0,0,1,0,0,0,0.0
28,5,1,2.2777777777777777,53.21513888888889,120.06097222222222,14.4,14.89490852814388,360,216,2016,5976,1.0,371,1,1,0,0,1,0,1,0,0,0,1,0,0,0,1,0,0,0,1,0,0,0,0,0,0,0,0,1,0,0,1,0,0,0,0.005
40,7,2,2.3943661971830985,51.972535211267605,124.77352112676056,10.142857142857142,0.09,71,0,3337,3337,1.0,370,1,1,1,0,0,1,0,0,1,0,0,0,1,0,0,0,0,1,0,0,0,0,0,0,0,0,0,0,1,0,0,0,0,1,0.0
66,15,4,2.5277777777777777,51.93472222222223,131.04847222222222,4.8,11.526385894687447,720,360,1008,4104,1.0,377,1,1,1,0,0,1,0,0,1,0,0,0,0,0,1,0,0,1,0,0,0,0,0,0,0,0,0,1,0,0,0,0,1,0,0.0
59,1,3,2.23943661971831,53.02887323943662,125.0976056338028,71.0,0.02,71,0,2840,1420,1.0,372,1,1,1,0,0,0,0,1,1,0,0,0,0,1,0,1,0,0,0,0,0,0,0,0,0,0,0,1,0,1,0,0,0,0,0.0
57,11,2,2.422535211267605,49.86535211267606,118.07760563380282,6.454545454545454,9.012593227967535,426,142,3337,6390,1.0,373,1,1,0,0,1,0,0,1,0,0,1,0,0,0,1,0,1,0,0,0,0,0,0,0,0,1,0,0,0,0,0,0,0,1,0.0
35,13,1,2.436619718309859,45.09225352112677,109.4143661971831,5.461538461538462,6.712163297969944,355,284,2485,3124,1.0,375,1,1,0,1,0,0,1,0,1,0,0,1,0,0,0,0,0,0,1,0,0,1,0,0,0,0,0,0,0,0,0,0,0,1,0.02
26,5,3,2.676056338028169,51.16,136.60014084507043,14.2,0.29,0,142,2059,1633,1.0,508,0,1,1,0,0,0,0,1,0,1,0,0,1,0,0,0,0,0,0,1,0,0,0,0,0,0,0,0,1,0,0,0,1,0,0.985
60,10,3,2.5277777777777777,55.11138888888889,138.89722222222224,7.199999999999999,0.18,360,0,3024,2448,1.0,497,0,1,0,1,0,0,0,1,1,0,0,0,0,1,0,0,0,1,0,0,0,0,1,0,0,0,0,0,0,0,0,1,0,0,0.99
37,1,4,2.492957746478873,52.83154929577465,132.13028169014083,71.0,8.974730559275262,710,568,2982,3124,1.0,375,0,1,0,0,1,0,0,1,0,0,1,1,0,0,0,1,0,0,0,0,0,0,0,0,0,0,1,0,0,0,1,0,0,0,0.0
35,12,3,2.486111111111111,52.63013888888889,130.31791666666666,6.0,0.03,0,216,3384,5544,1.0,499,1,1,0,1,0,1,0,0,0,1,0,1,0,0,0,0,1,0,0,0,0,0,0,0,0,0,0,1,0,0,0,1,0,0,1.0
46,12,4,2.5492957746478875,49.33197183098592,127.85718309859156,5.916666666666667,0.07,0,284,2627,2698,1.0,501,0,1,0,0,1,1,0,0,1,0,0,1,0,0,0,0,0,1,0,0,0,0,0,0,1,0,0,0,0,0,0,1,0,0,0.99
21,10,2,2.4444444444444446,48.99319444444444,118.19583333333334,7.199999999999999,0.11,0,360,1008,6192,1.0,377,0,1,1,0,0,1,0,0,1,0,0,0,1,0,0,0,1,0,0,0,0,0,0,0,0,1,0,0,0,1,0,0,0,0,0.005
58,1,1,2.211267605633803,52.02098591549296,118.79830985915494,71.0,0.03,0,355,1562,4899,1.0,491,1,1,1,0,0,0,1,0,1,0,0,0,0,1,0,1,0,0,0,0,0,0,0,0,0,0,0,0,1,1,0,0,0,0,0.97
23,3,4,2.408450704225352,53.24098591549296,128.96830985915494,23.666666666666668,0.08,0,142,2059,6461,1.0,495,1,1,1,0,0,1,0,0,0,0,1,0,1,0,0,0,0,0,0,1,0,0,0,0,0,0,1,0,0,1,0,0,0,0,0.98
38,8,2,2.5277777777777777,48.64430555555556,124.93333333333334,9.0,11.0820626280203,216,504,360,1224,1.0,371,0,1,1,0,0,1,0,0,1,0,0,0,0,1,0,0,0,1,0,0,0,0,0,0,0,0,0,0,1,0,0,1,0,0,0.0
66,4,2,2.6944444444444446,51.65375,135.9561111111111,18.0,0.21,0,360,2808,6624,1.0,379,0,1,0,0,1,1,0,0,0,0,1,0,0,0,1,0,0,0,1,0,0,0,0,1,0,0,0,0,0,1,0,0,0,0,0.0
40,2,0,2.4507042253521125,51.59676056338028,124.53816901408447,35.5,0.08,142,0,1278,5964,1.0,375,0,1,0,1,0,1,0,0,0,0,1,0,0,1,0,0,0,0,0,1,0,0,0,0,1,0,0,0,0,0,0,0,1,0,0.005
25,9,2,2.486111111111111,50.28541666666667,128.5948611111111,8.0,0.02,144,0,2664,1584,1.0,373,0,1,0,1,0,1,0,0,0,1,0,0,0,0,1,1,0,0,0,0,0,0,0,0,0,0,0,0,1,0,0,1,0,0,0.0
51,9,2,2.4444444444444446,53.01583333333333,130.53833333333333,8.0,0.14,216,0,1944,1296,1.0,372,0,1,0,0,1,0,0,1,1,0,0,0,0,0,1,1,0,0,0,0,0,0,0,0,1,0,0,0,0,0,0,1,0,0,0.015
19,8,2,2.7222222222222223,52.39611111111111,141.65930555555553,9.0,0.29,72,0,1944,1512,1.0,370,1,1,1,0,0,0,0,1,0,0,1,0,0,1,0,0,0,0,0,1,0,1,0,0,0,0,0,0,0,0,0,0,0,1,0.0
68,3,2,2.76056338028169,51.653661971830985,140.93422535211266,23.666666666666668,0.18,0,213,2485,5254,1.0,496,1,1,0,1,0,1,0,0,0,0,1,0,0,1,0,0,0,1,0,0,0,1,0,0,0,0,0,0,0,0,0,0,1,0,0.98
50,13,0,2.492957746478873,49.64605633802817,119.49084507042254,5.461538461538462,0.03,284,0,568,5893,1.0,376,0,1,0,0,1,0,0,1,0,0,1,1,0,0,0,0,0,0,1,0,0,1,0,0,0,0,0,0,0,0,0,1,0,0,0.0
26,4,4,2.5277777777777777,51.05916666666666,133.51666666666668,18.0,0.21,144,0,1872,5112,1.0,508,1,1,0,0,1,1,0,0,1,0,0,0,0,1,0,0,0,0,0,1,0,0,0,0,0,1,0,0,0,0,0,0,0,1,0.99
37,13,0,2.5492957746478875,55.38211267605634,140.9001408450704,5.461538461538462,13.203249225295048,710,355,1420,1846,1.0,371,1,1,0,0,1,0,0,1,0,0,1,0,0,1,0,0,0,1,0,0,0,0,0,0,0,0,0,1,0,0,1,0,0,0,0.0
36,14,2,2.513888888888889,52.55083333333333,130.5501388888889,5.142857142857143,11.44651528717226,72,720,1440,5760,1.0,384,1,1,1,0,0,0,0,1,0,0,1,0,0,1,0,1,0,0,0,0,1,0,0,0,0,0,0,0,0,0,0,0,0,1,0.005
30,4,0,2.361111111111111,51.52194444444444,120.31847222222224,18.0,0.18,288,0,3024,2520,1.0,491,1,1,0,1,0,0,1,0,0,1,0,0,1,0,0,0,0,0,1,0,0,1,0,0,0,0,0,0,0,0,0,0,1,0,0.985
32,2,1,2.5416666666666665,50.40513888888889,126.76722222222222,36.0,0.13,432,0,3384,5400,1.0,374,0,1,0,0,1,0,0,1,0,1,0,0,0,1,0,0,1,0,0,0,1,0,0,0,0,0,0,0,0,0,0,1,0,0,0.005
32,5,3,2.5211267605633805,51.294788732394366,130.08535211267605,14.2,0.23,213,0,1633,923,1.0,377,0,1,0,0,1,1,0,0,1,0,0,0,1,0,0,0,1,0,0,0,0,1,0,0,0,0,0,0,0,0,1,0,0,0,0.0
66,10,0,2.5277777777777777,50.778055555555554,127.65666666666668,7.199999999999999,0.14,0,360,1800,1440,1.0,371,0,1,0,0,1,0,1,0,0,1,0,0,0,0,1,0,0,0,0,1,0,0,1,0,0,0,0,0,0,0,0,0,0,1,0.015
32,12,2,2.5211267605633805,53.27267605633803,131.99661971830986,5.916666666666667,0.11,0,213,2698,2414,1.0,371,0,1,1,0,0,0,0,1,0,0,1,0,0,0,1,0,0,1,0,0,0,0,1,0,0,0,0,0,0,0,0,0,0,1,0.01
40,8,3,2.5211267605633805,54.93929577464789,134.7474647887324,8.875,12.152893382918927,213,142,923,4828,1.0,370,1,1,1,0,0,1,0,0,0,0,1,0,1,0,0,0,0,1,0,0,0,0,0,0,0,0,0,0,1,1,0,0,0,0,0.0
40,3,0,2.605633802816901,44.31084507042254,112.60169014084508,23.666666666666668,13.281031919823771,639,426,426,3834,1.0,370,1,1,0,0,1,1,0,0,0,1,0,0,0,0,1,0,1,0,0,0,0,0,0,0,0,1,0,0,0,0,0,1,0,0,0.0
55,11,2,2.5277777777777777,48.38736111111111,123.80458333333334,6.545454545454546,0.09,0,72,3600,4896,1.0,493,0,1,1,0,0,0,1,0,0,0,1,0,0,1,0,0,1,0,0,0,0,0,0,0,0,0,0,0,1,0,0,0,1,0,0.99
50,7,3,2.5416666666666665,47.66736111111111,120.63430555555556,10.285714285714286,0.03,144,0,2808,6264,1.0,374,1,1,1,0,0,0,1,0,0,0,1,0,0,1,0,0,0,0,0,1,0,0,0,0,0,0,0,0,1,0,0,0,0,1,0.005
31,2,0,2.611111111111111,49.04708333333333,127.1675,36.0,10.871398822095117,0,0,648,792,1.0,377,1,1,1,0,0,0,0,1,0,0,1,0,0,0,1,0,0,1,0,0,0,0,1,0,0,0,0,0,0,1,0,0,0,0,0.0
59,1,2,2.436619718309859,53.25098591549296,129.36084507042256,71.0,0.1,0,71,1704,5396,1.0,373,1,1,0,0,1,0,1,0,0,0,1,0,0,0,1,0,0,0,0,1,0,0,0,0,0,0,0,0,1,0,0,0,0,1,0.0
32,12,2,3.0704225352112675,48.16248868475386,146.78305206503555,5.916666666666667,0.3013787163447232,126,99,2697,2418,0.6338028169014085,485,0,1,1,0,0,0,0,1,0,0,1,0,0,0,1,0,0,1,0,0,0,0,0,0,0,1,0,0,0,0,1,0,0,0,0.125
22,15,4,2.676056338028169,52.83915492957746,142.46971830985916,4.733333333333333,0.04,142,0,3479,2627,1.0,384,1,1,1,0,0,1,0,0,1,0,0,0,0,0,1,0,0,0,0,1,0,0,0,0,0,0,0,0,1,0,1,0,0,0,0.005
57,11,2,2.5774647887323945,49.29943661971831,128.31802816901407,6.454545454545454,9.012593227967535,426,142,3337,6390,1.0,374,1,1,0,0,1,0,0,1,0,0,1,0,0,0,1,0,1,0,0,0,0,0,0,0,0,1,0,0,0,1,0,0,0,0,0.0
20,1,1,2.2777777777777777,54.26208333333333,125.3601388888889,72.0,0.22,288,0,3600,4680,1.0,379,1,1,0,0,1,0,1,0,0,0,1,0,1,0,0,1,0,0,0,0,0,0,0,0,1,0,0,0,0,1,0,0,0,0,0.0
70,1,0,2.619718309859155,48.28704225352113,124.08774647887324,71.0,0.03,0,71,1491,1633,1.0,375,1,1,0,0,1,0,0,1,1,0,0,0,0,1,0,0,0,0,0,1,0,0,0,1,0,0,0,0,0,0,0,0,0,1,0.005
27,4,1,2.8028169014084505,50.75211969901221,138.43057040323754,17.75,0.271389958384823,154,61,1490,5736,0.5352112676056338,469,0,1,1,0,0,0,1,0,0,0,1,0,0,1,0,0,0,1,0,0,0,0,0,0,0,1,0,0,0,0,0,0,0,0,0.07
26,10,2,2.583333333333333,47.08111111111111,123.1426388888889,7.199999999999999,0.11,288,0,1656,3312,1.0,501,0,1,0,0,1,1,0,0,0,0,1,0,1,0,0,0,0,0,1,0,0,0,0,0,0,1,0,0,0,0,1,0,0,0,1.0
64,13,3,2.5,54.14541666666667,133.12375,5.538461538461538,0.29,288,0,648,4824,1.0,508,1,1,0,1,0,0,1,0,0,0,1,0,1,0,0,0,1,0,0,0,0,0,0,1,0,0,0,0,0,0,0,0,1,0,0.995
57,12,3,2.4444444444444446,50.0025,124.25083333333332,6.0,0.01,216,0,2304,7272,1.0,373,0,1,1,0,0,0,1,0,0,0,1,1,0,0,0,1,0,0,0,0,0,0,0,0,1,0,0,0,0,0,1,0,0,0,0.0
25,10,3,2.4722222222222223,46.40166666666667,115.84680555555556,7.199999999999999,0.06,216,0,3096,3240,1.0,376,1,1,0,0,1,0,0,1,1,0,0,0,0,1,0,0,1,0,0,0,0,0,1,0,0,0,0,0,0,0,0,0,0,1,0.005
34,10,4,2.486111111111111,48.37166666666667,122.0184722222222,7.199999999999999,13.629738377996562,288,72,2016,1224,1.0,375,1,1,0,1,0,1,0,0,0,0,1,1,0,0,0,0,0,1,0,0,0,0,0,0,0,0,1,0,0,0,0,0,1,0,0.01
49,2,0,3.0694444444444446,49.53821384331807,153.43327203993897,36.0,0.3399717224030981,167,67,2807,2161,0.6527777777777778,598,1,1,0,0,1,0,0,1,1,0,0,1,0,0,0,1,0,0,0,0,1,0,0,0,0,0,0,0,0,0,0,0,0,0,0.09
28,5,4,2.3380281690140845,48.430422535211264,115.69338028169014,14.2,0.1,284,0,2414,5680,1.0,491,0,1,1,0,0,0,1,0,1,0,0,0,1,0,0,0,0,1,0,0,0,1,0,0,0,0,0,0,0,0,0,1,0,0,0.98
66,9,1,2.4444444444444446,50.61972222222222,120.30361111111112,8.0,10.413407293275291,576,432,2160,1800,1.0,381,0,1,1,0,0,1,0,0,1,0,0,1,0,0,0,0,0,0,1,0,0,0,0,0,1,0,0,0,0,0,0,0,1,0,0.0
66,1,2,2.422535211267605,46.41309859154929,110.99169014084508,71.0,0.08,0,142,994,5254,1.0,372,1,1,0,0,1,0,1,0,1,0,0,0,0,1,0,1,0,0,0,0,0,0,0,0,0,0,0,0,1,1,0,0,0,0,0.01
21,3,4,2.464788732394366,50.72056338028169,121.42225352112676,23.666666666666668,0.14,0,213,2059,2343,1.0,370,0,1,0,0,1,0,1,0,0,0,1,0,0,1,0,0,0,1,0,0,0,0,0,0,0,0,0,1,0,0,0,0,1,0,0.005
31,9,1,2.4166666666666665,54.047222222222224,127.17041666666668,8.0,0.09,144,0,3096,7272,1.0,371,1,1,0,0,1,0,1,0,1,0,0,0,1,0,0,1,0,0,0,0,0,0,0,0,0,0,0,1,0,0,0,1,0,0,0.005
28,9,4,2.513888888888889,49.47,125.935,8.0,10.421933068635122,720,360,2232,2304,1.0,372,1,1,0,1,0,1,0,0,0,1,0,0,0,1,0,0,0,1,0,0,0,0,0,1,0,0,0,0,0,0,0,0,1,0,0.0
33,7,4,2.2916666666666665,55.73097222222222,131.7525,10.285714285714286,0.29,72,0,2160,2376,1.0,372,0,1,0,0,1,0,1,0,1,0,0,0,0,0,1,0,0,0,1,0,0,1,0,0,0,0,0,0,0,0,1,0,0,0,0.02
25,6,4,2.647887323943662,49.02845070422535,128.74788732394367,11.833333333333334,0.11,142,0,1988,1207,1.0,502,0,1,1,0,0,0,1,0,0,1,0,0,0,1,0,0,0,0,1,0,0,1,0,0,0,0,0,0,0,0,0,0,0,1,0.985
55,6,4,2.305555555555556,55.64055555555555,129.34472222222223,12.0,14.850350359363468,216,288,3528,4176,1.0,373,0,1,1,0,0,0,0,1,0,0,1,0,0,0,1,0,0,0,0,1,1,0,0,0,0,0,0,0,0,1,0,0,0,0,0.0
60,4,4,2.5492957746478875,50.50633802816901,130.68971830985916,17.75,0.02,0,213,1136,1775,1.0,371,0,1,0,1,0,0,1,0,1,0,0,0,0,1,0,0,0,0,0,1,1,0,0,0,0,0,0,0,0,1,0,0,0,0,0.0
61,11,4,3.125,48.40167633348036,147.979760889477,6.545454545454546,0.3129621033963321,167,61,3167,7349,0.6666666666666666,815,0,1,0,1,0,1,0,0,1,0,0,0,0,1,0,0,0,0,1,0,0,0,1,0,0,0,0,0,0,0,1,0,0,0,0.14
65,15,3,2.583333333333333,51.125,128.13319444444446,4.8,0.15,144,0,1224,3888,1.0,496,1,1,1,0,0,1,0,0,0,1,0,0,1,0,0,0,0,0,1,0,0,0,0,0,0,0,0,0,1,1,0,0,0,0,1.0
25,1,2,2.958333333333333,52.46791525982285,152.72388466835744,72.0,0.3415685305613213,152,70,3095,2586,0.5694444444444444,828,0,1,0,1,0,1,0,0,0,0,1,0,1,0,0,0,1,0,0,0,1,0,0,0,0,0,0,0,0,0,0,0,0,0,0.075
27,6,2,2.5277777777777777,53.15875,131.86833333333334,12.0,0.14,0,72,1872,6264,1.0,375,0,1,0,0,1,0,0,1,1,0,0,0,1,0,0,0,0,1,0,0,0,0,0,0,0,0,0,1,0,0,1,0,0,0,0.0
42,13,0,2.361111111111111,53.30638888888889,125.33180555555556,5.538461538461538,5.584120139568189,432,360,2160,2160,1.0,372,0,1,0,1,0,0,1,0,0,1,0,0,0,0,1,0,0,1,0,0,0,0,0,0,0,1,0,0,0,1,0,0,0,0,0.005
22,14,2,2.513888888888889,50.545,127.77166666666666,5.142857142857143,13.0802703786225,72,720,3384,2592,1.0,388,1,1,0,0,1,0,0,1,0,1,0,0,0,1,0,0,0,1,0,0,0,0,0,0,1,0,0,0,0,0,0,0,1,0,0.005
29,2,3,2.5492957746478875,47.79183098591549,126.93718309859152,35.5,11.112086948137222,568,426,1633,4544,1.0,373,1,1,1,0,0,1,0,0,0,0,1,0,1,0,0,0,0,1,0,0,0,1,0,0,0,0,0,0,0,0,0,0,1,0,0.0
58,9,2,2.638888888888889,49.68875,131.23930555555555,8.0,14.39511629107515,360,360,3312,1872,1.0,374,0,1,0,0,1,1,0,0,0,1,0,0,0,0,1,0,0,0,0,1,0,0,0,0,0,0,1,0,0,0,1,0,0,0,0.0
70,1,2,2.507042253521127,48.63225352112676,121.80704225352112,71.0,0.19,426,0,1633,4544,1.0,386,0,1,1,0,0,1,0,0,1,0,0,0,0,1,0,0,0,1,0,0,1,0,0,0,0,0,0,0,0,0,0,1,0,0,0.0
25,10,1,2.4166666666666665,52.57083333333333,126.90777777777778,7.199999999999999,0.09,216,0,2448,6552,1.0,376,1,1,1,0,0,1,0,0,0,1,0,1,0,0,0,0,0,0,1,0,0,1,0,0,0,0,0,0,0,0,0,0,1,0,0.0
62,1,3,2.486111111111111,47.08097222222222,122.52472222222224,72.0,0.01,144,0,432,4104,1.0,372,1,1,0,0,1,0,0,1,0,0,1,0,0,0,1,0,1,0,0,0,1,0,0,0,0,0,0,0,0,1,0,0,0,0,0.005
66,10,0,2.492957746478873,51.07408450704226,129.8123943661972,7.1,0.14,0,355,1775,1420,1.0,373,0,1,0,0,1,0,1,0,0,1,0,0,0,0,1,0,0,0,0,1,1,0,0,0,0,0,0,0,0,1,0,0,0,0,0.005
34,8,4,2.805555555555556,49.27347222222223,138.57194444444443,9.0,9.187651188921814,360,144,1296,1728,1.0,370,0,1,1,0,0,1,0,0,0,0,1,0,0,1,0,0,0,0,0,1,0,0,0,0,1,0,0,0,0,0,0,1,0,0,0.0
25,15,1,2.563380281690141,50.93112676056338,128.2707042253521,4.733333333333333,0.29,0,426,710,6887,1.0,374,0,1,0,1,0,0,0,1,0,0,1,0,1,0,0,1,0,0,0,0,0,0,0,0,0,0,0,1,0,0,0,0,0,1,0.005
68,2,2,2.430555555555556,51.90694444444445,126.50236111111111,36.0,7.482818375611497,360,144,2088,4824,1.0,381,1,1,1,0,0,1,0,0,0,1,0,0,0,0,1,1,0,0,0,0,0,0,1,0,0,0,0,0,0,0,1,0,0,0,0.005
24,9,1,2.8028169014084505,53.41085496804799,143.09085496804798,7.888888888888888,0.2458911449240994,133,70,2200,908,0.647887323943662,478,1,1,1,0,0,1,0,0,0,1,0,0,0,1,0,0,0,0,1,0,0,1,0,0,0,0,0,0,0,0,1,0,0,0,0.13
33,1,2,3.125,54.51259279750018,167.76189835305573,72.0,0.3092618503172232,173,57,3023,4184,0.5416666666666666,927,1,1,0,0,1,0,0,1,1,0,0,0,0,1,0,0,1,0,0,0,0,0,0,1,0,0,0,0,0,0,0,0,0,0,0.095
18,15,3,2.5694444444444446,51.46111111111111,137.39375,4.8,0.28,216,0,3312,4752,1.0,374,0,1,0,1,0,1,0,0,0,0,1,0,0,0,1,0,1,0,0,0,0,0,0,0,0,0,1,0,0,0,1,0,0,0,0.01
52,1,0,2.5492957746478875,51.49760563380281,129.66957746478872,71.0,0.3,142,0,1846,7242,1.0,491,0,1,1,0,0,1,0,0,1,0,0,0,0,1,0,1,0,0,0,0,1,0,0,0,0,0,0,0,0,0,0,1,0,0,0.99
37,9,4,3.112676056338028,50.43959815780742,157.03016153808912,7.888888888888888,0.353223638108919,169,63,638,5048,0.647887323943662,428,1,1,0,1,0,0,1,0,0,0,1,1,0,0,0,0,0,0,0,1,0,0,0,0,0,0,0,1,0,0,1,0,0,0,0.035
18,9,3,2.563380281690141,47.13408450704225,122.35816901408452,7.888888888888888,0.22,0,142,3550,4189,1.0,490,1,1,0,1,0,1,0,0,0,1,0,0,0,0,1,0,0,1,0,0,0,0,0,0,0,1,0,0,0,0,0,0,1,0,0.98
47,11,1,2.4027777777777777,52.95666666666667,130.62875,6.545454545454546,7.038417437673107,0,360,2088,5616,1.0,371,0,1,1,0,0,0,1,0,0,0,1,0,0,1,0,0,1,0,0,0,0,1,0,0,0,0,0,0,0,1,0,0,0,0,0.0
23,5,4,2.6527777777777777,49.92611111111111,133.29027777777776,14.4,11.14976367097843,720,576,864,3528,1.0,374,1,1,0,0,1,1,0,0,0,1,0,0,1,0,0,1,0,0,0,0,1,0,0,0,0,0,0,0,0,0,1,0,0,0,0.0
58,4,4,2.555555555555556,51.520694444444445,133.9063888888889,18.0,7.040439272233234,720,288,2736,2016,1.0,372,0,1,0,0,1,0,1,0,0,1,0,0,0,0,1,0,0,0,0,1,1,0,0,0,0,0,0,0,0,1,0,0,0,0,0.0
66,3,1,2.718309859154929,53.07943661971831,141.84605633802818,23.666666666666668,0.07,284,0,1136,5680,1.0,375,0,1,1,0,0,0,0,1,0,0,1,0,1,0,0,0,0,1,0,0,1,0,0,0,0,0,0,0,0,0,0,0,1,0,0.005
18,3,3,2.507042253521127,50.52943661971831,122.70478873239438,23.666666666666668,0.3,284,0,1704,5538,1.0,493,0,1,0,1,0,1,0,0,0,1,0,0,0,0,1,1,0,0,0,0,0,0,0,1,0,0,0,0,0,0,0,0,1,0,0.99
43,12,4,2.295774647887324,47.46366197183099,105.8325352112676,5.916666666666667,0.07,213,0,1278,1278,1.0,494,0,1,0,0,1,0,1,0,1,0,0,0,0,1,0,0,0,0,1,0,0,0,0,0,0,0,1,0,0,0,1,0,0,0,0.99
63,4,0,2.4444444444444446,54.86430555555555,133.29208333333335,18.0,0.08,144,0,1368,4752,1.0,374,0,1,0,0,1,0,0,1,0,0,1,0,1,0,0,0,0,0,0,1,0,0,1,0,0,0,0,0,0,0,1,0,0,0,0.015
26,4,2,2.2777777777777777,52.19125,120.38,18.0,0.21,288,0,864,3240,1.0,372,0,1,0,0,1,0,1,0,0,1,0,1,0,0,0,0,0,1,0,0,1,0,0,0,0,0,0,0,0,0,1,0,0,0,0.0
62,1,2,2.647887323943662,47.60943661971831,128.5005633802817,71.0,0.12,284,0,426,5325,1.0,492,1,1,1,0,0,0,1,0,0,1,0,0,0,0,1,1,0,0,0,0,0,0,0,0,0,1,0,0,0,1,0,0,0,0,1.0
61,15,3,2.375,47.437916666666666,111.375,4.8,6.043439896799889,72,288,1512,6048,1.0,381,1,1,0,0,1,1,0,0,0,1,0,0,1,0,0,0,0,1,0,0,0,0,1,0,0,0,0,0,0,0,0,1,0,0,0.0
49,2,0,2.464788732394366,53.72943661971831,133.3350704225352,35.5,0.11,284,0,2769,2201,1.0,373,1,1,0,0,1,0,0,1,1,0,0,1,0,0,0,1,0,0,0,0,0,0,0,0,0,1,0,0,0,0,0,0,0,1,0.0
54,4,1,2.5416666666666665,45.76319444444445,110.90319444444444,18.0,0.11,144,0,864,4176,1.0,372,1,1,1,0,0,1,0,0,1,0,0,1,0,0,0,1,0,0,0,0,0,0,0,1,0,0,0,0,0,0,0,0,0,1,0.005
19,3,0,2.5,51.855,131.5963888888889,24.0,12.5241563290957,72,288,2808,6768,1.0,376,0,1,0,0,1,0,0,1,1,0,0,0,0,1,0,0,0,0,0,1,0,0,0,0,0,0,0,0,1,0,1,0,0,0,0.0
34,15,2,2.704225352112676,48.01985915492958,130.96943661971832,4.733333333333333,0.07,284,0,1846,1917,1.0,499,1,1,0,1,0,0,1,0,0,0,1,1,0,0,0,0,1,0,0,0,1,0,0,0,0,0,0,0,0,1,0,0,0,0,1.0
28,13,2,2.535211267605634,54.20225352112677,135.25014084507043,5.461538461538462,5.674058651816404,142,213,1349,710,1.0,374,1,1,0,0,1,0,0,1,0,0,1,0,0,1,0,0,0,0,0,1,1,0,0,0,0,0,0,0,0,0,0,0,1,0,0.005
22,14,0,2.535211267605634,47.59211267605634,122.62929577464789,5.071428571428571,0.02,71,0,2840,1775,1.0,384,0,1,1,0,0,1,0,0,1,0,0,0,0,0,1,0,0,1,0,0,0,0,0,0,1,0,0,0,0,0,1,0,0,0,0.0
54,12,2,2.5774647887323945,53.18478873239437,132.83661971830986,5.916666666666667,0.08,0,142,2769,4047,1.0,375,0,1,0,1,0,0,0,1,0,0,1,0,1,0,0,1,0,0,0,0,0,0,0,0,1,0,0,0,0,0,0,0,0,1,0.0
70,10,3,2.6901408450704225,49.2156338028169,132.35169014084505,7.1,10.90247589322198,0,639,3124,6532,1.0,370,1,1,0,1,0,0,0,1,0,0,1,0,0,0,1,0,0,0,0,1,0,0,0,0,0,0,0,1,0,0,0,0,1,0,0.0
47,8,1,2.611111111111111,50.85944444444445,136.1851388888889,9.0,12.707630080622156,0,72,792,2808,1.0,370,0,1,1,0,0,1,0,0,0,1,0,1,0,0,0,1,0,0,0,0,0,0,0,1,0,0,0,0,0,0,1,0,0,0,0.0
46,9,3,2.535211267605634,52.56056338028169,134.93830985915494,7.888888888888888,0.23,142,0,3621,6745,1.0,372,0,1,1,0,0,1,0,0,0,0,1,0,1,0,0,0,0,0,0,1,0,0,0,0,0,0,0,0,1,0,0,0,1,0,0.0
32,2,0,2.583333333333333,48.06958333333333,123.31819444444444,36.0,0.1,216,0,3312,4896,1.0,507,1,1,1,0,0,1,0,0,1,0,0,0,0,1,0,0,0,0,1,0,0,1,0,0,0,0,0,0,0,1,0,0,0,0,1.0
40,4,2,2.5,47.81361111111111,119.85319444444444,18.0,8.484291688565325,0,720,2736,5688,1.0,381,1,1,0,1,0,0,0,1,0,0,1,1,0,0,0,0,0,0,0,1,0,0,0,0,0,0,1,0,0,1,0,0,0,0,0.0
63,14,3,2.458333333333333,45.44444444444444,107.48555555555556,5.142857142857143,0.05,72,0,2880,864,1.0,378,1,1,0,1,0,0,1,0,1,0,0,1,0,0,0,0,0,0,0,1,0,0,1,0,0,0,0,0,0,0,0,0,1,0,0.0
33,2,4,2.5694444444444446,50.66097222222223,129.21041666666667,36.0,5.864957945911096,648,648,3312,3168,1.0,375,0,1,0,1,0,1,0,0,0,0,1,1,0,0,0,0,1,0,0,0,0,0,1,0,0,0,0,0,0,0,1,0,0,0,0.0
59,1,3,2.736111111111111,49.28666666666666,135.7204166666667,72.0,0.02,72,0,2880,1440,1.0,371,1,1,1,0,0,0,0,1,1,0,0,0,0,1,0,1,0,0,0,0,0,0,1,0,0,0,0,0,0,0,0,0,1,0,0.0
62,1,3,2.5416666666666665,49.261805555555554,123.51125,72.0,0.01,144,0,432,4104,1.0,370,1,1,0,0,1,0,0,1,0,0,1,0,0,0,1,0,1,0,0,0,0,0,0,0,0,1,0,0,0,1,0,0,0,0,0.005
44,15,2,2.5694444444444446,47.10513888888889,121.7922222222222,4.8,0.06,216,0,2376,4032,1.0,495,1,1,0,0,1,0,0,1,0,0,1,0,0,0,1,0,1,0,0,0,0,0,0,0,0,0,0,1,0,1,0,0,0,0,0.985
57,9,3,2.563380281690141,52.42845070422536,134.5730985915493,7.888888888888888,0.08,142,0,1420,2414,1.0,518,1,1,0,0,1,0,0,1,0,0,1,0,0,1,0,1,0,0,0,0,0,0,0,0,0,1,0,0,0,0,0,1,0,0,0.975
50,10,4,2.3943661971830985,49.859718309859154,117.40647887323944,7.1,0.25,426,0,2130,7100,1.0,492,0,1,0,1,0,0,0,1,0,0,1,0,1,0,0,0,1,0,0,0,0,0,0,0,0,0,0,0,1,0,0,0,1,0,0.985
60,1,0,2.76056338028169,51.19084507042254,138.44028169014084,71.0,0.06,0,284,1491,4260,1.0,380,1,1,1,0,0,0,0,1,1,0,0,1,0,0,0,0,0,0,1,0,0,0,0,1,0,0,0,0,0,0,1,0,0,0,0.0
64,13,3,2.507042253521127,50.93619718309859,125.68070422535212,5.461538461538462,0.29,284,0,639,4757,1.0,497,1,1,0,1,0,0,1,0,0,0,1,0,1,0,0,0,1,0,0,0,1,0,0,0,0,0,0,0,0,0,1,0,0,0,1.0
50,7,1,2.375,46.38152777777778,113.3125,10.285714285714286,0.14,144,0,2880,3312,1.0,376,1,1,0,1,0,0,1,0,0,0,1,0,0,1,0,1,0,0,0,0,0,0,0,0,0,0,1,0,0,0,1,0,0,0,0.0
46,13,4,2.422535211267605,50.47845070422535,122.75464788732394,5.461538461538462,0.3,142,0,2982,4047,1.0,501,0,1,0,0,1,1,0,0,0,0,1,1,0,0,0,0,0,0,1,0,0,1,0,0,0,0,0,0,0,0,0,1,0,0,0.99
23,2,0,2.408450704225352,46.750845070422535,111.7923943661972,35.5,0.02,284,0,639,5964,1.0,378,1,1,0,1,0,0,0,1,0,1,0,0,0,1,0,0,0,1,0,0,1,0,0,0,0,0,0,0,0,0,0,1,0,0,0.005
26,4,4,2.625,53.17430555555556,138.41180555555556,18.0,0.21,144,0,1872,5112,1.0,492,1,1,0,0,1,1,0,0,1,0,0,0,0,1,0,0,0,0,0,1,0,0,0,1,0,0,0,0,0,0,0,0,1,0,0.99
24,2,4,2.555555555555556,51.107083333333335,132.0113888888889,36.0,10.783070662780508,576,576,2160,1944,1.0,370,0,1,0,0,1,0,0,1,0,0,1,0,1,0,0,0,1,0,0,0,0,0,0,0,0,0,1,0,0,0,0,1,0,0,0.005
18,3,0,2.3943661971830985,49.25225352112676,115.48957746478874,23.666666666666668,0.29,0,355,1633,4686,1.0,376,1,1,0,0,1,1,0,0,1,0,0,1,0,0,0,1,0,0,0,0,0,0,1,0,0,0,0,0,0,0,1,0,0,0,0.0
24,9,2,2.6666666666666665,49.76638888888888,131.73069444444445,8.0,0.29,288,0,1728,1440,1.0,376,0,1,1,0,0,1,0,0,0,0,1,0,1,0,0,0,0,1,0,0,0,0,0,0,0,1,0,0,0,0,1,0,0,0,0.0
70,10,1,2.5277777777777777,47.52513888888889,120.36402777777776,7.199999999999999,0.14,216,0,3024,6264,1.0,496,0,1,0,0,1,0,0,1,0,0,1,1,0,0,0,0,0,0,0,1,0,0,0,0,0,1,0,0,0,0,0,1,0,0,0.985
62,14,3,2.555555555555556,51.09013888888889,129.67888888888888,5.142857142857143,0.27,72,0,3384,2232,1.0,376,1,1,0,1,0,0,1,0,0,1,0,1,0,0,0,0,0,0,0,1,0,1,0,0,0,0,0,0,0,0,0,1,0,0,0.0
70,1,0,2.563380281690141,47.92971830985916,124.14281690140844,71.0,0.03,0,71,1491,1633,1.0,377,1,1,0,0,1,0,0,1,1,0,0,0,0,1,0,0,0,0,0,1,0,0,0,0,0,1,0,0,0,0,1,0,0,0,0.005
31,13,4,2.464788732394366,50.359577464788735,124.78169014084509,5.461538461538462,0.16,142,0,3053,5112,1.0,383,0,1,1,0,0,0,1,0,0,1,0,0,0,1,0,1,0,0,0,0,0,0,0,0,0,0,0,1,0,0,0,0,0,1,0.01
58,11,2,2.555555555555556,53.22861111111112,132.20583333333332,6.545454545454546,0.18,0,216,1080,7272,1.0,491,0,1,0,0,1,0,0,1,0,1,0,0,0,0,1,0,1,0,0,0,0,0,0,0,0,0,0,0,1,0,0,1,0,0,1.0
27,6,4,2.535211267605634,51.26521126760564,127.00845070422535,11.833333333333334,0.25,0,142,1491,2627,1.0,493,1,1,0,0,1,0,1,0,0,0,1,0,1,0,0,1,0,0,0,0,1,0,0,0,0,0,0,0,0,0,0,0,1,0,0.995
29,6,4,2.5211267605633805,45.95830985915493,121.92676056338028,11.833333333333334,0.09,0,497,710,4544,1.0,379,1,1,0,0,1,0,1,0,0,0,1,0,0,0,1,1,0,0,0,0,1,0,0,0,0,0,0,0,0,1,0,0,0,0,0.005
47,11,1,2.486111111111111,52.66333333333333,126.61527777777776,6.545454545454546,7.038417437673107,0,360,2088,5616,1.0,384,0,1,1,0,0,0,1,0,0,0,1,0,0,1,0,0,1,0,0,0,0,0,0,0,0,0,0,0,1,0,1,0,0,0,0.0
53,10,3,2.5416666666666665,49.52986111111111,128.56069444444444,7.199999999999999,10.95217002357076,0,216,648,5256,1.0,376,0,1,0,1,0,0,1,0,0,0,1,0,0,1,0,1,0,0,0,0,0,1,0,0,0,0,0,0,0,0,1,0,0,0,0.0
49,6,1,2.464788732394366,53.03140845070423,132.55014084507042,11.833333333333334,0.15,426,0,994,5538,1.0,374,1,1,1,0,0,0,0,1,1,0,0,0,0,1,0,0,1,0,0,0,0,0,0,0,0,0,0,1,0,0,0,0,1,0,0.0
55,12,4,2.513888888888889,52.552083333333336,131.0498611111111,6.0,6.984031468775303,360,504,1080,5976,1.0,371,1,1,1,0,0,0,0,1,0,0,1,0,0,1,0,0,0,1,0,0,0,1,0,0,0,0,0,0,0,0,0,1,0,0,0.0
24,12,2,2.430555555555556,45.9375,114.31166666666668,6.0,0.3,144,0,432,1152,1.0,377,1,1,0,1,0,1,0,0,0,0,1,0,0,1,0,0,0,0,0,1,1,0,0,0,0,0,0,0,0,0,0,0,1,0,0.0
48,1,0,2.4166666666666665,52.738194444444446,126.40138888888887,72.0,0.17,0,216,648,4752,1.0,372,1,1,1,0,0,0,0,1,0,1,0,0,0,0,1,1,0,0,0,0,0,0,0,0,0,0,0,0,1,0,0,1,0,0,0.01
66,11,2,2.555555555555556,48.507777777777775,126.06861111111112,6.545454545454546,5.520176522913397,504,72,3240,4464,1.0,374,1,1,0,0,1,1,0,0,0,1,0,0,0,1,0,0,0,1,0,0,0,0,0,0,1,0,0,0,0,0,0,0,0,1,0.005
37,7,4,2.333333333333333,47.82625,109.915,10.285714285714286,0.07,0,72,720,5184,1.0,505,0,1,0,0,1,0,1,0,0,1,0,0,0,1,0,0,0,1,0,0,0,0,0,0,0,0,0,1,0,0,0,0,0,1,0.975
56,1,2,2.352112676056338,50.24760563380281,119.67929577464788,71.0,10.494749073824448,213,710,2343,4189,1.0,387,0,1,0,1,0,0,0,1,0,0,1,0,0,1,0,1,0,0,0,0,0,0,0,0,0,0,0,1,0,0,1,0,0,0,0.0
37,11,3,2.507042253521127,50.64647887323944,127.40028169014084,6.454545454545454,0.09,0,284,2059,4047,1.0,372,1,1,1,0,0,1,0,0,1,0,0,1,0,0,0,0,0,0,0,1,1,0,0,0,0,0,0,0,0,0,0,0,1,0,0.0
29,6,0,2.5694444444444446,50.31263888888888,128.82583333333332,12.0,0.29,0,360,1368,5040,1.0,490,1,1,0,1,0,0,1,0,1,0,0,0,0,0,1,0,0,0,1,0,0,0,0,0,0,0,0,1,0,1,0,0,0,0,1.0
53,15,2,2.605633802816901,49.24211267605634,128.65633802816902,4.733333333333333,0.04,0,213,994,6461,1.0,501,0,1,1,0,0,0,1,0,0,0,1,1,0,0,0,1,0,0,0,0,0,0,0,1,0,0,0,0,0,1,0,0,0,0,0.985
24,12,2,2.535211267605634,46.73154929577465,118.11070422535212,5.916666666666667,0.28,355,0,1136,6248,1.0,374,0,1,0,0,1,0,0,1,0,0,1,0,0,1,0,0,1,0,0,0,0,0,0,0,0,1,0,0,0,0,0,1,0,0,0.0
26,15,3,2.6944444444444446,51.765277777777776,134.2301388888889,4.8,0.09,216,0,1656,2736,1.0,381,1,1,0,0,1,0,0,1,1,0,0,0,0,1,0,1,0,0,0,0,0,0,0,0,0,1,0,0,0,0,1,0,0,0,0.005
55,1,4,2.5277777777777777,47.42888888888889,119.1752777777778,72.0,0.22,72,0,2736,2880,1.0,370,0,1,1,0,0,0,1,0,1,0,0,1,0,0,0,0,0,1,0,0,0,0,0,0,0,0,1,0,0,0,0,1,0,0,0.005
52,12,4,2.605633802816901,50.29239436619718,136.25450704225352,5.916666666666667,0.2,355,0,426,7171,1.0,523,0,1,0,0,1,1,0,0,1,0,0,0,0,0,1,0,0,0,0,1,0,0,0,0,0,0,1,0,0,0,0,0,1,0,1.0
60,10,1,2.5416666666666665,44.60638888888889,113.6747222222222,7.199999999999999,0.05,216,0,2304,1872,1.0,493,0,1,0,1,0,0,0,1,1,0,0,0,0,1,0,0,0,0,1,0,1,0,0,0,0,0,0,0,0,1,0,0,0,0,1.0
32,15,2,2.4166666666666665,54.329166666666666,132.1901388888889,4.8,0.28,0,144,3168,6264,1.0,370,1,1,1,0,0,0,1,0,0,0,1,0,0,0,1,0,1,0,0,0,0,0,0,0,0,0,0,1,0,0,0,0,0,1,0.0
44,9,2,2.535211267605634,55.02478873239437,140.23014084507042,7.888888888888888,6.785057725304087,497,0,3266,5609,1.0,374,0,1,1,0,0,1,0,0,0,0,1,0,0,1,0,0,0,0,1,0,1,0,0,0,0,0,0,0,0,0,1,0,0,0,0.0
58,2,4,2.305555555555556,50.29805555555556,116.85083333333334,36.0,14.23906493009916,288,576,1224,4176,1.0,374,1,1,0,1,0,1,0,0,0,0,1,0,1,0,0,0,0,0,1,0,0,0,0,0,0,0,1,0,0,0,0,1,0,0,0.0
23,2,0,2.458333333333333,50.10180555555556,126.16527777777776,36.0,0.02,288,0,648,6048,1.0,370,1,1,0,1,0,0,0,1,0,1,0,0,0,1,0,0,0,1,0,0,0,0,0,0,1,0,0,0,0,0,0,0,1,0,0.0
21,3,4,2.5492957746478875,46.249154929577465,116.74464788732396,23.666666666666668,0.14,0,213,2059,2343,1.0,370,0,1,0,0,1,0,1,0,0,0,1,0,0,1,0,0,0,1,0,0,0,0,1,0,0,0,0,0,0,0,0,1,0,0,0.0
47,10,3,2.583333333333333,51.33472222222222,132.63458333333335,7.199999999999999,0.12,144,0,1728,3888,1.0,373,0,1,0,0,1,0,0,1,1,0,0,0,0,0,1,0,1,0,0,0,0,0,1,0,0,0,0,0,0,1,0,0,0,0,0.015
37,8,4,2.555555555555556,50.04416666666666,128.31611111111113,9.0,0.18,216,0,3528,2952,1.0,377,0,1,1,0,0,1,0,0,1,0,0,0,0,0,1,0,0,1,0,0,0,0,0,0,0,0,0,1,0,1,0,0,0,0,0.01
31,5,1,2.9166666666666665,52.02059594706834,149.5057171216067,14.4,0.296687739253217,154,65,2879,1646,0.5,760,1,1,0,0,1,1,0,0,1,0,0,1,0,0,0,0,0,0,0,1,1,0,0,0,0,0,0,0,0,0,0,0,0,0,0.085
49,8,4,2.8472222222222223,49.89041700037857,142.4265287789135,9.0,0.335755736968042,146,59,1367,1138,0.7083333333333334,832,1,1,0,0,1,0,1,0,0,0,1,0,1,0,0,0,1,0,0,0,1,0,0,0,0,0,0,0,0,0,1,0,0,0,0.76
35,2,1,2.816901408450704,49.37140845070422,139.9438028169014,35.5,0.03,71,0,2272,3976,1.0,378,0,1,0,0,1,1,0,0,0,0,1,0,0,1,0,0,1,0,0,0,0,0,0,0,0,1,0,0,0,0,1,0,0,0,0.02
50,7,1,2.591549295774648,48.4630985915493,123.79084507042252,10.142857142857142,0.13,0,213,3408,923,1.0,493,0,1,0,0,1,0,0,1,0,1,0,1,0,0,0,0,1,0,0,0,0,1,0,0,0,0,0,0,0,1,0,0,0,0,0.955
47,8,1,2.513888888888889,45.98888888888889,116.44291666666666,9.0,12.707630080622156,0,72,792,2808,1.0,372,0,1,1,0,0,1,0,0,0,1,0,1,0,0,0,1,0,0,0,0,0,0,0,0,0,0,0,1,0,0,0,0,1,0,0.0
35,14,1,3.236111111111111,50.9145192690365,168.95335485392377,5.142857142857143,0.3168809147595823,165,68,3455,4693,0.5833333333333334,666,1,1,0,1,0,0,1,0,1,0,0,0,0,0,1,1,0,0,0,0,0,0,1,0,0,0,0,0,0,0,0,0,0,0,0.105
29,2,3,2.555555555555556,48.92333333333333,128.10222222222222,36.0,10.422353915074105,288,72,3600,6624,1.0,379,0,1,0,1,0,1,0,0,0,1,0,0,0,0,1,1,0,0,0,0,0,0,0,0,0,1,0,0,0,0,0,1,0,0,0.005
50,4,3,2.830985915492957,51.7150809703561,145.0001619407122,17.75,0.267498140426578,152,54,2058,4033,0.5915492957746479,514,0,1,0,0,1,1,0,0,0,0,1,0,0,1,0,0,0,0,1,0,0,1,0,0,0,0,0,0,0,0,0,0,0,0,0.125
44,9,4,2.464788732394366,49.10253521126761,119.49859154929575,7.888888888888888,8.454846215008608,284,0,2698,1136,1.0,377,0,1,0,1,0,0,1,0,0,1,0,0,0,1,0,0,0,1,0,0,0,0,0,0,0,0,1,0,0,0,0,0,0,1,0.0
65,15,2,2.555555555555556,49.30611111111111,126.36916666666669,4.8,0.03,0,144,2880,2232,1.0,377,1,1,0,1,0,0,0,1,0,0,1,0,0,1,0,0,0,0,1,0,0,0,0,1,0,0,0,0,0,0,1,0,0,0,0.0
41,12,4,2.5492957746478875,45.57830985915493,113.57690140845072,5.916666666666667,0.25,284,0,1207,2627,1.0,375,1,1,1,0,0,0,0,1,0,1,0,0,0,1,0,0,0,1,0,0,0,0,0,0,0,0,0,0,1,0,0,0,0,1,0.005
64,12,3,2.605633802816901,54.331830985915495,137.58084507042253,5.916666666666667,0.18,426,0,2201,5467,1.0,496,1,1,1,0,0,0,0,1,1,0,0,0,1,0,0,0,0,1,0,0,0,0,0,1,0,0,0,0,0,0,0,1,0,0,0.99
48,8,0,2.3661971830985915,56.54619718309859,135.5656338028169,8.875,0.03,142,0,1988,4118,1.0,376,0,1,1,0,0,0,1,0,0,1,0,1,0,0,0,0,0,0,0,1,0,1,0,0,0,0,0,0,0,1,0,0,0,0,0.015
39,9,0,2.833333333333333,51.73880563883439,149.46675033311533,8.0,0.2473861388143772,168,46,2879,5744,0.6527777777777778,830,0,1,0,1,0,1,0,0,0,1,0,1,0,0,0,0,0,1,0,0,0,1,0,0,0,0,0,0,0,0,0,0,1,0,0.075
53,15,2,2.563380281690141,51.85169014084507,132.2583098591549,4.733333333333333,0.04,0,213,994,6461,1.0,491,0,1,1,0,0,0,1,0,0,0,1,1,0,0,0,1,0,0,0,0,0,0,1,0,0,0,0,0,0,0,1,0,0,0,1.0
39,9,0,2.4722222222222223,52.87902777777778,129.72097222222223,8.0,0.18,0,72,2880,5616,1.0,371,0,1,0,1,0,1,0,0,0,1,0,1,0,0,0,0,0,1,0,0,0,0,0,0,0,1,0,0,0,1,0,0,0,0,0.005
40,8,0,2.591549295774648,51.54464788732395,130.22521126760563,8.875,0.25,284,0,2201,7313,1.0,371,0,1,0,1,0,1,0,0,0,1,0,1,0,0,0,0,0,0,0,1,0,1,0,0,0,0,0,0,0,0,0,0,1,0,0.0
23,5,0,2.422535211267605,55.21323943661972,133.34591549295774,14.2,10.441826594846464,142,710,1988,1207,1.0,373,0,1,0,0,1,1,0,0,1,0,0,0,1,0,0,0,0,0,0,1,0,0,0,0,0,1,0,0,0,0,0,0,1,0,0.01
47,3,4,2.704225352112676,49.84732394366197,131.3080281690141,23.666666666666668,0.06,284,0,639,1775,1.0,498,0,1,0,1,0,1,0,0,1,0,0,0,0,0,1,0,1,0,0,0,1,0,0,0,0,0,0,0,0,0,1,0,0,0,0.99
62,1,3,2.732394366197183,57.44729750798199,156.06544008638653,71.0,0.2690480048624376,127,72,425,4097,0.676056338028169,512,1,1,0,0,1,0,0,1,0,0,1,0,0,0,1,0,1,0,0,0,0,0,1,0,0,0,0,0,0,0,1,0,0,0,0.115
40,6,1,2.3661971830985915,48.2374647887324,116.28239436619717,11.833333333333334,0.14,142,0,2982,4473,1.0,375,1,1,0,1,0,0,0,1,1,0,0,0,0,0,1,0,0,1,0,0,0,0,0,1,0,0,0,0,0,0,0,0,1,0,0.005
48,11,0,3.0,56.89541274827171,170.29248824481513,6.545454545454546,0.3186077771471472,152,76,503,5397,0.6111111111111112,785,0,1,0,1,0,1,0,0,0,0,1,1,0,0,0,0,0,1,0,0,0,1,0,0,0,0,0,0,0,0,0,0,0,0,0.07
32,15,2,2.563380281690141,53.2430985915493,135.6132394366197,4.733333333333333,0.28,0,142,3124,6177,1.0,376,1,1,1,0,0,0,1,0,0,0,1,0,0,0,1,0,1,0,0,0,0,0,0,0,1,0,0,0,0,1,0,0,0,0,0.005
24,9,1,2.5,47.86347222222222,124.12861111111113,8.0,0.1,288,0,2232,1008,1.0,378,1,1,1,0,0,1,0,0,0,1,0,0,0,1,0,0,0,0,1,0,1,0,0,0,0,0,0,0,0,1,0,0,0,0,0.01
25,1,2,2.583333333333333,48.680416666666666,124.455,72.0,0.2,0,72,3096,2448,1.0,370,0,1,0,1,0,1,0,0,0,0,1,0,1,0,0,0,1,0,0,0,0,0,0,0,0,1,0,0,0,1,0,0,0,0,0.015
32,2,0,3.1944444444444446,54.99572231824869,173.5971948285503,36.0,0.2428907234312209,150,86,791,5770,0.5416666666666666,896,0,1,0,1,0,0,1,0,0,0,1,0,0,1,0,0,0,0,0,1,0,0,0,0,0,0,0,1,0,0,0,0,0,0,0.14
41,12,4,2.4166666666666665,48.91083333333333,120.71847222222222,6.0,0.25,288,0,1224,2664,1.0,371,1,1,1,0,0,0,0,1,0,1,0,0,0,1,0,0,0,1,0,0,0,0,0,0,0,0,0,1,0,0,1,0,0,0,0.01
42,3,3,2.704225352112676,46.97084507042253,127.49718309859152,23.666666666666668,6.2308236598892215,639,710,1136,4757,1.0,371,0,1,0,0,1,0,0,1,0,1,0,0,0,1,0,1,0,0,0,0,0,0,0,0,0,1,0,0,0,0,1,0,0,0,0.0
23,4,0,2.718309859154929,50.01631828108459,139.55054363319726,17.75,0.2236224373083043,135,64,1774,2606,0.6338028169014085,458,0,1,0,0,1,0,1,0,0,1,0,0,0,1,0,0,0,1,0,0,0,0,1,0,0,0,0,0,0,0,1,0,0,0,0.03
33,7,4,2.611111111111111,46.70777777777778,119.93125,10.285714285714286,0.29,72,0,2160,2376,1.0,371,0,1,0,0,1,0,1,0,1,0,0,0,0,0,1,0,0,0,1,0,0,0,0,1,0,0,0,0,0,0,0,1,0,0,0.0
32,10,4,2.625,49.03194444444445,131.34972222222223,7.199999999999999,0.14,0,216,1656,4968,1.0,517,1,1,0,1,0,0,1,0,0,0,1,1,0,0,0,0,0,0,1,0,0,0,0,1,0,0,0,0,0,1,0,0,0,0,0.99
38,4,1,2.4166666666666665,50.31597222222222,122.63180555555556,18.0,0.06,288,0,1728,2880,1.0,500,1,1,1,0,0,1,0,0,1,0,0,1,0,0,0,1,0,0,0,0,0,0,0,0,1,0,0,0,0,0,0,1,0,0,0.985
61,13,2,2.555555555555556,47.462916666666665,116.86111111111111,5.538461538461538,10.541547708051995,72,72,3024,4176,1.0,370,0,1,0,1,0,0,0,1,0,1,0,0,0,0,1,1,0,0,0,0,1,0,0,0,0,0,0,0,0,0,0,0,1,0,0.005
52,12,4,2.76056338028169,51.64211267605634,142.19225352112676,5.916666666666667,0.2,355,0,426,7171,1.0,494,0,1,0,0,1,1,0,0,1,0,0,0,0,0,1,0,0,0,0,1,0,0,0,0,0,0,1,0,0,0,0,0,1,0,1.0
31,12,1,2.5,47.03305555555556,117.49930555555557,6.0,0.17,288,0,504,6048,1.0,375,0,1,1,0,0,1,0,0,0,1,0,1,0,0,0,0,1,0,0,0,0,0,0,1,0,0,0,0,0,0,0,1,0,0,0.005
24,2,3,2.676056338028169,51.77422535211267,142.28957746478872,35.5,0.02,213,0,3266,1136,1.0,379,0,1,0,1,0,0,0,1,0,1,0,0,0,0,1,0,0,0,1,0,0,0,0,0,0,0,0,0,1,1,0,0,0,0,0.005
59,13,1,2.4722222222222223,50.53944444444445,122.05416666666666,5.538461538461538,0.02,144,0,648,5904,1.0,370,0,1,0,0,1,0,1,0,0,0,1,0,0,0,1,0,1,0,0,0,0,0,0,0,0,1,0,0,0,0,1,0,0,0,0.005
21,15,3,2.5972222222222223,49.2225,129.77430555555554,4.8,0.27,432,0,1728,1512,1.0,371,0,1,0,1,0,1,0,0,1,0,0,0,0,1,0,1,0,0,0,0,0,0,0,0,0,1,0,0,0,0,0,1,0,0,0.005
62,6,2,2.380281690140845,51.921549295774646,122.16901408450704,11.833333333333334,0.25,213,0,2414,4189,1.0,371,0,1,0,0,1,0,1,0,0,1,0,0,1,0,0,0,0,1,0,0,0,0,0,1,0,0,0,0,0,1,0,0,0,0,0.0
38,2,2,2.647887323943662,49.559859154929576,128.55394366197183,35.5,0.14,0,284,2556,1775,1.0,373,1,1,0,1,0,0,1,0,0,1,0,1,0,0,0,0,1,0,0,0,0,0,0,1,0,0,0,0,0,0,0,0,1,0,0.0
70,3,2,2.375,48.20527777777778,118.10875,24.0,0.25,216,0,1440,4536,1.0,495,1,1,0,1,0,0,0,1,0,0,1,0,0,0,1,0,0,1,0,0,0,0,0,1,0,0,0,0,0,0,0,1,0,0,0.995
46,13,4,2.375,46.76430555555555,110.295,5.538461538461538,0.3,144,0,3024,4104,1.0,492,0,1,0,0,1,1,0,0,0,0,1,1,0,0,0,0,0,0,1,0,0,0,0,1,0,0,0,0,0,0,0,1,0,0,0.975
70,1,1,2.513888888888889,51.223194444444445,130.10430555555556,72.0,0.02,0,216,648,6624,1.0,372,1,1,0,0,1,0,0,1,1,0,0,0,0,0,1,1,0,0,0,0,0,0,0,0,1,0,0,0,0,0,0,1,0,0,0.01
57,10,0,2.5972222222222223,50.293055555555554,128.53958333333333,7.199999999999999,0.27,0,288,720,7488,1.0,378,0,1,0,1,0,1,0,0,0,0,1,1,0,0,0,0,0,1,0,0,0,0,1,0,0,0,0,0,0,1,0,0,0,0,0.005
44,14,4,2.625,50.76916666666667,134.8025,5.142857142857143,14.913690070988231,648,576,1368,5544,1.0,379,0,1,0,1,0,1,0,0,1,0,0,1,0,0,0,0,0,0,0,1,0,0,0,0,0,0,1,0,0,0,1,0,0,0,0.0
31,2,0,2.5277777777777777,50.14458333333333,128.58916666666667,36.0,10.871398822095117,0,0,648,792,1.0,376,1,1,1,0,0,0,0,1,0,0,1,0,0,0,1,0,0,1,0,0,0,0,0,0,0,0,0,1,0,0,0,0,1,0,0.0
48,10,1,2.6619718309859155,51.89746478873239,142.4943661971831,7.1,0.3,213,0,2840,4615,1.0,370,1,1,0,1,0,0,1,0,1,0,0,0,1,0,0,0,0,1,0,0,0,1,0,0,0,0,0,0,0,0,0,0,0,1,0.0
66,9,1,2.555555555555556,46.56847222222222,117.77583333333334,8.0,10.413407293275291,576,432,2160,1800,1.0,373,0,1,1,0,0,1,0,0,1,0,0,1,0,0,0,0,0,0,1,0,0,0,0,0,0,1,0,0,0,0,0,1,0,0,0.0
37,1,4,2.4507042253521125,51.44323943661971,127.54915492957744,71.0,8.974730559275262,710,568,2982,3124,1.0,370,0,1,0,0,1,0,0,1,0,0,1,1,0,0,0,1,0,0,0,0,0,0,0,1,0,0,0,0,0,1,0,0,0,0,0.0
22,15,4,2.619718309859155,49.21845070422536,126.73436619718308,4.733333333333333,0.04,142,0,3479,2627,1.0,379,1,1,1,0,0,1,0,0,1,0,0,0,0,0,1,0,0,0,0,1,0,0,0,0,1,0,0,0,0,0,1,0,0,0,0.0
36,14,2,2.6944444444444446,50.526944444444446,134.92458333333332,5.142857142857143,11.44651528717226,72,720,1440,5760,1.0,380,1,1,1,0,0,0,0,1,0,0,1,0,0,1,0,1,0,0,0,0,0,0,0,0,1,0,0,0,0,0,1,0,0,0,0.005
68,2,2,3.013888888888889,48.26042295429359,145.76279664065854,36.0,0.2475391441057152,156,65,2159,5038,0.5416666666666666,714,1,1,1,0,0,1,0,0,0,1,0,0,0,0,1,1,0,0,0,0,0,1,0,0,0,0,0,0,0,0,0,0,0,0,0.185
22,15,4,2.680555555555556,49.76208333333333,136.5509722222222,4.8,0.04,144,0,3528,2664,1.0,375,1,1,1,0,0,1,0,0,1,0,0,0,0,0,1,0,0,0,0,1,0,1,0,0,0,0,0,0,0,0,0,0,0,1,0.0
54,1,2,2.5,48.27638888888889,122.37541666666668,72.0,0.01,72,0,3168,6624,1.0,372,0,1,1,0,0,1,0,0,1,0,0,1,0,0,0,0,1,0,0,0,0,0,0,0,1,0,0,0,0,0,1,0,0,0,0.005
26,12,0,2.875,52.01626408351074,147.3794585279552,6.0,0.2944926999535344,168,54,2879,6182,0.6666666666666666,824,0,1,0,0,1,0,0,1,0,0,1,1,0,0,0,0,0,1,0,0,0,0,0,1,0,0,0,0,0,0,0,0,1,0,0.105
46,13,4,2.6666666666666665,52.97083333333333,139.86902777777777,5.538461538461538,0.3,144,0,3024,4104,1.0,499,0,1,0,0,1,1,0,0,0,0,1,1,0,0,0,0,0,0,1,0,0,0,1,0,0,0,0,0,0,0,0,0,0,1,0.97
46,4,2,2.591549295774648,50.29422535211268,133.317323943662,17.75,0.15,71,0,2698,6887,1.0,371,1,1,0,1,0,0,0,1,0,0,1,1,0,0,0,0,0,1,0,0,1,0,0,0,0,0,0,0,0,0,0,0,1,0,0.0
56,1,2,2.492957746478873,48.82718309859155,117.48802816901409,71.0,10.494749073824448,213,710,2343,4189,1.0,372,0,1,0,1,0,0,0,1,0,0,1,0,0,1,0,1,0,0,0,0,0,0,0,0,0,0,1,0,0,1,0,0,0,0,0.01
40,4,2,2.9166666666666665,50.6501831926764,148.98351652600974,18.0,0.2564484956745184,155,64,2807,5897,0.5416666666666666,866,1,1,0,1,0,0,0,1,0,0,1,1,0,0,0,0,0,0,0,1,0,0,1,0,0,0,0,0,0,0,0,0,0,0,0.1
34,8,4,2.5492957746478875,52.81112676056338,133.98676056338027,8.875,9.187651188921814,355,142,1278,1704,1.0,381,0,1,1,0,0,1,0,0,0,0,1,0,0,1,0,0,0,0,0,1,0,1,0,0,0,0,0,0,0,0,1,0,0,0,0.0
36,5,4,2.6944444444444446,52.29680555555555,142.9451388888889,14.4,6.181456079389093,648,72,720,5256,1.0,378,0,1,1,0,0,1,0,0,0,0,1,0,0,1,0,0,0,0,1,0,0,0,0,0,0,0,0,0,1,0,1,0,0,0,0.0
68,11,1,2.458333333333333,43.056250000000006,108.12041666666669,6.545454545454546,0.14,288,0,3600,2592,1.0,379,1,1,0,0,1,0,0,1,0,1,0,0,1,0,0,0,1,0,0,0,0,0,0,0,0,0,0,0,1,0,1,0,0,0,0.005
49,6,2,2.458333333333333,50.77555555555556,126.89736111111112,12.0,9.366820202264352,504,72,720,2232,1.0,378,1,1,1,0,0,1,0,0,0,0,1,0,0,1,0,0,1,0,0,0,0,0,0,0,0,0,0,0,1,0,0,1,0,0,0.0
54,4,4,2.126760563380281,46.277323943661976,98.00464788732394,17.75,0.01,213,0,3337,4757,1.0,379,1,1,1,0,0,0,0,1,1,0,0,0,0,1,0,0,1,0,0,0,0,1,0,0,0,0,0,0,0,1,0,0,0,0,0.0
23,9,4,2.4027777777777777,50.30305555555556,122.52263888888888,8.0,0.1,0,216,2808,6264,1.0,501,1,1,0,1,0,0,1,0,1,0,0,1,0,0,0,0,1,0,0,0,0,0,0,1,0,0,0,0,0,0,0,0,0,1,1.0
53,15,2,2.5,50.545138888888886,124.97625,4.8,0.04,0,216,1008,6552,1.0,496,0,1,1,0,0,0,1,0,0,0,1,1,0,0,0,1,0,0,0,0,0,0,0,0,0,1,0,0,0,0,0,0,0,1,0.99
64,1,3,2.5277777777777777,49.78388888888889,126.90263888888887,72.0,0.06,0,144,1584,1584,1.0,373,0,1,0,1,0,0,1,0,0,1,0,0,0,0,1,0,0,1,0,0,0,0,0,0,0,0,0,1,0,0,0,0,0,1,0.02
29,2,3,2.5416666666666665,47.80083333333333,121.22666666666666,36.0,11.112086948137222,576,432,1656,4608,1.0,371,1,1,1,0,0,1,0,0,0,0,1,0,1,0,0,0,0,1,0,0,0,0,0,0,0,1,0,0,0,1,0,0,0,0,0.0
31,13,4,2.5972222222222223,51.00805555555556,129.96124999999998,5.538461538461538,9.81401991006413,360,72,2088,2232,1.0,375,1,1,0,1,0,1,0,0,0,0,1,1,0,0,0,1,0,0,0,0,0,0,0,0,0,0,1,0,0,1,0,0,0,0,0.0
59,1,3,2.676056338028169,52.5630985915493,140.04464788732395,71.0,0.02,71,0,2840,1420,1.0,375,1,1,1,0,0,0,0,1,1,0,0,0,0,1,0,1,0,0,0,0,0,0,0,1,0,0,0,0,0,0,0,0,1,0,0.0
25,10,4,2.4444444444444446,50.27166666666667,121.00194444444443,7.199999999999999,0.15,288,0,648,6480,1.0,495,0,1,0,1,0,1,0,0,1,0,0,0,1,0,0,0,0,0,1,0,0,0,0,0,0,1,0,0,0,0,1,0,0,0,1.0
32,2,0,2.436619718309859,49.279859154929575,124.7549295774648,35.5,5.848132087047908,710,0,710,5467,1.0,371,0,1,0,1,0,0,1,0,0,0,1,0,0,1,0,0,0,0,0,1,0,0,0,0,0,0,0,0,1,0,0,0,1,0,0.0
65,15,3,2.513888888888889,50.40555555555555,127.22527777777776,4.8,0.15,144,0,1224,3888,1.0,497,1,1,1,0,0,1,0,0,0,1,0,0,1,0,0,0,0,0,1,0,0,0,0,0,1,0,0,0,0,1,0,0,0,0,1.0
21,15,3,2.611111111111111,52.09388888888889,132.93166666666667,4.8,0.27,432,0,1728,1512,1.0,370,0,1,0,1,0,1,0,0,1,0,0,0,0,1,0,1,0,0,0,0,0,0,0,0,1,0,0,0,0,0,0,0,1,0,0.0
33,4,1,2.486111111111111,50.32277777777777,122.20888888888888,18.0,0.15,0,288,2088,2808,1.0,371,1,1,0,0,1,1,0,0,0,1,0,0,1,0,0,0,0,1,0,0,0,0,0,0,1,0,0,0,0,0,1,0,0,0,0.0
24,12,2,2.6619718309859155,50.377042253521125,133.8360563380282,5.916666666666667,0.3,142,0,426,1136,1.0,375,1,1,0,1,0,1,0,0,0,0,1,0,0,1,0,0,0,0,0,1,0,0,0,0,1,0,0,0,0,0,0,0,1,0,0.005
70,10,3,2.464788732394366,49.4530985915493,122.9450704225352,7.1,10.90247589322198,0,639,3124,6532,1.0,371,1,1,0,1,0,0,0,1,0,0,1,0,0,0,1,0,0,0,0,1,0,0,0,1,0,0,0,0,0,0,0,0,1,0,0.0
23,3,4,2.555555555555556,50.53375,132.7613888888889,24.0,0.08,0,144,2088,6552,1.0,492,1,1,1,0,0,1,0,0,0,0,1,0,1,0,0,0,0,0,0,1,0,0,0,1,0,0,0,0,0,0,0,0,1,0,0.985
49,6,1,2.4788732394366195,48.60535211267606,120.70000000000002,11.833333333333334,0.15,426,0,994,5538,1.0,371,1,1,1,0,0,0,0,1,1,0,0,0,0,1,0,0,1,0,0,0,0,1,0,0,0,0,0,0,0,0,0,1,0,0,0.0
52,1,0,2.5972222222222223,48.22486111111111,127.39125,72.0,0.3,144,0,1872,7344,1.0,493,0,1,1,0,0,1,0,0,1,0,0,0,0,1,0,1,0,0,0,0,0,1,0,0,0,0,0,0,0,0,0,0,1,0,1.0
55,6,4,2.3380281690140845,53.76774647887324,123.85521126760564,11.833333333333334,14.850350359363466,213,284,3479,4118,1.0,380,0,1,1,0,0,0,0,1,0,0,1,0,0,0,1,0,0,0,0,1,0,0,0,0,1,0,0,0,0,0,1,0,0,0,0.0
38,8,2,2.638888888888889,51.063472222222224,136.45805555555555,9.0,11.0820626280203,216,504,360,1224,1.0,394,0,1,1,0,0,1,0,0,1,0,0,0,0,1,0,0,0,1,0,0,0,1,0,0,0,0,0,0,0,0,0,1,0,0,0.0
48,3,0,2.458333333333333,47.091388888888886,115.35083333333334,24.0,0.3,144,0,3312,3240,1.0,490,1,1,1,0,0,0,0,1,0,1,0,0,0,0,1,0,0,0,0,1,0,0,0,0,0,1,0,0,0,0,0,1,0,0,0.985
23,3,2,2.6527777777777777,52.51805555555556,138.29027777777776,24.0,0.27,0,72,3384,4176,1.0,492,0,1,0,1,0,1,0,0,0,1,0,0,1,0,0,0,1,0,0,0,0,0,0,0,0,0,0,0,1,0,0,1,0,0,0.995
42,5,1,2.676056338028169,49.32732394366197,132.37802816901407,14.2,5.925676610997473,355,213,1775,1917,1.0,371,1,1,0,1,0,1,0,0,0,0,1,0,0,0,1,0,0,0,1,0,0,1,0,0,0,0,0,0,0,0,1,0,0,0,0.0
29,12,0,2.4722222222222223,45.72638888888889,110.92527777777778,6.0,0.26,144,0,1872,4824,1.0,492,0,1,1,0,0,0,0,1,0,0,1,0,0,0,1,0,0,0,0,1,0,1,0,0,0,0,0,0,0,1,0,0,0,0,0.98
35,2,1,2.591549295774648,52.113661971830986,137.9407042253521,35.5,0.04,142,0,2130,994,1.0,493,0,1,0,0,1,0,0,1,0,1,0,0,0,1,0,1,0,0,0,0,0,0,0,0,0,0,0,1,0,0,0,0,1,0,0.99
64,7,0,2.4722222222222223,49.36430555555555,121.19111111111113,10.285714285714286,13.921825677566243,288,144,2736,1152,1.0,372,1,1,1,0,0,1,0,0,0,0,1,1,0,0,0,1,0,0,0,0,0,0,0,0,0,0,0,0,1,0,0,1,0,0,0.01
46,4,4,2.605633802816901,48.732394366197184,127.41225352112676,17.75,0.01,213,0,1846,6106,1.0,372,1,1,1,0,0,1,0,0,0,0,1,0,0,0,1,1,0,0,0,0,0,0,0,0,0,1,0,0,0,0,0,0,0,1,0.005
67,9,1,2.583333333333333,49.476527777777775,129.94125,8.0,0.16,144,0,2376,2592,1.0,493,1,1,0,1,0,0,0,1,0,1,0,0,0,0,1,0,0,1,0,0,1,0,0,0,0,0,0,0,0,1,0,0,0,0,1.0
31,9,1,2.3194444444444446,48.36569444444444,111.53819444444444,8.0,0.09,144,0,3096,7272,1.0,376,1,1,0,0,1,0,1,0,1,0,0,0,1,0,0,1,0,0,0,0,0,0,0,0,1,0,0,0,0,0,0,1,0,0,0.0
39,14,4,2.486111111111111,51.129444444444445,127.46375,5.142857142857143,0.08,144,0,1152,6624,1.0,497,0,1,0,0,1,1,0,0,0,0,1,0,0,0,1,0,1,0,0,0,1,0,0,0,0,0,0,0,0,0,0,0,0,1,1.0
25,9,2,2.5774647887323945,51.56577464788733,138.68394366197182,7.888888888888888,0.02,142,0,2627,1562,1.0,373,0,1,0,1,0,1,0,0,0,1,0,0,0,0,1,1,0,0,0,0,0,1,0,0,0,0,0,0,0,0,0,0,0,1,0.005
46,4,2,2.6619718309859155,48.45028169014084,125.83676056338028,17.75,0.15,71,0,2698,6887,1.0,370,1,1,0,1,0,0,0,1,0,0,1,1,0,0,0,0,0,1,0,0,0,1,0,0,0,0,0,0,0,0,0,1,0,0,0.01
68,11,1,2.352112676056338,47.97267605633802,115.99521126760564,6.454545454545454,0.14,284,0,3550,2556,1.0,372,1,1,0,0,1,0,0,1,0,1,0,0,1,0,0,0,1,0,0,0,0,0,0,0,0,0,1,0,0,0,0,0,1,0,0.01
40,13,4,2.6338028169014085,48.11971830985915,130.44,5.461538461538462,0.25,142,0,2769,2982,1.0,376,1,1,0,1,0,0,0,1,0,0,1,1,0,0,0,0,0,0,1,0,0,1,0,0,0,0,0,0,0,0,0,1,0,0,0.005
46,14,3,2.625,51.21166666666667,133.84902777777776,5.142857142857143,0.28,0,72,2808,1512,1.0,371,0,1,1,0,0,0,1,0,1,0,0,0,1,0,0,0,0,1,0,0,0,1,0,0,0,0,0,0,0,1,0,0,0,0,0.015
70,3,2,2.8732394366197185,49.13098591549296,143.27774647887324,23.666666666666668,0.03,142,0,1491,5183,1.0,372,0,1,0,0,1,1,0,0,0,1,0,0,0,0,1,0,0,0,1,0,0,0,0,0,1,0,0,0,0,1,0,0,0,0,0.01
45,13,3,2.3194444444444446,51.153888888888886,118.55944444444444,5.538461538461538,0.15,144,0,3528,5400,1.0,371,0,1,0,1,0,1,0,0,0,1,0,0,0,0,1,0,0,1,0,0,1,0,0,0,0,0,0,0,0,0,1,0,0,0,0.02
21,11,4,2.4507042253521125,51.38352112676056,126.186338028169,6.454545454545454,8.744172933134937,71,426,2272,4828,1.0,370,1,1,0,0,1,1,0,0,0,0,1,0,0,0,1,1,0,0,0,0,1,0,0,0,0,0,0,0,0,0,1,0,0,0,0.0
44,14,4,2.6527777777777777,47.83541666666667,128.8275,5.142857142857143,14.913690070988231,648,576,1368,5544,1.0,374,0,1,0,1,0,1,0,0,1,0,0,1,0,0,0,0,0,0,0,1,1,0,0,0,0,0,0,0,0,0,0,0,1,0,0.0
68,1,4,2.7222222222222223,48.28527777777778,133.16416666666666,72.0,0.01,288,0,792,5760,1.0,372,0,1,1,0,0,0,0,1,0,0,1,1,0,0,0,0,0,0,1,0,0,0,0,0,0,0,0,0,1,0,1,0,0,0,0.02
23,2,0,2.2916666666666665,46.88875,104.52125,36.0,0.02,288,0,648,6048,1.0,370,1,1,0,1,0,0,0,1,0,1,0,0,0,1,0,0,0,1,0,0,0,0,0,0,0,1,0,0,0,0,0,0,0,1,0.005
57,9,1,2.25,49.8875,111.53694444444444,8.0,0.19,144,0,432,4248,1.0,373,0,1,0,1,0,1,0,0,0,0,1,0,1,0,0,1,0,0,0,0,0,0,1,0,0,0,0,0,0,0,0,0,1,0,0.0
49,5,3,2.5774647887323945,52.190704225352114,133.6598591549296,14.2,0.03,213,0,2556,4615,1.0,492,1,1,0,0,1,0,0,1,1,0,0,1,0,0,0,1,0,0,0,0,0,0,0,0,0,0,0,0,1,1,0,0,0,0,0.995
38,2,2,2.6619718309859155,53.04394366197183,140.43633802816902,35.5,0.14,0,284,2556,1775,1.0,370,1,1,0,1,0,0,1,0,0,1,0,1,0,0,0,0,1,0,0,0,0,0,1,0,0,0,0,0,0,1,0,0,0,0,0.0
30,12,3,2.4722222222222223,47.03125,117.25652777777776,6.0,9.407550945435665,504,0,504,6192,1.0,380,0,1,1,0,0,0,1,0,0,0,1,0,0,1,0,0,1,0,0,0,0,0,1,0,0,0,0,0,0,0,0,0,1,0,0.0
25,14,0,2.930555555555556,49.538677924893854,139.8268723693383,5.142857142857143,0.2689549376872224,149,73,1583,7194,0.5416666666666666,712,0,1,1,0,0,1,0,0,1,0,0,1,0,0,0,1,0,0,0,0,1,0,0,0,0,0,0,0,0,0,0,0,0,0,0.78
53,3,2,2.861111111111111,53.0877692595092,151.01789111186096,24.0,0.3061513352605963,155,55,3239,3299,0.6111111111111112,630,1,1,0,1,0,0,1,0,1,0,0,1,0,0,0,0,0,0,1,0,0,0,0,0,0,0,0,1,0,0,0,0,0,0,0.095
37,10,0,3.055555555555556,56.11401636510955,164.44915525399844,7.199999999999999,0.3333110053456671,140,89,1439,1371,0.6111111111111112,897,1,1,1,0,0,1,0,0,0,0,1,0,0,1,0,1,0,0,0,0,0,0,0,1,0,0,0,0,0,0,0,0,0,0,0.64
39,10,4,3.0985915492957745,48.32995732691633,144.4060136649445,7.1,0.353634573198176,145,88,1774,7035,0.5070422535211268,487,0,1,1,0,0,1,0,0,1,0,0,0,0,1,0,1,0,0,0,0,0,0,0,1,0,0,0,0,0,0,0,0,0,0,0.78
34,1,0,2.323943661971831,50.45169014084507,119.7612676056338,71.0,11.431400866504926,497,142,3195,5751,1.0,379,0,1,0,1,0,0,1,0,0,0,1,0,0,1,0,0,1,0,0,0,0,0,0,0,1,0,0,0,0,0,1,0,0,0,0.0
22,10,4,2.5774647887323945,50.06042253521127,128.5656338028169,7.1,0.13,142,0,639,7100,1.0,374,0,1,0,0,1,0,1,0,0,0,1,1,0,0,0,1,0,0,0,0,1,0,0,0,0,0,0,0,0,0,0,0,0,1,0.0
50,6,4,2.513888888888889,48.092777777777776,126.37375,12.0,0.04,216,0,1728,3528,1.0,386,1,1,0,0,1,1,0,0,1,0,0,0,1,0,0,0,0,1,0,0,0,0,0,1,0,0,0,0,0,1,0,0,0,0,0.0
29,14,4,2.5774647887323945,48.252535211267606,122.16704225352112,5.071428571428571,0.28,284,0,2201,2769,1.0,372,1,1,0,1,0,0,1,0,1,0,0,0,0,1,0,0,0,0,1,0,0,0,1,0,0,0,0,0,0,1,0,0,0,0,0.01
25,6,4,2.638888888888889,53.29972222222222,135.13111111111112,12.0,0.11,144,0,2016,1224,1.0,504,0,1,1,0,0,0,1,0,0,1,0,0,0,1,0,0,0,0,1,0,0,0,0,0,1,0,0,0,0,0,1,0,0,0,0.975
48,11,0,2.7777777777777777,52.98111111111111,148.51638888888888,6.545454545454546,11.7797599545946,504,576,432,5184,1.0,371,0,1,0,1,0,1,0,0,0,0,1,1,0,0,0,0,0,1,0,0,1,0,0,0,0,0,0,0,0,0,0,0,0,1,0.0
46,12,4,2.647887323943662,49.07676056338028,131.28112676056338,5.916666666666667,0.07,0,284,2627,2698,1.0,491,0,1,0,0,1,1,0,0,1,0,0,1,0,0,0,0,0,1,0,0,0,1,0,0,0,0,0,0,0,1,0,0,0,0,0.995
45,6,4,2.4507042253521125,45.71,114.75647887323944,11.833333333333334,10.205508242254684,0,497,1775,5396,1.0,379,1,1,0,1,0,1,0,0,0,0,1,0,0,0,1,0,0,1,0,0,0,0,0,0,0,0,0,1,0,1,0,0,0,0,0.0
52,8,3,2.422535211267605,46.79239436619719,109.29070422535212,8.875,5.539578469529545,426,426,3550,7100,1.0,371,1,1,1,0,0,0,0,1,1,0,0,0,0,1,0,0,0,0,0,1,0,0,0,0,1,0,0,0,0,1,0,0,0,0,0.0
57,6,0,2.6901408450704225,51.12183098591549,138.13352112676057,11.833333333333334,0.13,142,0,1562,923,1.0,374,1,1,0,0,1,0,1,0,0,1,0,0,0,0,1,0,0,0,1,0,0,1,0,0,0,0,0,0,0,0,0,0,1,0,0.0
24,10,3,2.6619718309859155,50.75943661971831,137.43774647887324,7.1,0.17,0,142,1562,5538,1.0,490,1,1,0,0,1,0,1,0,0,0,1,0,0,0,1,0,0,0,0,1,0,0,0,0,1,0,0,0,0,0,0,1,0,0,0.99
69,13,4,2.5694444444444446,48.316944444444445,126.48791666666664,5.538461538461538,0.16,0,360,1728,4608,1.0,383,1,1,0,1,0,1,0,0,1,0,0,0,0,1,0,0,1,0,0,0,0,0,1,0,0,0,0,0,0,0,0,1,0,0,0.0
50,2,0,2.6527777777777777,54.16263888888889,142.38944444444445,36.0,11.625428891147678,360,216,1656,6480,1.0,372,1,1,0,1,0,0,0,1,0,0,1,0,0,0,1,1,0,0,0,0,0,0,1,0,0,0,0,0,0,1,0,0,0,0,0.0
49,14,1,2.704225352112676,52.624507042253526,146.89464788732394,5.071428571428571,0.15,284,0,1491,7242,1.0,491,1,1,0,0,1,1,0,0,0,0,1,0,0,0,1,0,0,1,0,0,0,0,0,1,0,0,0,0,0,0,1,0,0,0,0.98
48,11,0,2.591549295774648,46.3112676056338,124.50915492957746,6.454545454545454,11.7797599545946,497,568,426,5112,1.0,372,0,1,0,1,0,1,0,0,0,0,1,1,0,0,0,0,0,1,0,0,0,0,0,1,0,0,0,0,0,0,0,0,1,0,0.0
40,2,0,2.605633802816901,51.820422535211264,133.63028169014083,35.5,0.08,142,0,1278,5964,1.0,375,0,1,0,1,0,1,0,0,0,0,1,0,0,1,0,0,0,0,0,1,0,0,0,0,0,0,1,0,0,0,0,0,1,0,0.0
68,15,1,2.5416666666666665,49.41444444444445,125.29333333333332,4.8,0.1,288,0,864,3672,1.0,372,1,1,1,0,0,0,1,0,0,0,1,1,0,0,0,1,0,0,0,0,0,0,0,0,0,0,0,1,0,0,0,1,0,0,0.0
25,11,3,2.638888888888889,49.98513888888888,134.8425,6.545454545454546,0.11,0,288,3312,3744,1.0,370,0,1,0,0,1,0,1,0,1,0,0,0,1,0,0,0,1,0,0,0,1,0,0,0,0,0,0,0,0,0,0,0,1,0,0.0
34,9,2,2.4788732394366195,51.02535211267606,127.78859154929576,7.888888888888888,14.663665891596189,568,0,1704,5254,1.0,370,0,1,1,0,0,1,0,0,1,0,0,0,1,0,0,0,0,1,0,0,0,0,0,0,0,1,0,0,0,1,0,0,0,0,0.0
35,13,1,2.513888888888889,53.19208333333333,131.62930555555556,5.538461538461538,6.712163297969944,360,288,2520,3168,1.0,373,1,1,0,1,0,0,1,0,1,0,0,1,0,0,0,0,0,0,1,0,0,1,0,0,0,0,0,0,0,0,0,0,0,1,0.005
45,2,4,2.5,52.48902777777778,133.23625,36.0,11.342879700165357,360,432,504,1512,1.0,377,0,1,1,0,0,1,0,0,0,1,0,0,0,0,1,0,0,0,1,0,0,0,0,0,0,0,0,1,0,0,0,0,0,1,0.005
61,13,2,2.352112676056338,53.183098591549296,125.9723943661972,5.461538461538462,10.541547708051995,71,71,2982,4118,1.0,383,0,1,0,1,0,0,0,1,0,1,0,0,0,0,1,1,0,0,0,0,0,0,0,1,0,0,0,0,0,1,0,0,0,0,0.005
26,15,3,2.4788732394366195,48.42647887323944,123.48309859154928,4.733333333333333,0.09,213,0,1633,2698,1.0,374,1,1,0,0,1,0,0,1,1,0,0,0,0,1,0,1,0,0,0,0,0,0,0,0,0,1,0,0,0,0,0,0,1,0,0.0
31,8,4,2.422535211267605,51.49464788732394,121.34957746478872,8.875,0.13,142,0,3053,4615,1.0,371,0,1,0,0,1,1,0,0,0,0,1,1,0,0,0,0,0,0,1,0,0,0,0,1,0,0,0,0,0,0,0,1,0,0,0.005
41,10,4,2.9295774647887325,51.81573275730327,157.58302998369942,7.1,0.3599914474310475,166,54,993,1481,0.6338028169014085,436,0,1,0,1,0,1,0,0,0,1,0,1,0,0,0,0,0,0,0,1,0,0,0,1,0,0,0,0,0,0,1,0,0,0,0.085
33,12,1,2.5774647887323945,51.34507042253521,132.44014084507043,5.916666666666667,0.09,0,142,2911,4473,1.0,380,1,1,1,0,0,0,1,0,1,0,0,1,0,0,0,0,0,0,1,0,1,0,0,0,0,0,0,0,0,0,1,0,0,0,0.0
48,6,1,2.380281690140845,51.06450704225352,126.03464788732396,11.833333333333334,6.729058415759139,710,71,3479,3053,1.0,370,0,1,0,0,1,0,1,0,0,1,0,0,0,1,0,0,1,0,0,0,0,0,0,0,0,0,1,0,0,0,0,0,1,0,0.0
70,9,0,2.6338028169014085,50.01042253521127,133.40154929577466,7.888888888888888,0.2,0,497,1065,2343,1.0,370,0,1,0,0,1,0,0,1,1,0,0,0,0,0,1,1,0,0,0,0,0,0,1,0,0,0,0,0,0,0,1,0,0,0,0.0
28,5,1,2.486111111111111,48.73166666666666,122.43541666666668,14.4,14.89490852814388,360,216,2016,5976,1.0,370,1,1,0,0,1,0,1,0,0,0,1,0,0,0,1,0,0,0,1,0,0,0,0,1,0,0,0,0,0,0,0,1,0,0,0.005
47,10,3,2.704225352112676,52.81169014084507,137.7249295774648,7.1,0.12,142,0,1704,3834,1.0,373,0,1,0,0,1,0,0,1,1,0,0,0,0,0,1,0,1,0,0,0,0,1,0,0,0,0,0,0,0,0,0,1,0,0,0.0
57,12,3,2.75,48.47291666666667,132.3238888888889,6.0,0.01,216,0,2304,7272,1.0,384,0,1,1,0,0,0,1,0,0,0,1,1,0,0,0,1,0,0,0,0,0,0,0,0,1,0,0,0,0,0,0,1,0,0,0.005
39,13,0,2.7916666666666665,50.562601084455,143.70496219556608,5.538461538461538,0.3121416213396317,140,66,1367,1856,0.625,897,0,1,0,0,1,0,1,0,1,0,0,1,0,0,0,0,1,0,0,0,1,0,0,0,0,0,0,0,0,0,0,0,1,0,0.095
42,3,3,2.513888888888889,50.16777777777778,126.76930555555556,24.0,6.2308236598892215,648,720,1152,4824,1.0,373,0,1,0,0,1,0,0,1,0,1,0,0,0,1,0,1,0,0,0,0,0,0,0,0,0,0,0,0,1,1,0,0,0,0,0.005
31,8,4,2.4507042253521125,51.90577464788732,129.26521126760562,8.875,0.13,142,0,3053,4615,1.0,373,0,1,0,0,1,1,0,0,0,0,1,1,0,0,0,0,0,0,1,0,0,1,0,0,0,0,0,0,0,0,0,0,1,0,0.01
65,4,4,2.492957746478873,52.30507042253521,129.793661971831,17.75,9.824867521735362,426,142,1775,6461,1.0,371,0,1,0,0,1,1,0,0,0,1,0,0,1,0,0,0,0,0,0,1,1,0,0,0,0,0,0,0,0,0,0,0,0,1,0.005
44,3,3,2.625,53.48430555555555,138.67347222222222,24.0,0.25,360,0,1152,6480,1.0,372,1,1,0,1,0,0,1,0,0,0,1,1,0,0,0,0,1,0,0,0,0,0,0,0,0,1,0,0,0,0,1,0,0,0,0.005
38,2,2,2.7777777777777777,48.598055555555554,134.60930555555558,36.0,0.14,0,288,2592,1800,1.0,374,1,1,0,1,0,0,1,0,0,1,0,1,0,0,0,0,1,0,0,0,0,0,1,0,0,0,0,0,0,1,0,0,0,0,0.005
21,7,1,2.5694444444444446,48.372638888888886,124.44694444444444,10.285714285714286,14.671491085699952,504,216,432,1008,1.0,372,1,1,1,0,0,1,0,0,1,0,0,1,0,0,0,0,0,1,0,0,1,0,0,0,0,0,0,0,0,0,0,1,0,0,0.0
46,12,4,2.486111111111111,50.25125,124.6601388888889,6.0,0.07,0,288,2664,2736,1.0,491,0,1,0,0,1,1,0,0,1,0,0,1,0,0,0,0,0,1,0,0,0,0,0,0,0,0,0,0,1,0,0,1,0,0,0.995
50,7,1,2.458333333333333,52.17513888888889,126.1138888888889,10.285714285714286,0.13,0,216,3456,936,1.0,508,0,1,0,0,1,0,0,1,0,1,0,1,0,0,0,0,1,0,0,0,0,0,0,0,0,1,0,0,0,0,0,1,0,0,0.985
54,14,2,2.2916666666666665,50.75694444444444,115.16222222222224,5.142857142857143,6.5933528789785125,648,216,792,1008,1.0,378,1,1,1,0,0,1,0,0,1,0,0,1,0,0,0,0,1,0,0,0,0,0,0,0,1,0,0,0,0,0,1,0,0,0,0.0
34,8,4,2.5492957746478875,50.2956338028169,128.3725352112676,8.875,9.187651188921814,355,142,1278,1704,1.0,377,0,1,1,0,0,1,0,0,0,0,1,0,0,1,0,0,0,0,0,1,0,0,0,0,0,0,1,0,0,1,0,0,0,0,0.0
40,3,0,2.4507042253521125,48.74521126760563,120.0688732394366,23.666666666666668,13.281031919823771,639,426,426,3834,1.0,373,1,1,0,0,1,1,0,0,0,1,0,0,0,0,1,0,1,0,0,0,0,0,0,1,0,0,0,0,0,0,0,1,0,0,0.0
46,10,1,2.5774647887323945,52.99985915492957,138.13647887323944,7.1,0.13,568,0,2698,2059,1.0,372,0,1,0,0,1,1,0,0,0,0,1,0,0,0,1,0,0,0,0,1,0,1,0,0,0,0,0,0,0,0,1,0,0,0,0.015
40,15,4,2.887323943661972,51.85252676551573,146.3411183148115,4.733333333333333,0.2330712290926904,151,56,3336,4535,0.5774647887323944,526,0,1,0,1,0,0,1,0,1,0,0,0,0,0,1,1,0,0,0,0,0,0,1,0,0,0,0,0,0,0,0,0,0,0,0.12
39,13,0,2.513888888888889,48.74777777777778,122.6225,5.538461538461538,0.08,144,0,1368,1800,1.0,379,0,1,0,0,1,0,1,0,1,0,0,1,0,0,0,0,1,0,0,0,0,0,0,0,0,0,1,0,0,0,0,0,0,1,0.01
35,2,0,2.5,54.77680555555556,140.87847222222223,36.0,13.246025698199697,72,144,2232,6768,1.0,377,0,1,1,0,0,1,0,0,0,1,0,0,0,0,1,0,0,1,0,0,0,0,0,0,0,1,0,0,0,1,0,0,0,0,0.005
54,15,1,2.6527777777777777,50.75513888888889,134.7615277777778,4.8,8.864371006316826,576,144,2592,3456,1.0,377,0,1,0,1,0,1,0,0,1,0,0,0,1,0,0,0,0,0,1,0,0,0,1,0,0,0,0,0,0,0,0,0,0,1,0.0
34,15,2,2.352112676056338,51.88957746478873,121.57112676056336,4.733333333333333,0.07,284,0,1846,1917,1.0,499,1,1,0,1,0,0,1,0,0,0,1,1,0,0,0,0,1,0,0,0,0,0,1,0,0,0,0,0,0,0,0,0,1,0,0.985
54,4,4,2.7464788732394365,51.64859154929578,141.12140845070422,17.75,0.01,213,0,3337,4757,1.0,371,1,1,1,0,0,0,0,1,1,0,0,0,0,1,0,0,1,0,0,0,0,0,0,0,0,1,0,0,0,0,1,0,0,0,0.015
24,2,0,2.5774647887323945,48.45985915492958,126.73915492957744,35.5,0.27,142,0,2343,6745,1.0,375,0,1,1,0,0,0,0,1,1,0,0,0,1,0,0,0,1,0,0,0,0,0,0,0,1,0,0,0,0,0,0,1,0,0,0.01
34,8,4,2.861111111111111,49.61986111111111,141.76597222222222,9.0,9.187651188921814,360,144,1296,1728,1.0,382,0,1,1,0,0,1,0,0,0,0,1,0,0,1,0,0,0,0,0,1,0,0,0,0,0,1,0,0,0,1,0,0,0,0,0.0
56,6,4,2.5972222222222223,49.633472222222224,125.21458333333334,12.0,11.519955264740332,504,216,3312,1368,1.0,372,0,1,0,1,0,1,0,0,0,0,1,0,1,0,0,0,0,0,0,1,0,0,0,1,0,0,0,0,0,0,1,0,0,0,0.0
65,15,3,2.4444444444444446,49.70638888888889,119.63625,4.8,0.15,144,0,1224,3888,1.0,511,1,1,1,0,0,1,0,0,0,1,0,0,1,0,0,0,0,0,1,0,0,0,0,0,0,0,0,0,1,0,1,0,0,0,0.99
60,10,1,2.5,48.35875,119.58847222222224,7.199999999999999,0.05,216,0,2304,1872,1.0,493,0,1,0,1,0,0,0,1,1,0,0,0,0,1,0,0,0,0,1,0,0,0,0,0,1,0,0,0,0,0,0,0,1,0,0.995
57,6,0,2.619718309859155,51.78408450704225,140.14352112676056,11.833333333333334,0.13,142,0,1562,923,1.0,370,1,1,0,0,1,0,1,0,0,1,0,0,0,0,1,0,0,0,1,0,0,0,0,0,0,0,0,1,0,1,0,0,0,0,0.0
43,12,4,2.708333333333333,47.602916666666665,127.10875,6.0,0.07,216,0,1296,1296,1.0,506,0,1,0,0,1,0,1,0,1,0,0,0,0,1,0,0,0,0,1,0,0,0,0,0,0,1,0,0,0,1,0,0,0,0,0.99
44,14,4,2.3472222222222223,52.22555555555555,121.20819444444444,5.142857142857143,14.913690070988231,648,576,1368,5544,1.0,370,0,1,0,1,0,1,0,0,1,0,0,1,0,0,0,0,0,0,0,1,0,0,1,0,0,0,0,0,0,0,0,1,0,0,0.0
21,1,0,2.323943661971831,48.56112676056338,114.44577464788732,71.0,0.26,284,0,2911,5751,1.0,513,0,1,1,0,0,0,0,1,1,0,0,1,0,0,0,0,0,0,1,0,0,0,0,0,0,1,0,0,0,1,0,0,0,0,0.98
62,6,3,2.583333333333333,46.660555555555554,121.90666666666668,12.0,0.26,0,144,1584,4968,1.0,498,0,1,0,0,1,0,0,1,0,0,1,0,0,1,0,1,0,0,0,0,0,0,1,0,0,0,0,0,0,0,0,0,1,0,0.99
49,15,3,2.619718309859155,52.79394366197183,139.3176056338028,4.733333333333333,0.17,284,0,3124,1917,1.0,498,1,1,0,1,0,0,0,1,0,0,1,0,0,0,1,0,1,0,0,0,0,0,0,0,0,0,0,1,0,0,0,0,1,0,0.985
49,11,4,2.619718309859155,51.89760563380282,136.02309859154929,6.454545454545454,10.416272228669367,213,355,2840,4615,1.0,370,0,1,0,1,0,0,0,1,0,1,0,1,0,0,0,0,0,0,0,1,0,0,0,0,1,0,0,0,0,1,0,0,0,0,0.0
49,2,0,2.180555555555556,52.122638888888886,114.85847222222222,36.0,0.11,288,0,2808,2232,1.0,373,1,1,0,0,1,0,0,1,1,0,0,1,0,0,0,1,0,0,0,0,0,0,0,0,1,0,0,0,0,1,0,0,0,0,0.015
50,9,2,2.5416666666666665,49.99666666666667,127.76569444444443,8.0,0.22,360,0,1152,3456,1.0,371,1,1,1,0,0,0,1,0,0,0,1,1,0,0,0,1,0,0,0,0,0,0,0,1,0,0,0,0,0,0,0,0,1,0,0.0
26,7,4,2.5694444444444446,50.16666666666666,129.93402777777777,10.285714285714286,0.25,216,0,2808,4032,1.0,370,0,1,0,0,1,0,1,0,1,0,0,1,0,0,0,1,0,0,0,0,0,0,1,0,0,0,0,0,0,0,1,0,0,0,0.0
68,1,2,2.5694444444444446,53.04986111111111,135.4673611111111,72.0,0.25,288,0,2952,7416,1.0,371,0,1,0,0,1,1,0,0,0,1,0,1,0,0,0,0,0,0,0,1,0,1,0,0,0,0,0,0,0,1,0,0,0,0,0.0
35,2,1,2.4027777777777777,53.55166666666666,128.51,36.0,0.04,144,0,2160,1008,1.0,495,0,1,0,0,1,0,0,1,0,1,0,0,0,1,0,1,0,0,0,0,0,0,0,0,0,1,0,0,0,0,0,0,1,0,0.985
31,8,4,2.4027777777777777,46.21180555555556,112.69027777777778,9.0,11.492813938658998,72,504,3456,5760,1.0,376,1,1,1,0,0,0,1,0,1,0,0,0,1,0,0,0,1,0,0,0,0,0,1,0,0,0,0,0,0,0,0,0,1,0,0.0
21,9,0,2.708333333333333,52.50805555555556,142.26694444444445,8.0,0.08,360,0,1728,5544,1.0,391,0,1,1,0,0,0,1,0,1,0,0,0,0,1,0,0,0,1,0,0,0,0,0,0,0,0,1,0,0,0,0,0,0,1,0.015
46,14,3,2.458333333333333,46.57541666666666,115.6523611111111,5.142857142857143,0.28,0,72,2808,1512,1.0,370,0,1,1,0,0,0,1,0,1,0,0,0,1,0,0,0,0,1,0,0,0,1,0,0,0,0,0,0,0,0,0,0,0,1,0.005
66,15,4,3.0972222222222223,52.11227822726782,162.5626948939345,4.8,0.3095331374262146,173,64,1079,4326,0.5833333333333334,797,1,1,1,0,0,1,0,0,1,0,0,0,0,0,1,0,0,1,0,0,1,0,0,0,0,0,0,0,0,0,1,0,0,0,0.205
40,6,1,2.6338028169014085,48.33732394366197,129.6354929577465,11.833333333333334,0.14,142,0,2982,4473,1.0,370,1,1,0,1,0,0,0,1,1,0,0,0,0,0,1,0,0,1,0,0,0,0,0,0,0,1,0,0,0,0,0,1,0,0,0.0
70,9,4,2.4507042253521125,52.53126760563381,127.41591549295777,7.888888888888888,0.16,142,0,1349,3905,1.0,490,1,1,0,1,0,0,1,0,0,1,0,0,0,1,0,0,0,0,0,1,0,1,0,0,0,0,0,0,0,1,0,0,0,0,0.995
44,14,4,2.4444444444444446,51.75111111111111,130.40375,5.142857142857143,14.913690070988231,648,576,1368,5544,1.0,373,0,1,0,1,0,1,0,0,1,0,0,1,0,0,0,0,0,0,0,1,0,0,0,0,0,0,0,0,1,0,0,0,0,1,0.0
26,7,4,2.4444444444444446,49.51986111111111,122.4815277777778,10.285714285714286,0.25,216,0,2808,4032,1.0,371,0,1,0,0,1,0,1,0,1,0,0,1,0,0,0,1,0,0,0,0,0,0,0,0,1,0,0,0,0,0,0,0,1,0,0.005
32,8,0,2.5416666666666665,48.35791666666667,125.11625,9.0,0.08,216,0,3600,5688,1.0,373,0,1,0,1,0,1,0,0,0,1,0,0,0,0,1,0,0,0,0,1,0,0,0,0,1,0,0,0,0,1,0,0,0,0,0.0
56,5,3,2.4166666666666665,51.625416666666666,122.8975,14.4,0.12,72,0,3672,5688,1.0,509,0,1,1,0,0,0,1,0,0,0,1,1,0,0,0,1,0,0,0,0,0,0,0,0,1,0,0,0,0,0,0,0,1,0,0.99
68,3,3,3.1549295774647885,49.360191042993904,157.91926507412447,23.666666666666668,0.2905436478248962,167,61,638,3272,0.5492957746478874,451,0,1,1,0,0,0,1,0,0,0,1,0,1,0,0,0,0,0,1,0,1,0,0,0,0,0,0,0,0,0,0,0,0,0,0.07
52,9,1,2.647887323943662,50.35507042253521,133.2661971830986,7.888888888888888,0.11,142,0,1491,5538,1.0,384,1,1,0,0,1,0,0,1,0,0,1,1,0,0,0,0,0,0,0,1,0,1,0,0,0,0,0,0,0,0,0,0,0,1,0.0
44,9,1,2.591549295774648,49.96492957746479,128.71647887323945,7.888888888888888,0.08,426,0,1562,4260,1.0,371,0,1,0,1,0,1,0,0,0,0,1,0,1,0,0,0,1,0,0,0,0,0,0,1,0,0,0,0,0,0,0,0,1,0,0.0
43,5,1,2.4444444444444446,51.82527777777778,128.52527777777777,14.4,0.08,0,288,3168,5544,1.0,491,1,1,0,1,0,1,0,0,0,1,0,0,1,0,0,1,0,0,0,0,0,0,0,0,0,0,1,0,0,0,0,1,0,0,0.985
42,4,2,2.611111111111111,44.45555555555556,115.69944444444444,18.0,0.23,216,0,1728,1440,1.0,383,0,1,1,0,0,0,0,1,0,0,1,0,0,1,0,1,0,0,0,0,1,0,0,0,0,0,0,0,0,0,0,0,1,0,0.0
35,2,4,2.4166666666666665,48.54208333333334,123.36555555555556,36.0,6.744251972501145,216,432,1512,1800,1.0,394,1,1,0,1,0,1,0,0,0,0,1,1,0,0,0,1,0,0,0,0,0,1,0,0,0,0,0,0,0,0,0,0,0,1,0.0
47,10,3,2.732394366197183,50.27535211267606,135.6794366197183,7.1,0.12,142,0,1704,3834,1.0,377,0,1,0,0,1,0,0,1,1,0,0,0,0,0,1,0,1,0,0,0,1,0,0,0,0,0,0,0,0,0,0,0,1,0,0.005
24,10,3,3.375,51.25377409278795,174.99370748226292,7.199999999999999,0.3615898991381412,156,96,1583,5711,0.625,683,1,1,0,0,1,0,1,0,0,0,1,0,0,0,1,0,0,0,0,1,0,0,0,1,0,0,0,0,0,0,0,0,0,0,0.8
50,10,4,2.563380281690141,47.09098591549296,119.3649295774648,7.1,0.25,426,0,2130,7100,1.0,503,0,1,0,1,0,0,0,1,0,0,1,0,1,0,0,0,1,0,0,0,0,1,0,0,0,0,0,0,0,0,0,0,1,0,0.99
45,13,3,2.464788732394366,48.0943661971831,115.59563380281692,5.461538461538462,0.15,142,0,3479,5325,1.0,373,0,1,0,1,0,1,0,0,0,1,0,0,0,0,1,0,0,1,0,0,0,0,0,0,1,0,0,0,0,0,0,0,0,1,0.0
63,1,0,2.458333333333333,50.68763888888888,126.03736111111112,72.0,0.04,0,288,3528,6912,1.0,372,0,1,0,1,0,0,0,1,1,0,0,0,0,0,1,0,0,0,1,0,0,1,0,0,0,0,0,0,0,0,1,0,0,0,0.005
52,1,4,2.486111111111111,51.772083333333335,127.71625,72.0,0.06,72,0,3600,5688,1.0,500,0,1,1,0,0,0,1,0,0,0,1,1,0,0,0,0,1,0,0,0,1,0,0,0,0,0,0,0,0,0,1,0,0,0,0.995
66,10,0,2.763888888888889,49.09513888888889,137.58513888888888,7.199999999999999,0.14,0,360,1800,1440,1.0,372,0,1,0,0,1,0,1,0,0,1,0,0,0,0,1,0,0,0,0,1,0,0,0,0,1,0,0,0,0,1,0,0,0,0,0.005
38,4,1,2.5972222222222223,46.74125,124.47680555555556,18.0,0.06,288,0,1728,2880,1.0,492,1,1,1,0,0,1,0,0,1,0,0,1,0,0,0,1,0,0,0,0,0,0,0,0,0,0,0,1,0,1,0,0,0,0,0.99
42,5,1,2.380281690140845,48.45549295774648,116.96211267605634,14.2,5.925676610997473,355,213,1775,1917,1.0,377,1,1,0,1,0,1,0,0,0,0,1,0,0,0,1,0,0,0,1,0,0,0,0,0,0,0,0,1,0,0,0,1,0,0,0.0
40,6,2,2.486111111111111,48.53430555555556,117.77055555555556,12.0,9.955841494925746,288,360,3384,7128,1.0,374,1,1,0,0,1,1,0,0,0,1,0,0,0,0,1,0,0,0,0,1,0,0,0,0,0,0,1,0,0,1,0,0,0,0,0.0
42,13,0,2.535211267605634,53.08197183098592,135.3645070422535,5.461538461538462,5.584120139568189,426,355,2130,2130,1.0,374,0,1,0,1,0,0,1,0,0,1,0,0,0,0,1,0,0,1,0,0,0,0,0,0,0,0,1,0,0,1,0,0,0,0,0.0
48,10,1,2.6901408450704225,52.5369014084507,138.15197183098593,7.1,0.2,0,213,3550,4686,1.0,375,0,1,0,1,0,0,1,0,0,1,0,0,0,1,0,0,0,0,0,1,0,0,0,0,1,0,0,0,0,0,0,1,0,0,0.0
34,12,3,2.605633802816901,51.7461971830986,135.293661971831,5.916666666666667,0.11,0,142,2556,7242,1.0,500,1,1,1,0,0,0,0,1,0,1,0,0,0,1,0,0,0,1,0,0,0,1,0,0,0,0,0,0,0,0,0,1,0,0,0.985
46,13,4,2.486111111111111,50.453472222222224,123.62972222222224,5.538461538461538,0.3,144,0,3024,4104,1.0,496,0,1,0,0,1,1,0,0,0,0,1,1,0,0,0,0,0,0,1,0,1,0,0,0,0,0,0,0,0,0,0,1,0,0,1.0
46,4,4,2.943661971830986,55.52580000893288,165.33561976297423,17.75,0.3326718462258439,149,62,1845,6097,0.5915492957746479,506,1,1,1,0,0,1,0,0,0,0,1,0,0,0,1,1,0,0,0,0,0,0,0,0,0,1,0,0,0,0,0,0,0,0,0.085
29,2,3,2.583333333333333,51.58069444444445,134.97680555555556,36.0,10.422353915074105,288,72,3600,6624,1.0,376,0,1,0,1,0,1,0,0,0,1,0,0,0,0,1,1,0,0,0,0,0,0,0,0,0,1,0,0,0,0,1,0,0,0,0.0
22,14,2,2.352112676056338,51.29140845070423,123.23225352112676,5.071428571428571,13.0802703786225,71,710,3337,2556,1.0,380,1,1,0,0,1,0,0,1,0,1,0,0,0,1,0,0,0,1,0,0,0,1,0,0,0,0,0,0,0,0,0,0,1,0,0.0
19,10,4,2.464788732394366,47.27718309859155,117.91859154929575,7.1,0.22,0,284,639,5467,1.0,373,1,1,1,0,0,0,0,1,1,0,0,0,0,0,1,1,0,0,0,0,0,0,0,0,0,1,0,0,0,1,0,0,0,0,0.005
46,4,2,2.464788732394366,51.537887323943664,124.9218309859155,17.75,0.15,71,0,2698,6887,1.0,371,1,1,0,1,0,0,0,1,0,0,1,1,0,0,0,0,0,1,0,0,0,0,0,1,0,0,0,0,0,0,0,0,1,0,0.0
50,4,3,2.605633802816901,50.91507042253521,132.94591549295774,17.75,0.08,142,0,2059,3976,1.0,377,0,1,0,0,1,1,0,0,0,0,1,0,0,1,0,0,0,0,1,0,0,0,1,0,0,0,0,0,0,0,1,0,0,0,0.0
21,1,3,2.458333333333333,48.38513888888889,117.51513888888888,72.0,6.493395409035405,648,216,720,936,1.0,377,1,1,0,1,0,0,1,0,0,1,0,0,0,0,1,0,1,0,0,0,0,0,0,0,0,0,0,1,0,0,1,0,0,0,0.0
59,13,0,2.361111111111111,49.31986111111112,118.00527777777776,5.538461538461538,0.15,288,0,3384,4680,1.0,371,1,1,0,1,0,1,0,0,0,0,1,0,0,0,1,0,0,1,0,0,0,0,0,1,0,0,0,0,0,0,0,1,0,0,0.01
41,12,4,3.0416666666666665,51.02968023053691,154.7042215721849,6.0,0.2167033432307532,181,52,1223,2593,0.5,609,1,1,1,0,0,0,0,1,0,1,0,0,0,1,0,0,0,1,0,0,0,0,0,0,0,0,0,1,0,0,0,0,0,0,0.17
32,7,1,2.591549295774648,48.19943661971831,124.87845070422536,10.142857142857142,0.05,213,0,781,4189,1.0,493,0,1,0,0,1,1,0,0,1,0,0,0,0,0,1,0,0,1,0,0,1,0,0,0,0,0,0,0,0,0,1,0,0,0,0.995
50,13,0,2.6666666666666665,45.34722222222222,120.16305555555556,5.538461538461538,0.03,288,0,576,5976,1.0,376,0,1,0,0,1,0,0,1,0,0,1,1,0,0,0,0,0,0,1,0,0,0,0,0,0,0,0,1,0,0,0,1,0,0,0.0
66,3,1,2.6338028169014085,53.5356338028169,137.13197183098592,23.666666666666668,0.07,284,0,1136,5680,1.0,370,0,1,1,0,0,0,0,1,0,0,1,0,1,0,0,0,0,1,0,0,0,0,0,0,0,0,0,1,0,0,0,1,0,0,0.005
62,14,3,2.309859154929577,50.848028169014086,122.88408450704226,5.071428571428571,0.27,71,0,3337,2201,1.0,371,1,1,0,1,0,0,1,0,0,1,0,1,0,0,0,0,0,0,0,1,0,0,0,1,0,0,0,0,0,0,0,0,0,1,0.01
37,10,0,2.380281690140845,52.106056338028175,122.5674647887324,7.1,0.18,71,0,1420,1207,1.0,497,1,1,1,0,0,1,0,0,0,0,1,0,0,1,0,1,0,0,0,0,0,1,0,0,0,0,0,0,0,0,0,1,0,0,0.965
31,5,1,2.375,47.750416666666666,118.41166666666666,14.4,10.511517226231629,288,648,2808,1440,1.0,397,1,1,0,0,1,1,0,0,1,0,0,1,0,0,0,0,0,0,0,1,0,0,0,0,0,0,1,0,0,0,0,1,0,0,0.0
41,7,2,2.591549295774648,47.0018309859155,123.61366197183098,10.142857142857142,0.02,284,0,3408,2698,1.0,377,0,1,0,0,1,0,0,1,1,0,0,0,1,0,0,0,0,1,0,0,1,0,0,0,0,0,0,0,0,0,1,0,0,0,0.0
56,6,4,3.0972222222222223,56.42827843771674,175.43175065993898,12.0,0.3162493786769491,151,81,3383,1590,0.6388888888888888,694,0,1,0,1,0,1,0,0,0,0,1,0,1,0,0,0,0,0,0,1,1,0,0,0,0,0,0,0,0,0,1,0,0,0,0.145
38,2,2,2.563380281690141,50.20957746478874,131.5845070422535,35.5,0.14,0,284,2556,1775,1.0,374,1,1,0,1,0,0,1,0,0,1,0,1,0,0,0,0,1,0,0,0,0,0,0,0,0,0,1,0,0,0,0,1,0,0,0.0
62,14,3,2.408450704225352,52.27366197183098,121.19112676056338,5.071428571428571,0.27,71,0,3337,2201,1.0,399,1,1,0,1,0,0,1,0,0,1,0,1,0,0,0,0,0,0,0,1,0,0,0,1,0,0,0,0,0,1,0,0,0,0,0.005
18,1,4,2.535211267605634,48.58450704225352,125.72084507042254,71.0,0.22,213,0,1278,2769,1.0,371,1,1,0,1,0,0,0,1,1,0,0,1,0,0,0,0,1,0,0,0,0,0,1,0,0,0,0,0,0,0,0,0,1,0,0.005
32,7,1,2.507042253521127,48.79647887323943,121.87676056338027,10.142857142857142,0.05,213,0,781,4189,1.0,492,0,1,0,0,1,1,0,0,1,0,0,0,0,0,1,0,0,1,0,0,0,0,1,0,0,0,0,0,0,0,0,0,1,0,1.0
23,4,0,2.605633802816901,47.89985915492957,127.03971830985915,17.75,0.23,71,0,1775,2485,1.0,378,0,1,0,0,1,0,1,0,0,1,0,0,0,1,0,0,0,1,0,0,0,0,0,0,0,1,0,0,0,0,0,1,0,0,0.03
61,2,4,2.408450704225352,50.58450704225352,118.6112676056338,35.5,0.24,213,0,2627,6035,1.0,498,1,1,1,0,0,0,1,0,0,0,1,0,0,1,0,0,0,1,0,0,0,0,0,0,0,0,0,0,1,0,1,0,0,0,0.98
66,15,4,2.507042253521127,49.08380281690141,123.19985915492958,4.733333333333333,11.526385894687447,710,355,994,4047,1.0,370,1,1,1,0,0,1,0,0,1,0,0,0,0,0,1,0,0,1,0,0,0,0,0,1,0,0,0,0,0,0,0,0,0,1,0.0
60,10,1,2.5277777777777777,50.22763888888889,126.10125,7.199999999999999,0.05,216,0,2304,1872,1.0,490,0,1,0,1,0,0,0,1,1,0,0,0,0,1,0,0,0,0,1,0,0,0,0,1,0,0,0,0,0,0,0,1,0,0,0.995
49,8,4,2.486111111111111,49.85472222222222,124.63208333333334,9.0,0.05,144,0,1368,1080,1.0,497,1,1,0,0,1,0,1,0,0,0,1,0,1,0,0,0,1,0,0,0,0,0,1,0,0,0,0,0,0,0,0,1,0,0,0.995
62,6,3,2.5492957746478875,50.261267605633805,125.27535211267605,11.833333333333334,0.26,0,142,1562,4899,1.0,491,0,1,0,0,1,0,0,1,0,0,1,0,0,1,0,1,0,0,0,0,0,0,0,0,0,0,0,0,1,1,0,0,0,0,0.97
57,6,0,2.680555555555556,47.94222222222223,131.4588888888889,12.0,0.13,144,0,1584,936,1.0,370,1,1,0,0,1,0,1,0,0,1,0,0,0,0,1,0,0,0,1,0,0,0,0,1,0,0,0,0,0,0,0,1,0,0,0.005
37,13,0,2.638888888888889,49.57125,133.20486111111111,5.538461538461538,13.203249225295048,720,360,1440,1872,1.0,374,1,1,0,0,1,0,0,1,0,0,1,0,0,1,0,0,0,1,0,0,1,0,0,0,0,0,0,0,0,0,1,0,0,0,0.0
60,2,0,2.2535211267605635,48.95169014084507,108.22774647887324,35.5,0.01,355,0,1207,2911,1.0,376,0,1,1,0,0,0,1,0,1,0,0,0,0,1,0,1,0,0,0,0,1,0,0,0,0,0,0,0,0,0,0,1,0,0,0.005
36,5,4,2.680555555555556,47.98847222222222,129.92833333333334,14.4,6.181456079389093,648,72,720,5256,1.0,377,0,1,1,0,0,1,0,0,0,0,1,0,0,1,0,0,0,0,1,0,0,0,0,0,0,0,0,1,0,0,0,0,1,0,0.0
45,5,1,2.680555555555556,47.75277777777777,128.34180555555557,14.4,14.679563163475963,576,144,3456,5616,1.0,373,1,1,1,0,0,0,1,0,1,0,0,0,0,0,1,1,0,0,0,0,1,0,0,0,0,0,0,0,0,1,0,0,0,0,0.0
49,5,0,2.513888888888889,50.39111111111111,128.3075,14.4,0.08,0,216,2232,1656,1.0,515,1,1,1,0,0,1,0,0,0,1,0,0,0,0,1,0,1,0,0,0,0,0,1,0,0,0,0,0,0,0,0,0,0,1,0.985
25,9,4,2.507042253521127,46.0674647887324,118.18014084507044,7.888888888888888,0.16,142,0,1775,5538,1.0,496,1,1,0,1,0,1,0,0,0,1,0,0,1,0,0,0,0,1,0,0,0,1,0,0,0,0,0,0,0,0,1,0,0,0,0.99
29,12,0,2.704225352112676,52.16661971830986,143.0869014084507,5.916666666666667,0.26,142,0,1846,4757,1.0,492,0,1,1,0,0,0,0,1,0,0,1,0,0,0,1,0,0,0,0,1,0,0,0,0,0,0,0,0,1,0,1,0,0,0,0.995
21,7,1,2.361111111111111,54.7225,127.07277777777776,10.285714285714286,0.02,216,0,3672,6408,1.0,380,1,1,1,0,0,1,0,0,0,0,1,0,1,0,0,0,0,0,0,1,0,0,1,0,0,0,0,0,0,0,0,0,0,1,0.005
32,4,3,3.3194444444444446,51.35018389891796,173.64300282792314,18.0,0.3004669560689547,183,64,2303,2178,0.5972222222222222,921,1,1,1,0,0,0,0,1,0,0,1,1,0,0,0,1,0,0,0,0,0,1,0,0,0,0,0,0,0,0,0,0,0,0,0.1
53,3,2,2.535211267605634,48.48492957746479,123.10380281690142,23.666666666666668,0.11,0,142,3195,3195,1.0,375,1,1,0,1,0,0,1,0,1,0,0,1,0,0,0,0,0,0,1,0,0,0,0,0,0,0,1,0,0,0,0,1,0,0,0.01
43,9,0,2.513888888888889,47.59597222222222,120.39722222222224,8.0,12.012002113235292,216,504,2376,5040,1.0,375,0,1,0,1,0,0,1,0,0,0,1,0,0,0,1,1,0,0,0,0,0,0,0,0,0,1,0,0,0,0,0,1,0,0,0.0
49,6,1,2.619718309859155,45.77859154929577,118.94859154929578,11.833333333333334,0.15,426,0,994,5538,1.0,372,1,1,1,0,0,0,0,1,1,0,0,0,0,1,0,0,1,0,0,0,0,0,0,0,0,0,1,0,0,0,0,0,1,0,0.005
40,8,0,2.4788732394366195,52.90281690140845,129.56943661971832,8.875,0.25,284,0,2201,7313,1.0,370,0,1,0,1,0,1,0,0,0,1,0,1,0,0,0,0,0,0,0,1,0,0,0,0,0,0,0,1,0,0,0,1,0,0,0.005
26,5,3,2.464788732394366,47.40450704225352,116.3205633802817,14.2,0.29,0,142,2059,1633,1.0,511,0,1,1,0,0,0,0,1,0,1,0,0,1,0,0,0,0,0,0,1,0,0,1,0,0,0,0,0,0,1,0,0,0,0,0.99
39,14,4,2.5492957746478875,48.06802816901408,120.89957746478876,5.071428571428571,0.08,142,0,1136,6532,1.0,500,0,1,0,0,1,1,0,0,0,0,1,0,0,0,1,0,1,0,0,0,0,0,1,0,0,0,0,0,0,0,0,0,0,1,0.985
60,7,4,3.138888888888889,51.02255395327761,165.86243803533264,10.285714285714286,0.3465592280703853,159,78,719,3030,0.5972222222222222,639,1,1,0,1,0,1,0,0,0,1,0,1,0,0,0,1,0,0,0,0,0,0,0,0,0,0,0,1,0,0,0,0,0,0,0.17
31,13,4,2.986111111111111,46.88451705494824,138.77048927717044,5.538461538461538,0.2961669431953351,171,49,2159,2446,0.6388888888888888,780,1,1,0,1,0,1,0,0,0,0,1,1,0,0,0,1,0,0,0,0,1,0,0,0,0,0,0,0,0,0,0,0,0,0,0.12
53,6,4,3.056338028169014,53.78170379479266,167.661294913529,11.833333333333334,0.2418806635268899,122,106,496,1138,0.6619718309859155,504,0,1,0,1,0,0,0,1,1,0,0,0,1,0,0,1,0,0,0,0,0,0,0,0,0,0,0,1,0,0,1,0,0,0,0.825
69,13,4,2.5,52.00569444444445,128.03180555555556,5.538461538461538,0.16,0,360,1728,4608,1.0,371,1,1,0,1,0,1,0,0,1,0,0,0,0,1,0,0,1,0,0,0,0,0,0,0,1,0,0,0,0,0,1,0,0,0,0.01
66,12,1,2.535211267605634,49.86281690140845,122.76845070422534,5.916666666666667,0.04,284,0,1136,7313,1.0,375,1,1,0,1,0,0,0,1,0,1,0,0,0,1,0,1,0,0,0,0,1,0,0,0,0,0,0,0,0,0,0,0,1,0,0.0
65,7,1,3.2222222222222223,53.79680041330992,173.49886831990636,10.285714285714286,0.2569989017197083,191,55,575,6780,0.5972222222222222,799,0,1,1,0,0,0,1,0,1,0,0,0,0,0,1,0,0,1,0,0,1,0,0,0,0,0,0,0,0,0,0,0,0,0,0.84
20,1,1,2.4507042253521125,52.54323943661972,134.10718309859155,71.0,0.22,284,0,3550,4615,1.0,380,1,1,0,0,1,0,1,0,0,0,1,0,1,0,0,1,0,0,0,0,0,0,0,0,0,1,0,0,0,0,0,0,1,0,0.01
60,2,0,2.3194444444444446,47.44763888888889,106.86819444444444,36.0,0.01,360,0,1224,2952,1.0,376,0,1,1,0,0,0,1,0,1,0,0,0,0,1,0,1,0,0,0,0,1,0,0,0,0,0,0,0,0,0,0,0,0,1,0.0
49,9,1,2.464788732394366,49.6430985915493,122.41492957746478,7.888888888888888,0.16,213,0,1420,3976,1.0,374,1,1,0,1,0,1,0,0,0,1,0,0,1,0,0,0,0,1,0,0,0,0,0,0,0,0,1,0,0,0,1,0,0,0,0.005
70,1,0,2.6338028169014085,45.34971830985916,119.78352112676056,71.0,0.03,0,71,1491,1633,1.0,373,1,1,0,0,1,0,0,1,1,0,0,0,0,1,0,0,0,0,0,1,0,0,0,0,0,0,1,0,0,0,0,0,0,1,0.01
21,7,1,2.5,52.66763888888889,129.96,10.285714285714286,14.671491085699952,504,216,432,1008,1.0,372,1,1,1,0,0,1,0,0,1,0,0,1,0,0,0,0,0,1,0,0,0,0,0,0,1,0,0,0,0,0,0,0,0,1,0.0
32,12,1,2.8472222222222223,49.52263803138005,144.33374742747347,6.0,0.3100694466761188,157,56,1007,2722,0.5972222222222222,690,1,1,0,0,1,0,1,0,0,1,0,0,0,0,1,1,0,0,0,0,0,0,1,0,0,0,0,0,0,0,0,0,0,0,0.795
64,1,3,2.436619718309859,51.80549295774648,125.50802816901408,71.0,0.06,0,142,1562,1562,1.0,370,0,1,0,1,0,0,1,0,0,1,0,0,0,0,1,0,0,1,0,0,0,1,0,0,0,0,0,0,0,0,1,0,0,0,0.0
34,15,3,2.5,52.87486111111111,130.89069444444442,4.8,0.17,0,144,1944,3600,1.0,377,0,1,0,1,0,0,1,0,0,0,1,0,1,0,0,0,1,0,0,0,0,0,1,0,0,0,0,0,0,0,0,1,0,0,0.025
49,2,0,2.492957746478873,53.30788732394366,132.97154929577465,35.5,0.11,284,0,2769,2201,1.0,375,1,1,0,0,1,0,0,1,1,0,0,1,0,0,0,1,0,0,0,0,0,0,1,0,0,0,0,0,0,0,1,0,0,0,0.0
40,10,4,2.492957746478873,44.7274647887324,109.45788732394368,7.1,0.0,0,213,2272,6106,1.0,370,1,1,1,0,0,0,1,0,0,0,1,0,1,0,0,0,0,0,0,1,0,0,0,0,0,0,1,0,0,0,1,0,0,0,0.005
56,15,1,2.408450704225352,49.749154929577465,119.50507042253524,4.733333333333333,0.19,142,0,923,5751,1.0,378,1,1,0,1,0,1,0,0,0,0,1,0,0,1,0,0,1,0,0,0,0,0,1,0,0,0,0,0,0,1,0,0,0,0,0.005
66,12,0,2.486111111111111,49.16638888888889,122.89861111111112,6.0,0.1,0,216,3456,2520,1.0,376,1,1,0,0,1,1,0,0,0,0,1,0,1,0,0,0,0,1,0,0,0,1,0,0,0,0,0,0,0,0,0,0,1,0,0.01
39,14,4,2.464788732394366,50.725352112676056,124.86732394366196,5.071428571428571,0.01,213,0,2982,4686,1.0,490,1,1,0,0,1,0,0,1,0,0,1,1,0,0,0,0,0,0,1,0,0,0,0,0,1,0,0,0,0,0,0,0,1,0,0.99
37,13,0,2.676056338028169,47.665070422535216,131.80521126760564,5.461538461538462,13.203249225295048,710,355,1420,1846,1.0,374,1,1,0,0,1,0,0,1,0,0,1,0,0,1,0,0,0,1,0,0,0,0,0,0,0,0,0,1,0,1,0,0,0,0,0.0
48,10,1,2.436619718309859,49.81605633802817,121.8061971830986,7.1,0.2,0,213,3550,4686,1.0,378,0,1,0,1,0,0,1,0,0,1,0,0,0,1,0,0,0,0,0,1,0,0,0,0,0,0,0,0,1,0,1,0,0,0,0.0
34,8,4,2.75,48.10083333333333,136.66486111111112,9.0,9.187651188921814,360,144,1296,1728,1.0,377,0,1,1,0,0,1,0,0,0,0,1,0,0,1,0,0,0,0,0,1,0,0,0,1,0,0,0,0,0,0,0,0,0,1,0.0
63,10,4,2.408450704225352,47.73169014084508,114.68633802816902,7.1,0.11,213,0,1846,3834,1.0,490,0,1,0,0,1,1,0,0,1,0,0,0,0,0,1,0,0,1,0,0,0,0,0,0,0,0,0,1,0,0,0,1,0,0,1.0
31,5,4,2.4722222222222223,50.78541666666667,122.43847222222222,14.4,0.03,144,0,1368,1584,1.0,495,1,1,0,1,0,0,1,0,1,0,0,0,0,1,0,0,0,0,0,1,1,0,0,0,0,0,0,0,0,0,0,1,0,0,0.98
29,6,0,2.5774647887323945,50.85492957746479,129.11732394366197,11.833333333333334,0.29,0,355,1349,4970,1.0,490,1,1,0,1,0,0,1,0,1,0,0,0,0,0,1,0,0,0,1,0,0,1,0,0,0,0,0,0,0,0,1,0,0,0,1.0
23,9,4,2.464788732394366,49.46,118.46647887323944,7.888888888888888,0.1,0,213,2769,6177,1.0,499,1,1,0,1,0,0,1,0,1,0,0,1,0,0,0,0,1,0,0,0,1,0,0,0,0,0,0,0,0,0,0,1,0,0,0.99
64,11,4,2.305555555555556,45.0075,102.69708333333332,6.545454545454546,0.06,216,0,2088,6120,1.0,509,1,1,0,1,0,1,0,0,0,1,0,0,0,1,0,0,0,0,0,1,0,0,1,0,0,0,0,0,0,0,0,0,1,0,0.97
45,6,0,3.0416666666666665,50.99065445204703,157.47359003041032,12.0,0.3051737669112362,139,85,1295,3887,0.5555555555555556,711,0,1,0,0,1,1,0,0,0,1,0,1,0,0,0,0,0,0,0,1,0,0,0,1,0,0,0,0,0,0,0,0,0,0,0.075
22,14,4,2.535211267605634,47.46774647887324,120.05084507042254,5.071428571428571,0.2,213,0,2698,5112,1.0,498,1,1,0,1,0,1,0,0,0,1,0,1,0,0,0,0,1,0,0,0,0,0,0,0,0,0,0,1,0,0,0,0,1,0,1.0
67,14,2,2.647887323943662,52.54901408450704,142.2798591549296,5.071428571428571,0.05,142,0,3408,5254,1.0,504,1,1,1,0,0,0,0,1,0,0,1,0,1,0,0,0,0,0,1,0,0,0,0,1,0,0,0,0,0,0,1,0,0,0,0.985
60,5,4,2.625,46.967777777777776,121.36305555555556,14.4,0.02,72,0,3528,3744,1.0,492,0,1,0,1,0,0,1,0,1,0,0,1,0,0,0,0,0,1,0,0,0,0,0,0,0,0,0,1,0,1,0,0,0,0,1.0
53,15,2,2.380281690140845,52.46887323943662,124.93690140845072,4.733333333333333,0.04,0,213,994,6461,1.0,490,0,1,1,0,0,0,1,0,0,0,1,1,0,0,0,1,0,0,0,0,0,0,0,0,0,0,1,0,0,1,0,0,0,0,0.99
47,5,3,2.5416666666666665,50.65986111111111,128.20791666666665,14.4,0.08,0,144,576,6120,1.0,490,1,1,1,0,0,0,0,1,1,0,0,1,0,0,0,0,0,1,0,0,0,0,0,0,0,0,0,1,0,1,0,0,0,0,0.975
30,4,0,2.6338028169014085,50.73478873239437,129.57591549295773,17.75,0.18,284,0,2982,2485,1.0,493,1,1,0,1,0,0,1,0,0,1,0,0,1,0,0,0,0,0,1,0,0,0,0,0,1,0,0,0,0,1,0,0,0,0,0.985
24,2,4,2.833333333333333,46.42077616784665,132.10268800471994,36.0,0.3117093147608403,154,62,2231,2144,0.5972222222222222,714,0,1,0,0,1,0,0,1,0,0,1,0,1,0,0,0,1,0,0,0,0,1,0,0,0,0,0,0,0,0,0,0,0,0,0.11
41,10,4,2.375,47.26583333333333,112.3698611111111,7.199999999999999,0.25,0,288,1008,1584,1.0,370,0,1,0,1,0,1,0,0,0,1,0,1,0,0,0,0,0,0,0,1,1,0,0,0,0,0,0,0,0,1,0,0,0,0,0.005
52,1,4,2.611111111111111,47.785,124.5001388888889,72.0,0.06,72,0,3600,5688,1.0,495,0,1,1,0,0,0,1,0,0,0,1,1,0,0,0,0,1,0,0,0,0,0,1,0,0,0,0,0,0,0,0,1,0,0,0.985
20,9,0,2.5416666666666665,51.0975,133.94583333333333,8.0,0.13,288,0,2448,5328,1.0,373,0,1,1,0,0,0,1,0,1,0,0,1,0,0,0,0,0,0,1,0,0,0,1,0,0,0,0,0,0,0,1,0,0,0,0.01
50,4,3,2.4166666666666665,49.78777777777778,117.22763888888888,18.0,0.08,144,0,2088,4032,1.0,376,0,1,0,0,1,1,0,0,0,0,1,0,0,1,0,0,0,0,1,0,0,0,1,0,0,0,0,0,0,0,0,0,1,0,0.01
67,2,2,2.5694444444444446,49.29277777777778,127.97166666666664,36.0,0.07,144,0,864,3240,1.0,380,1,1,1,0,0,0,1,0,1,0,0,0,1,0,0,0,0,0,1,0,1,0,0,0,0,0,0,0,0,1,0,0,0,0,0.005
44,11,0,2.611111111111111,49.689166666666665,133.05180555555555,6.545454545454546,0.22,216,0,2736,7056,1.0,383,1,1,0,0,1,1,0,0,1,0,0,0,0,0,1,0,0,0,1,0,0,0,0,0,1,0,0,0,0,0,0,0,1,0,0.01
49,5,0,2.388888888888889,52.24027777777778,125.53430555555556,14.4,0.08,0,216,2232,1656,1.0,491,1,1,1,0,0,1,0,0,0,1,0,0,0,0,1,0,1,0,0,0,0,1,0,0,0,0,0,0,0,0,1,0,0,0,0.99
33,2,4,2.486111111111111,51.54875,131.13375,36.0,5.864957945911096,648,648,3312,3168,1.0,370,0,1,0,1,0,1,0,0,0,0,1,1,0,0,0,0,1,0,0,0,0,0,0,0,0,0,1,0,0,0,0,1,0,0,0.0
39,6,3,3.083333333333333,49.74828766628277,156.56782722030272,12.0,0.2739825580684774,171,52,575,6481,0.5416666666666666,729,1,1,1,0,0,0,1,0,0,0,1,0,1,0,0,0,1,0,0,0,0,0,0,0,0,1,0,0,0,0,0,0,0,0,0.1
40,4,2,2.4722222222222223,51.63208333333333,125.22111111111111,18.0,8.484291688565325,0,720,2736,5688,1.0,370,1,1,0,1,0,0,0,1,0,0,1,1,0,0,0,0,0,0,0,1,0,0,0,1,0,0,0,0,0,1,0,0,0,0,0.0
44,9,2,2.507042253521127,50.82774647887324,127.79056338028172,7.888888888888888,6.785057725304087,497,0,3266,5609,1.0,374,0,1,1,0,0,1,0,0,0,0,1,0,0,1,0,0,0,0,1,0,0,0,0,0,0,1,0,0,0,1,0,0,0,0,0.005
51,13,3,2.5,48.63208333333333,123.22611111111112,5.538461538461538,0.08,288,0,3672,1080,1.0,372,1,1,0,1,0,0,1,0,0,1,0,1,0,0,0,1,0,0,0,0,0,0,0,0,1,0,0,0,0,1,0,0,0,0,0.005
56,1,3,2.5277777777777777,50.58111111111111,129.17888888888888,72.0,9.99205815441885,504,648,3096,2376,1.0,370,0,1,1,0,0,0,1,0,0,0,1,0,0,0,1,0,0,0,0,1,0,0,1,0,0,0,0,0,0,0,0,0,0,1,0.0
50,10,4,2.4722222222222223,51.29208333333333,124.3723611111111,7.199999999999999,0.25,432,0,2160,7200,1.0,514,0,1,0,1,0,0,0,1,0,0,1,0,1,0,0,0,1,0,0,0,0,0,0,1,0,0,0,0,0,0,0,0,0,1,0.995
34,12,3,2.704225352112676,48.11718309859155,133.74492957746477,5.916666666666667,0.11,0,142,2556,7242,1.0,505,1,1,1,0,0,0,0,1,0,1,0,0,0,1,0,0,0,1,0,0,0,0,0,0,0,0,0,0,1,0,0,0,0,1,0.985
23,2,0,2.5211267605633805,50.41591549295775,129.67,35.5,0.02,284,0,639,5964,1.0,370,1,1,0,1,0,0,0,1,0,1,0,0,0,1,0,0,0,1,0,0,0,0,1,0,0,0,0,0,0,0,0,1,0,0,0.0
24,2,4,2.704225352112676,47.55098591549296,127.02211267605634,35.5,10.783070662780508,568,568,2130,1917,1.0,379,0,1,0,0,1,0,0,1,0,0,1,0,1,0,0,0,1,0,0,0,0,0,0,0,1,0,0,0,0,0,0,0,1,0,0.0
58,3,2,2.5416666666666665,52.66041666666667,132.40722222222223,24.0,0.03,216,0,2376,5544,1.0,494,0,1,1,0,0,0,1,0,0,0,1,0,0,1,0,0,1,0,0,0,0,0,0,0,1,0,0,0,0,0,0,1,0,0,0.98
48,10,4,2.6619718309859155,49.87802816901409,132.98915492957747,7.1,13.396364307572856,0,284,426,852,1.0,380,1,1,0,0,1,0,1,0,1,0,0,0,1,0,0,1,0,0,0,0,0,0,0,0,0,0,0,1,0,0,0,1,0,0,0.0
59,1,3,2.4444444444444446,48.503194444444446,121.52263888888888,72.0,0.02,72,0,2880,1440,1.0,371,1,1,1,0,0,0,0,1,1,0,0,0,0,1,0,1,0,0,0,0,0,0,0,0,0,1,0,0,0,0,1,0,0,0,0.005
57,12,3,2.430555555555556,50.48777777777778,123.47430555555556,6.0,0.01,216,0,2304,7272,1.0,370,0,1,1,0,0,0,1,0,0,0,1,1,0,0,0,1,0,0,0,0,0,0,1,0,0,0,0,0,0,0,0,0,0,1,0.0
39,6,3,2.619718309859155,52.1787323943662,139.9343661971831,11.833333333333334,9.576744180930373,0,426,497,6177,1.0,370,1,1,1,0,0,0,1,0,0,0,1,0,1,0,0,0,1,0,0,0,0,0,0,0,0,0,1,0,0,0,0,0,1,0,0.0
40,4,2,2.6666666666666665,48.72,129.38583333333335,18.0,8.484291688565325,0,720,2736,5688,1.0,382,1,1,0,1,0,0,0,1,0,0,1,1,0,0,0,0,0,0,0,1,1,0,0,0,0,0,0,0,0,0,1,0,0,0,0.0
32,2,1,3.1527777777777777,46.42548323582156,145.88881081857576,36.0,0.3077275153810062,190,37,3383,5192,0.5972222222222222,909,0,1,0,0,1,0,0,1,0,1,0,0,0,1,0,0,1,0,0,0,0,0,1,0,0,0,0,0,0,0,0,0,0,0,0.18
18,15,3,2.6619718309859155,52.33716935664469,136.25504293864148,4.733333333333333,0.2876072326922141,135,60,3265,4660,0.6197183098591549,568,0,1,0,1,0,1,0,0,0,0,1,0,0,0,1,0,1,0,0,0,1,0,0,0,0,0,0,0,0,0,0,0,0,0,0.145
21,5,4,2.708333333333333,44.888888888888886,124.70847222222224,14.4,0.28,72,0,864,6768,1.0,381,0,1,0,1,0,1,0,0,1,0,0,0,1,0,0,0,1,0,0,0,0,0,0,0,0,0,0,1,0,0,1,0,0,0,0.005
69,10,2,2.591549295774648,52.04816901408451,130.8625352112676,7.1,11.988521437096658,284,710,1065,2911,1.0,379,0,1,0,0,1,0,0,1,1,0,0,1,0,0,0,0,0,0,0,1,0,0,0,0,1,0,0,0,0,1,0,0,0,0,0.0
44,11,0,2.464788732394366,50.70619718309859,128.04267605633802,6.454545454545454,0.22,213,0,2698,6958,1.0,392,1,1,0,0,1,1,0,0,1,0,0,0,0,0,1,0,0,0,1,0,0,0,0,0,0,1,0,0,0,0,0,1,0,0,0.025
31,4,4,2.805555555555556,50.64930555555556,140.73666666666668,18.0,0.18,0,144,1584,7272,1.0,376,1,1,1,0,0,0,0,1,1,0,0,1,0,0,0,0,0,0,0,1,0,0,0,0,0,0,0,1,0,0,0,1,0,0,0.005
55,9,0,2.736111111111111,46.20373713416196,121.6005040922034,8.0,0.2582207061394777,126,72,1583,2929,0.5277777777777778,769,1,1,0,0,1,0,0,1,0,1,0,1,0,0,0,0,0,0,1,0,1,0,0,0,0,0,0,0,0,0,0,0,0,0,0.12
63,1,0,2.555555555555556,52.53236111111111,133.01597222222222,72.0,0.04,0,288,3528,6912,1.0,371,0,1,0,1,0,0,0,1,1,0,0,0,0,0,1,0,0,0,1,0,0,0,1,0,0,0,0,0,0,0,0,0,1,0,0.0
50,10,4,2.513888888888889,49.18,121.38680555555555,7.199999999999999,0.25,432,0,2160,7200,1.0,493,0,1,0,1,0,0,0,1,0,0,1,0,1,0,0,0,1,0,0,0,0,0,0,0,0,0,1,0,0,0,0,0,1,0,1.0
39,4,0,2.375,49.69513888888889,117.44375,18.0,0.18,144,0,864,5904,1.0,492,1,1,0,1,0,1,0,0,0,0,1,0,0,1,0,0,1,0,0,0,0,0,0,1,0,0,0,0,0,0,0,1,0,0,0.99
48,3,0,2.647887323943662,47.957605633802814,127.21,23.666666666666668,0.3,142,0,3266,3195,1.0,494,1,1,1,0,0,0,0,1,0,1,0,0,0,0,1,0,0,0,0,1,0,0,0,0,1,0,0,0,0,0,0,0,1,0,0.985
26,12,0,2.309859154929577,52.1556338028169,121.4087323943662,5.916666666666667,0.29,284,0,2840,6177,1.0,380,0,1,0,0,1,0,0,1,0,0,1,1,0,0,0,0,0,1,0,0,0,0,0,0,0,0,1,0,0,0,0,0,1,0,0.01
35,12,0,2.4444444444444446,49.397777777777776,119.40208333333334,6.0,5.543592706147611,576,360,864,5616,1.0,385,1,1,0,1,0,1,0,0,1,0,0,0,0,1,0,1,0,0,0,0,0,0,0,1,0,0,0,0,0,0,0,0,1,0,0.0
51,14,1,2.486111111111111,48.704166666666666,121.77208333333334,5.142857142857143,5.486951393525363,72,648,1944,4896,1.0,372,1,1,0,0,1,0,0,1,0,1,0,0,0,0,1,1,0,0,0,0,0,0,0,0,0,0,1,0,0,0,0,1,0,0,0.0
31,4,4,2.4166666666666665,47.703472222222224,114.8548611111111,18.0,0.18,0,144,1584,7272,1.0,372,1,1,1,0,0,0,0,1,1,0,0,1,0,0,0,0,0,0,0,1,0,0,0,1,0,0,0,0,0,0,0,0,1,0,0.0
62,1,2,2.611111111111111,49.88847222222222,128.85819444444445,72.0,0.12,288,0,432,5400,1.0,491,1,1,1,0,0,0,1,0,0,1,0,0,0,0,1,1,0,0,0,0,0,0,0,0,0,0,0,0,1,0,1,0,0,0,0.98
46,13,4,2.4722222222222223,54.53416666666666,136.81847222222223,5.538461538461538,0.3,144,0,3024,4104,1.0,494,0,1,0,0,1,1,0,0,0,0,1,1,0,0,0,0,0,0,1,0,0,1,0,0,0,0,0,0,0,0,0,0,1,0,0.98
40,13,4,2.422535211267605,51.79957746478873,127.75704225352112,5.461538461538462,0.25,142,0,2769,2982,1.0,378,1,1,0,1,0,0,0,1,0,0,1,1,0,0,0,0,0,0,1,0,0,1,0,0,0,0,0,0,0,0,0,0,1,0,0.015
55,11,2,2.5774647887323945,46.31845070422536,119.62915492957748,6.454545454545454,0.09,0,71,3550,4828,1.0,494,0,1,1,0,0,0,1,0,0,0,1,0,0,1,0,0,1,0,0,0,0,1,0,0,0,0,0,0,0,0,0,1,0,0,0.99
34,9,2,2.4166666666666665,45.09944444444445,108.89277777777778,8.0,14.663665891596189,576,0,1728,5328,1.0,378,0,1,1,0,0,1,0,0,1,0,0,0,1,0,0,0,0,1,0,0,0,0,1,0,0,0,0,0,0,0,1,0,0,0,0.0
49,6,2,2.6619718309859155,49.65915492957747,131.82464788732392,11.833333333333334,9.366820202264352,497,71,710,2201,1.0,373,1,1,1,0,0,1,0,0,0,0,1,0,0,1,0,0,1,0,0,0,0,0,0,0,0,0,0,0,1,0,0,0,0,1,0.0
58,1,0,2.375,51.2225,121.59125,72.0,0.09,0,72,432,4032,1.0,371,1,1,0,1,0,1,0,0,0,1,0,1,0,0,0,0,0,0,0,1,0,1,0,0,0,0,0,0,0,1,0,0,0,0,0.005
26,13,1,2.464788732394366,49.430845070422535,117.40605633802816,5.461538461538462,0.15,497,0,2840,6674,1.0,498,1,1,0,1,0,0,0,1,0,1,0,0,0,1,0,0,0,0,1,0,0,0,0,0,0,1,0,0,0,0,0,1,0,0,0.995
33,4,1,3.0416666666666665,50.36245844139143,153.97326442917938,18.0,0.3006022292206256,156,77,2087,2734,0.5972222222222222,628,1,1,0,0,1,1,0,0,0,1,0,0,1,0,0,0,0,1,0,0,0,1,0,0,0,0,0,0,0,0,0,0,0,0,0.095
21,7,1,3.0422535211267605,52.268334040543984,157.3806117430598,10.142857142857142,0.3486141534441588,185,42,3620,6320,0.5774647887323944,552,1,1,1,0,0,1,0,0,0,0,1,0,1,0,0,0,0,0,0,1,0,0,0,0,0,1,0,0,0,0,0,0,0,0,0.14
26,12,0,2.380281690140845,49.41183098591549,115.30070422535212,5.916666666666667,0.29,284,0,2840,6177,1.0,371,0,1,0,0,1,0,0,1,0,0,1,1,0,0,0,0,0,1,0,0,0,0,0,0,0,0,0,1,0,0,0,1,0,0,0.005
33,1,1,2.732394366197183,53.25295774647888,147.2207042253521,71.0,0.14,0,71,3266,2130,1.0,505,1,1,0,0,1,1,0,0,0,0,1,0,1,0,0,0,0,0,0,1,0,0,0,0,0,0,1,0,0,1,0,0,0,0,0.97
31,5,1,2.4027777777777777,48.74055555555556,118.09916666666666,14.4,10.511517226231629,288,648,2808,1440,1.0,382,1,1,0,0,1,1,0,0,1,0,0,1,0,0,0,0,0,0,0,1,0,0,0,0,0,0,1,0,0,1,0,0,0,0,0.0
44,15,3,2.625,46.184583333333336,117.12472222222222,4.8,0.13,0,216,1512,5760,1.0,490,1,1,0,0,1,0,1,0,0,0,1,1,0,0,0,1,0,0,0,0,0,0,1,0,0,0,0,0,0,1,0,0,0,0,0.985
47,8,1,2.4444444444444446,51.10736111111111,128.04055555555556,9.0,12.707630080622156,0,72,792,2808,1.0,380,0,1,1,0,0,1,0,0,0,1,0,1,0,0,0,1,0,0,0,0,0,0,1,0,0,0,0,0,0,1,0,0,0,0,0.0
21,10,2,2.492957746478873,51.77197183098591,126.58323943661972,7.1,0.11,0,355,994,6106,1.0,371,0,1,1,0,0,1,0,0,1,0,0,0,1,0,0,0,1,0,0,0,0,0,0,0,0,0,0,1,0,1,0,0,0,0,0.005
60,4,0,2.535211267605634,49.19366197183098,129.28112676056338,17.75,0.15,0,142,1988,4828,1.0,371,0,1,0,1,0,0,0,1,0,1,0,0,0,0,1,0,1,0,0,0,0,0,0,0,0,0,1,0,0,0,0,0,1,0,0.005
40,15,4,2.464788732394366,51.16535211267606,125.4250704225352,4.733333333333333,0.18,284,0,3337,4615,1.0,374,0,1,0,1,0,0,1,0,1,0,0,0,0,0,1,1,0,0,0,0,0,0,0,0,1,0,0,0,0,0,0,1,0,0,0.01
38,15,4,2.4788732394366195,47.80915492957746,119.32577464788731,4.733333333333333,0.19,71,0,3337,2272,1.0,491,0,1,0,0,1,1,0,0,0,1,0,0,1,0,0,0,1,0,0,0,0,0,0,0,1,0,0,0,0,1,0,0,0,0,0.99
56,8,0,2.5277777777777777,47.99388888888889,120.48333333333332,9.0,0.04,0,432,1512,7128,1.0,375,0,1,0,0,1,0,0,1,0,1,0,0,1,0,0,0,0,0,0,1,0,0,0,0,1,0,0,0,0,0,0,0,1,0,0.0
31,12,1,2.3194444444444446,49.091388888888886,112.26972222222224,6.0,0.17,288,0,504,6048,1.0,376,0,1,1,0,0,1,0,0,0,1,0,1,0,0,0,0,1,0,0,0,1,0,0,0,0,0,0,0,0,1,0,0,0,0,0.005
20,13,1,2.6338028169014085,50.05859154929577,124.7561971830986,5.461538461538462,0.28,284,0,710,6461,1.0,390,0,1,0,0,1,1,0,0,1,0,0,0,0,1,0,0,1,0,0,0,0,0,1,0,0,0,0,0,0,0,1,0,0,0,0.0
25,1,2,2.361111111111111,54.69958333333333,133.71458333333334,72.0,0.13,216,0,1512,4968,1.0,498,0,1,1,0,0,0,0,1,0,0,1,1,0,0,0,0,0,0,1,0,0,0,1,0,0,0,0,0,0,0,1,0,0,0,0.985
56,6,4,2.436619718309859,50.60647887323944,125.81394366197183,11.833333333333334,11.519955264740332,497,213,3266,1349,1.0,381,0,1,0,1,0,1,0,0,0,0,1,0,1,0,0,0,0,0,0,1,0,0,0,1,0,0,0,0,0,0,0,1,0,0,0.0
37,11,3,2.375,50.81944444444444,123.0773611111111,6.545454545454546,0.09,0,288,2088,4104,1.0,393,1,1,1,0,0,1,0,0,1,0,0,1,0,0,0,0,0,0,0,1,0,0,0,0,0,1,0,0,0,0,1,0,0,0,0.0
26,5,1,2.4788732394366195,48.99352112676056,120.31,14.2,0.18,0,213,1207,2485,1.0,491,1,1,1,0,0,0,1,0,1,0,0,1,0,0,0,0,0,0,1,0,1,0,0,0,0,0,0,0,0,1,0,0,0,0,0.97
60,4,4,2.5211267605633805,47.69732394366198,118.38028169014083,17.75,0.02,0,213,1136,1775,1.0,373,0,1,0,1,0,0,1,0,1,0,0,0,0,1,0,0,0,0,0,1,1,0,0,0,0,0,0,0,0,1,0,0,0,0,0.0
66,10,0,2.887323943661972,50.72125930618567,146.7316569430525,7.1,0.2568607318408774,149,63,1774,1266,0.6338028169014085,517,0,1,0,0,1,0,1,0,0,1,0,0,0,0,1,0,0,0,0,1,0,0,0,1,0,0,0,0,0,0,0,0,0,0,0.12
47,9,2,2.763888888888889,51.95666666666667,149.35111111111112,8.0,0.09,144,0,936,1584,1.0,371,1,1,0,1,0,1,0,0,1,0,0,1,0,0,0,0,1,0,0,0,0,1,0,0,0,0,0,0,0,0,0,0,1,0,0.015
22,10,4,2.5211267605633805,48.98352112676056,119.8043661971831,7.1,0.13,142,0,639,7100,1.0,372,0,1,0,0,1,0,1,0,0,0,1,1,0,0,0,1,0,0,0,0,0,0,0,0,0,0,0,1,0,1,0,0,0,0,0.005
45,2,4,2.6527777777777777,49.9725,129.81583333333333,36.0,11.342879700165357,360,432,504,1512,1.0,374,0,1,1,0,0,1,0,0,0,1,0,0,0,0,1,0,0,0,1,0,0,0,0,0,0,0,1,0,0,0,1,0,0,0,0.0
49,5,0,2.5694444444444446,50.27263888888889,128.20291666666668,14.4,0.08,0,216,2232,1656,1.0,495,1,1,1,0,0,1,0,0,0,1,0,0,0,0,1,0,1,0,0,0,1,0,0,0,0,0,0,0,0,0,1,0,0,0,0.985
41,11,2,2.4444444444444446,48.65638888888889,118.95847222222224,6.545454545454546,0.28,0,144,1728,4896,1.0,374,1,1,1,0,0,0,1,0,0,1,0,1,0,0,0,0,0,0,0,1,0,0,1,0,0,0,0,0,0,0,1,0,0,0,0.005
56,15,4,2.388888888888889,50.56222222222223,121.59597222222222,4.8,0.1,144,0,2088,5688,1.0,370,0,1,1,0,0,1,0,0,0,1,0,1,0,0,0,1,0,0,0,0,0,0,0,0,0,0,1,0,0,1,0,0,0,0,0.0
67,5,1,2.4444444444444446,47.316805555555554,113.8934722222222,14.4,0.25,144,0,1584,7128,1.0,507,0,1,1,0,0,1,0,0,0,1,0,0,1,0,0,0,0,1,0,0,0,0,1,0,0,0,0,0,0,1,0,0,0,0,0.99
39,9,0,2.3943661971830985,45.8843661971831,113.30943661971833,7.888888888888888,0.18,0,71,2840,5538,1.0,376,0,1,0,1,0,1,0,0,0,1,0,1,0,0,0,0,0,1,0,0,0,0,0,0,0,0,1,0,0,0,0,1,0,0,0.01
37,15,4,2.611111111111111,50.79486111111111,133.70569444444445,4.8,0.22,0,144,2808,7056,1.0,527,0,1,0,1,0,0,1,0,0,1,0,0,0,1,0,0,0,1,0,0,0,0,0,0,0,1,0,0,0,0,0,0,1,0,0.995
32,2,0,2.816901408450704,49.54386984829024,139.76435941489035,35.5,0.3473646036328707,126,73,3265,4813,0.6338028169014085,486,1,1,1,0,0,1,0,0,1,0,0,0,0,1,0,0,0,0,1,0,0,0,0,0,0,1,0,0,0,0,0,0,0,0,0.81
68,11,1,2.3661971830985915,47.43760563380282,115.14450704225352,6.454545454545454,0.14,284,0,3550,2556,1.0,371,1,1,0,0,1,0,0,1,0,1,0,0,1,0,0,0,1,0,0,0,0,0,0,0,0,0,0,1,0,0,0,0,0,1,0.01
69,11,3,2.788732394366197,52.92044212295453,146.4025547990109,6.454545454545454,0.3475440992439441,135,73,2555,5522,0.6619718309859155,458,1,1,0,0,1,0,1,0,1,0,0,0,0,0,1,0,1,0,0,0,0,0,0,0,0,0,0,1,0,0,1,0,0,0,0.105
60,1,0,2.2222222222222223,47.80888888888889,105.55652777777776,72.0,0.06,0,288,1512,4320,1.0,372,1,1,1,0,0,0,0,1,1,0,0,1,0,0,0,0,0,0,1,0,0,1,0,0,0,0,0,0,0,0,0,0,1,0,0.015
26,4,2,2.605633802816901,48.63732394366197,129.52084507042252,17.75,0.21,284,0,852,3195,1.0,378,0,1,0,0,1,0,1,0,0,1,0,1,0,0,0,0,0,1,0,0,0,0,1,0,0,0,0,0,0,0,0,1,0,0,0.0
55,4,4,2.555555555555556,47.8825,120.80777777777776,18.0,6.927618209488768,360,432,432,4824,1.0,384,0,1,0,1,0,0,0,1,0,1,0,1,0,0,0,0,0,0,1,0,0,0,0,1,0,0,0,0,0,0,0,0,1,0,0.0
33,1,2,2.563380281690141,51.76859154929578,132.31028169014084,71.0,0.04,142,0,2982,4047,1.0,371,1,1,0,0,1,0,0,1,1,0,0,0,0,1,0,0,1,0,0,0,1,0,0,0,0,0,0,0,0,0,0,1,0,0,0.0
24,12,2,2.708333333333333,50.77763888888889,134.63444444444443,6.0,0.28,360,0,1152,6336,1.0,373,0,1,0,0,1,0,0,1,0,0,1,0,0,1,0,0,1,0,0,0,0,0,0,0,0,1,0,0,0,0,0,1,0,0,0.01
66,12,1,2.5492957746478875,54.82323943661972,145.97169014084506,5.916666666666667,0.08,0,213,3195,4828,1.0,499,0,1,1,0,0,1,0,0,1,0,0,0,1,0,0,0,0,0,0,1,0,1,0,0,0,0,0,0,0,1,0,0,0,0,0.985
63,10,4,2.638888888888889,49.6225,129.8720833333333,7.199999999999999,0.11,216,0,1872,3888,1.0,490,0,1,0,0,1,1,0,0,1,0,0,0,0,0,1,0,0,1,0,0,0,0,1,0,0,0,0,0,0,0,0,0,0,1,1.0
57,9,1,2.492957746478873,48.8256338028169,122.66830985915496,7.888888888888888,0.08,0,213,2769,1917,1.0,496,1,1,0,1,0,1,0,0,0,0,1,0,1,0,0,0,0,0,1,0,0,0,0,0,0,0,0,1,0,0,0,0,0,1,0.975
34,15,2,2.507042253521127,49.39732394366197,126.23394366197184,4.733333333333333,0.07,284,0,1846,1917,1.0,499,1,1,0,1,0,0,1,0,0,0,1,1,0,0,0,0,1,0,0,0,0,1,0,0,0,0,0,0,0,0,0,1,0,0,1.0
44,9,1,3.263888888888889,44.48087563833353,145.88586366444522,8.0,0.2802058469421821,178,62,1583,4119,0.5972222222222222,838,0,1,0,1,0,1,0,0,0,0,1,0,1,0,0,0,1,0,0,0,0,1,0,0,0,0,0,0,0,0,0,0,0,0,0.11
66,9,1,3.013888888888889,52.01714631100658,158.6285222663531,8.0,0.2931028790732679,166,62,2231,2014,0.6805555555555556,735,0,1,1,0,0,1,0,0,1,0,0,1,0,0,0,0,0,0,1,0,0,1,0,0,0,0,0,0,0,0,0,0,1,0,0.135
38,15,4,2.611111111111111,47.383472222222224,120.18916666666668,4.8,0.19,72,0,3384,2304,1.0,508,0,1,0,0,1,1,0,0,0,1,0,0,1,0,0,0,1,0,0,0,0,0,0,0,0,0,1,0,0,0,1,0,0,0,0.99
28,5,1,3.0277777777777777,50.4022417533516,158.07559461781432,14.4,0.3645126184464428,130,94,2087,6192,0.6388888888888888,688,1,1,0,0,1,0,1,0,0,0,1,0,0,0,1,0,0,0,1,0,1,0,0,0,0,0,0,0,0,0,0,0,1,0,0.08
30,12,3,2.638888888888889,49.812916666666666,131.24694444444447,6.0,9.407550945435665,504,0,504,6192,1.0,375,0,1,1,0,0,0,1,0,0,0,1,0,0,1,0,0,1,0,0,0,0,0,0,0,0,1,0,0,0,0,1,0,0,0,0.0
38,8,0,2.583333333333333,52.524166666666666,133.67319444444445,9.0,0.2,0,216,2664,4392,1.0,370,1,1,0,1,0,0,0,1,1,0,0,1,0,0,0,0,1,0,0,0,0,0,1,0,0,0,0,0,0,0,1,0,0,0,0.01
61,13,2,2.5277777777777777,52.29208333333334,133.93097222222224,5.538461538461538,10.541547708051995,72,72,3024,4176,1.0,370,0,1,0,1,0,0,0,1,0,1,0,0,0,0,1,1,0,0,0,0,0,0,0,0,0,0,0,1,0,0,1,0,0,0,0.0
46,9,3,2.605633802816901,52.22816901408451,139.62408450704226,7.888888888888888,0.23,142,0,3621,6745,1.0,372,0,1,1,0,0,1,0,0,0,0,1,0,1,0,0,0,0,0,0,1,0,0,0,0,0,1,0,0,0,1,0,0,0,0,0.01
26,14,0,2.563380281690141,49.24070422535211,124.76478873239436,5.071428571428571,0.06,284,0,1136,2911,1.0,374,1,1,0,1,0,0,1,0,0,0,1,0,1,0,0,0,0,1,0,0,0,0,0,0,0,0,1,0,0,0,1,0,0,0,0.0
47,10,0,2.4722222222222223,53.531666666666666,128.39138888888888,7.199999999999999,0.21,72,0,1512,1008,1.0,373,1,1,0,1,0,0,1,0,0,0,1,1,0,0,0,0,1,0,0,0,0,1,0,0,0,0,0,0,0,0,0,0,1,0,0.01
33,12,1,2.943661971830986,48.37561858924617,143.50250478412616,5.916666666666667,0.2902281206438731,160,57,2910,4538,0.6619718309859155,569,1,1,1,0,0,0,1,0,1,0,0,1,0,0,0,0,0,0,1,0,0,1,0,0,0,0,0,0,0,0,1,0,0,0,0.15
35,12,3,2.5972222222222223,53.23583333333333,141.88944444444445,6.0,0.03,0,216,3384,5544,1.0,500,1,1,0,1,0,1,0,0,0,1,0,1,0,0,0,0,1,0,0,0,0,0,1,0,0,0,0,0,0,0,0,1,0,0,0.995
56,15,1,2.507042253521127,54.09478873239436,138.30239436619718,4.733333333333333,0.19,142,0,923,5751,1.0,372,1,1,0,1,0,1,0,0,0,0,1,0,0,1,0,0,1,0,0,0,0,1,0,0,0,0,0,0,0,1,0,0,0,0,0.015
44,6,3,2.563380281690141,48.02464788732394,124.05760563380282,11.833333333333334,0.11,71,0,1136,1988,1.0,373,1,1,1,0,0,1,0,0,1,0,0,1,0,0,0,1,0,0,0,0,0,0,0,0,1,0,0,0,0,1,0,0,0,0,0.015
61,15,3,2.5492957746478875,47.70014084507042,118.29507042253522,4.733333333333333,6.043439896799889,71,284,1491,5964,1.0,377,1,1,0,0,1,1,0,0,0,1,0,0,1,0,0,0,0,1,0,0,0,0,0,1,0,0,0,0,0,0,0,1,0,0,0.0
49,8,4,2.611111111111111,50.21986111111111,132.5641666666667,9.0,0.05,144,0,1368,1080,1.0,500,1,1,0,0,1,0,1,0,0,0,1,0,1,0,0,0,1,0,0,0,0,0,0,0,1,0,0,0,0,0,0,0,1,0,1.0
46,14,3,2.507042253521127,52.01380281690141,130.9150704225352,5.071428571428571,0.28,0,71,2769,1491,1.0,377,0,1,1,0,0,0,1,0,1,0,0,0,1,0,0,0,0,1,0,0,0,0,0,0,0,0,0,1,0,1,0,0,0,0,0.0
63,1,0,3.0694444444444446,47.79125151895957,149.19306011243424,72.0,0.2389771537859278,166,56,3527,6842,0.625,675,0,1,0,1,0,0,0,1,1,0,0,0,0,0,1,0,0,0,1,0,0,0,0,0,0,0,0,1,0,0,0,0,0,0,0.14
66,12,0,3.0,48.92957028844285,154.26123695510952,6.0,0.3202348098379034,150,73,2015,6839,0.6388888888888888,888,0,1,0,1,0,0,0,1,1,0,0,0,0,0,1,0,0,1,0,0,0,1,0,0,0,0,0,0,0,0,0,0,0,0,0.115
36,14,0,2.464788732394366,47.23042253521127,117.31169014084506,5.071428571428571,12.27544002550685,355,639,568,1846,1.0,388,0,1,0,0,1,0,0,1,0,0,1,0,1,0,0,0,0,1,0,0,0,0,0,0,0,0,1,0,0,0,0,1,0,0,0.0
40,15,4,2.4027777777777777,41.70402777777778,99.91486111111112,4.8,0.18,288,0,3384,4680,1.0,386,0,1,0,1,0,0,1,0,1,0,0,0,0,0,1,1,0,0,0,0,0,0,0,0,0,0,0,0,1,0,1,0,0,0,0.01
32,12,2,2.5492957746478875,49.52577464788733,128.0007042253521,5.916666666666667,0.11,0,213,2698,2414,1.0,378,0,1,1,0,0,0,0,1,0,0,1,0,0,0,1,0,0,1,0,0,0,0,0,0,0,0,0,0,1,0,0,0,1,0,0.0
24,10,3,2.436619718309859,45.95295774647887,109.7430985915493,7.1,0.17,0,142,1562,5538,1.0,492,1,1,0,0,1,0,1,0,0,0,1,0,0,0,1,0,0,0,0,1,0,0,0,0,1,0,0,0,0,0,0,0,1,0,0.995
64,12,3,2.535211267605634,52.41380281690141,131.71563380281688,5.916666666666667,0.18,426,0,2201,5467,1.0,498,1,1,1,0,0,0,0,1,1,0,0,0,1,0,0,0,0,1,0,0,1,0,0,0,0,0,0,0,0,0,1,0,0,0,1.0
37,11,3,2.971830985915493,50.28669761603149,145.04644582663633,6.454545454545454,0.3409191784043007,142,72,2058,3969,0.5774647887323944,491,1,1,1,0,0,1,0,0,1,0,0,1,0,0,0,0,0,0,0,1,0,0,1,0,0,0,0,0,0,0,0,0,0,0,0.145
28,5,4,2.4788732394366195,50.40239436619719,124.92084507042252,14.2,0.1,284,0,2414,5680,1.0,493,0,1,1,0,0,0,1,0,1,0,0,0,1,0,0,0,0,1,0,0,0,0,0,0,0,1,0,0,0,0,0,0,1,0,0.98
21,1,2,2.6619718309859155,46.9981690140845,125.47535211267606,71.0,9.921265665388862,71,639,3195,1775,1.0,374,0,1,0,1,0,0,1,0,0,1,0,0,0,1,0,0,1,0,0,0,1,0,0,0,0,0,0,0,0,0,0,1,0,0,0.0
43,4,1,2.736111111111111,46.28097222222223,129.15027777777777,18.0,0.28,288,0,1944,5400,1.0,383,0,1,0,1,0,0,1,0,0,1,0,1,0,0,0,0,0,0,1,0,0,0,1,0,0,0,0,0,0,0,1,0,0,0,0.005
32,2,0,2.3943661971830985,52.15647887323944,125.98859154929578,35.5,0.1,213,0,3266,4828,1.0,493,1,1,1,0,0,1,0,0,1,0,0,0,0,1,0,0,0,0,1,0,0,0,1,0,0,0,0,0,0,0,0,1,0,0,1.0
39,14,4,2.507042253521127,49.71098591549296,129.53352112676055,5.071428571428571,0.01,213,0,2982,4686,1.0,497,1,1,0,0,1,0,0,1,0,0,1,1,0,0,0,0,0,0,1,0,0,0,0,0,0,0,0,1,0,1,0,0,0,0,0.975
59,1,3,2.4166666666666665,47.57013888888889,116.88180555555556,72.0,0.02,72,0,2880,1440,1.0,378,1,1,1,0,0,0,0,1,1,0,0,0,0,1,0,1,0,0,0,0,0,0,0,0,0,0,0,0,1,1,0,0,0,0,0.0
57,14,4,2.9295774647887325,51.41212669066854,144.39395767658405,5.071428571428571,0.2424758708798756,140,75,1348,6171,0.6056338028169014,512,1,1,1,0,0,1,0,0,0,1,0,0,1,0,0,0,0,0,0,1,0,0,1,0,0,0,0,0,0,0,0,0,0,0,0.145
42,13,2,2.6619718309859155,50.06211267605634,129.65633802816902,5.461538461538462,0.01,426,0,497,7384,1.0,385,0,1,0,0,1,1,0,0,0,0,1,0,1,0,0,0,0,1,0,0,0,0,0,0,0,0,0,1,0,0,0,1,0,0,0.0
35,12,3,2.5211267605633805,54.68591549295775,138.74887323943662,5.916666666666667,0.03,0,213,3337,5467,1.0,494,1,1,0,1,0,1,0,0,0,1,0,1,0,0,0,0,1,0,0,0,0,0,0,1,0,0,0,0,0,0,0,1,0,0,0.99
61,13,2,2.591549295774648,48.91957746478873,123.16704225352112,5.461538461538462,10.541547708051995,71,71,2982,4118,1.0,371,0,1,0,1,0,0,0,1,0,1,0,0,0,0,1,1,0,0,0,0,0,0,0,0,0,0,0,0,1,0,0,0,1,0,0.0
70,6,1,2.605633802816901,46.34380281690141,117.39535211267604,11.833333333333334,7.593953421698728,355,426,3337,781,1.0,388,0,1,1,0,0,1,0,0,0,0,1,0,0,0,1,0,0,0,1,0,0,1,0,0,0,0,0,0,0,0,0,1,0,0,0.0
19,8,2,2.5416666666666665,47.45125,122.7,9.0,0.29,72,0,1944,1512,1.0,370,1,1,1,0,0,0,0,1,0,0,1,0,0,1,0,0,0,0,0,1,0,0,0,1,0,0,0,0,0,1,0,0,0,0,0.0
70,9,4,2.5492957746478875,48.37422535211268,124.81521126760562,7.888888888888888,0.16,142,0,1349,3905,1.0,510,1,1,0,1,0,0,1,0,0,1,0,0,0,1,0,0,0,0,0,1,0,0,1,0,0,0,0,0,0,0,0,1,0,0,0.99
38,4,1,2.861111111111111,49.16859838984712,139.18066900191647,18.0,0.248438443906051,148,64,1727,2796,0.6388888888888888,884,1,1,1,0,0,1,0,0,1,0,0,1,0,0,0,1,0,0,0,0,0,0,1,0,0,0,0,0,0,0,0,0,0,0,0.715
45,6,4,2.591549295774648,48.35394366197183,125.9330985915493,11.833333333333334,10.205508242254684,0,497,1775,5396,1.0,372,1,1,0,1,0,1,0,0,0,0,1,0,0,0,1,0,0,1,0,0,0,0,0,0,1,0,0,0,0,0,1,0,0,0,0.0
63,14,3,2.5774647887323945,51.17084507042254,134.61,5.071428571428571,0.05,71,0,2840,852,1.0,378,1,1,0,1,0,0,1,0,1,0,0,1,0,0,0,0,0,0,0,1,0,0,0,0,0,0,0,1,0,1,0,0,0,0,0.0
56,6,4,2.718309859154929,50.6643661971831,137.70014084507042,11.833333333333334,11.519955264740332,497,213,3266,1349,1.0,377,0,1,0,1,0,1,0,0,0,0,1,0,1,0,0,0,0,0,0,1,0,0,1,0,0,0,0,0,0,0,0,0,0,1,0.0
62,6,3,2.875,47.775416666666665,139.63916666666668,12.0,0.26,0,144,1584,4968,1.0,499,0,1,0,0,1,0,0,1,0,0,1,0,0,1,0,1,0,0,0,0,0,0,1,0,0,0,0,0,0,0,1,0,0,0,0.96
62,6,2,2.380281690140845,49.625352112676055,115.59225352112676,11.833333333333334,0.25,213,0,2414,4189,1.0,374,0,1,0,0,1,0,1,0,0,1,0,0,1,0,0,0,0,1,0,0,0,0,0,0,1,0,0,0,0,0,0,0,0,1,0.01
21,1,0,2.535211267605634,47.7356338028169,120.62225352112677,71.0,0.26,284,0,2911,5751,1.0,491,0,1,1,0,0,0,0,1,1,0,0,1,0,0,0,0,0,0,1,0,0,0,0,0,0,0,0,1,0,1,0,0,0,0,1.0
40,13,4,2.4722222222222223,48.80916666666667,124.00097222222222,5.538461538461538,0.25,144,0,2808,3024,1.0,373,1,1,0,1,0,0,0,1,0,0,1,1,0,0,0,0,0,0,1,0,0,0,0,0,1,0,0,0,0,0,0,1,0,0,0.01
65,7,1,2.323943661971831,52.95507042253521,123.73845070422536,10.142857142857142,0.18,0,142,568,6603,1.0,495,0,1,1,0,0,0,1,0,1,0,0,0,0,0,1,0,0,1,0,0,0,0,0,0,0,1,0,0,0,1,0,0,0,0,0.99
38,4,1,2.5,51.761805555555554,132.13319444444446,18.0,0.06,288,0,1728,2880,1.0,503,1,1,1,0,0,1,0,0,1,0,0,1,0,0,0,1,0,0,0,0,0,0,1,0,0,0,0,0,0,0,0,0,1,0,0.985
28,13,2,2.436619718309859,51.16028169014085,121.32169014084508,5.461538461538462,5.674058651816404,142,213,1349,710,1.0,372,1,1,0,0,1,0,0,1,0,0,1,0,0,1,0,0,0,0,0,1,0,0,1,0,0,0,0,0,0,0,1,0,0,0,0.0
66,12,0,2.5,45.41236111111111,114.97027777777778,6.0,12.246906308329049,216,360,1944,6624,1.0,372,0,1,0,1,0,0,0,1,1,0,0,0,0,0,1,0,0,1,0,0,0,0,0,0,0,0,0,0,1,0,1,0,0,0,0.0
62,5,2,2.676056338028169,52.60492957746479,139.62464788732396,14.2,0.29,71,0,3337,6603,1.0,493,0,1,1,0,0,0,1,0,0,1,0,0,1,0,0,0,0,0,0,1,0,0,0,0,1,0,0,0,0,0,0,0,1,0,0.995
26,5,3,2.5492957746478875,48.5743661971831,120.07521126760564,14.2,0.29,0,142,2059,1633,1.0,492,0,1,1,0,0,0,0,1,0,1,0,0,1,0,0,0,0,0,0,1,0,0,0,0,0,0,0,0,1,0,1,0,0,0,1.0
26,4,2,2.5694444444444446,48.89013888888889,125.25736111111112,18.0,0.21,288,0,864,3240,1.0,374,0,1,0,0,1,0,1,0,0,1,0,1,0,0,0,0,0,1,0,0,0,0,0,0,0,0,1,0,0,0,0,0,0,1,0.0
47,10,0,2.647887323943662,50.09549295774648,137.1705633802817,7.1,0.21,71,0,1491,994,1.0,382,1,1,0,1,0,0,1,0,0,0,1,1,0,0,0,0,1,0,0,0,0,0,0,0,1,0,0,0,0,0,0,1,0,0,0.01
37,8,4,2.5277777777777777,49.43416666666667,124.58319444444444,9.0,0.18,216,0,3528,2952,1.0,370,0,1,1,0,0,1,0,0,1,0,0,0,0,0,1,0,0,1,0,0,0,1,0,0,0,0,0,0,0,0,1,0,0,0,0.01
28,10,1,2.5694444444444446,48.51583333333333,125.4486111111111,7.199999999999999,0.07,216,0,1728,3744,1.0,382,1,1,1,0,0,1,0,0,1,0,0,0,0,0,1,1,0,0,0,0,0,0,0,1,0,0,0,0,0,0,0,0,1,0,0.015
48,10,1,2.619718309859155,53.07338028169014,141.4612676056338,7.1,0.2,0,213,3550,4686,1.0,378,0,1,0,1,0,0,1,0,0,1,0,0,0,1,0,0,0,0,0,1,0,0,0,0,0,0,1,0,0,0,0,0,0,1,0.0
49,3,1,3.211267605633803,49.4032787573509,158.12064202174403,23.666666666666668,0.2499792939922249,153,79,3407,6616,0.5633802816901409,558,0,1,0,0,1,1,0,0,0,1,0,0,0,1,0,0,1,0,0,0,1,0,0,0,0,0,0,0,0,0,0,0,0,0,0.1
40,13,4,2.486111111111111,48.04097222222222,116.08541666666666,5.538461538461538,0.25,144,0,2808,3024,1.0,376,1,1,0,1,0,0,0,1,0,0,1,1,0,0,0,0,0,0,1,0,0,1,0,0,0,0,0,0,0,0,0,0,0,1,0.01
55,11,2,2.305555555555556,48.99180555555555,108.99583333333334,6.545454545454546,0.09,0,72,3600,4896,1.0,490,0,1,1,0,0,0,1,0,0,0,1,0,0,1,0,0,1,0,0,0,1,0,0,0,0,0,0,0,0,0,0,0,0,1,0.99
60,10,1,2.7777777777777777,50.70333333333333,143.11513888888888,7.199999999999999,0.05,216,0,2304,1872,1.0,491,0,1,0,1,0,0,0,1,1,0,0,0,0,1,0,0,0,0,1,0,0,0,0,0,0,0,0,1,0,0,0,1,0,0,0.995
53,3,4,2.3943661971830985,48.26267605633803,114.44281690140843,23.666666666666668,0.13,0,284,1207,4686,1.0,371,1,1,0,0,1,1,0,0,0,0,1,0,1,0,0,1,0,0,0,0,0,0,0,1,0,0,0,0,0,0,0,1,0,0,0.0
49,3,1,2.647887323943662,51.14154929577465,134.51746478873238,23.666666666666668,0.21,284,0,3266,4402,1.0,373,1,1,0,1,0,0,1,0,0,1,0,0,0,1,0,0,0,0,0,1,0,0,1,0,0,0,0,0,0,0,0,0,1,0,0.02
70,9,0,2.5774647887323945,50.56591549295774,131.6908450704225,7.888888888888888,0.2,0,497,1065,2343,1.0,387,0,1,0,0,1,0,0,1,1,0,0,0,0,0,1,1,0,0,0,0,1,0,0,0,0,0,0,0,0,0,0,0,1,0,0.0
29,14,4,2.361111111111111,49.16444444444445,119.0598611111111,5.142857142857143,0.28,288,0,2232,2808,1.0,377,1,1,0,1,0,0,1,0,1,0,0,0,0,1,0,0,0,0,1,0,0,0,0,0,0,0,0,0,1,0,0,0,0,1,0.0
25,11,3,2.704225352112676,51.05295774647888,137.05084507042255,6.454545454545454,0.11,0,284,3266,3692,1.0,370,0,1,0,0,1,0,1,0,1,0,0,0,1,0,0,0,1,0,0,0,0,1,0,0,0,0,0,0,0,0,0,1,0,0,0.0
20,13,1,2.4507042253521125,49.139154929577465,121.06971830985916,5.461538461538462,0.28,284,0,710,6461,1.0,372,0,1,0,0,1,1,0,0,1,0,0,0,0,1,0,0,1,0,0,0,0,0,0,0,1,0,0,0,0,0,0,0,1,0,0.0
27,7,1,2.647887323943662,47.9556338028169,126.42042253521127,10.142857142857142,0.29,71,0,2627,2201,1.0,371,1,1,0,1,0,1,0,0,1,0,0,0,0,0,1,1,0,0,0,0,0,0,0,0,1,0,0,0,0,1,0,0,0,0,0.0
63,4,2,2.943661971830986,48.94449590020401,140.89970716780965,17.75,0.304299989989391,124,92,496,2267,0.6197183098591549,516,1,1,1,0,0,1,0,0,0,1,0,0,0,1,0,0,0,0,0,1,0,1,0,0,0,0,0,0,0,0,0,0,0,0,0.145
42,13,0,2.647887323943662,49.6243661971831,135.09338028169012,5.461538461538462,5.584120139568189,426,355,2130,2130,1.0,383,0,1,0,1,0,0,1,0,0,1,0,0,0,0,1,0,0,1,0,0,0,0,0,0,0,0,0,0,1,0,0,0,0,1,0.005
67,5,1,2.388888888888889,49.91305555555556,117.04291666666668,14.4,0.25,144,0,1584,7128,1.0,502,0,1,1,0,0,1,0,0,0,1,0,0,1,0,0,0,0,1,0,0,1,0,0,0,0,0,0,0,0,1,0,0,0,0,0.995
60,2,0,2.619718309859155,51.640281690140846,137.01211267605635,35.5,0.01,355,0,1207,2911,1.0,374,0,1,1,0,0,0,1,0,1,0,0,0,0,1,0,1,0,0,0,0,0,0,1,0,0,0,0,0,0,0,0,0,0,1,0.01
70,9,4,2.464788732394366,50.09492957746479,124.71211267605634,7.888888888888888,0.16,142,0,1349,3905,1.0,490,1,1,0,1,0,0,1,0,0,1,0,0,0,1,0,0,0,0,0,1,0,1,0,0,0,0,0,0,0,0,0,0,0,1,0.995
33,2,4,2.611111111111111,46.43638888888889,121.08625,36.0,5.864957945911096,648,648,3312,3168,1.0,370,0,1,0,1,0,1,0,0,0,0,1,1,0,0,0,0,1,0,0,0,0,0,0,0,0,0,0,0,1,0,0,0,1,0,0.0
30,14,1,2.535211267605634,50.31788732394367,129.21154929577466,5.071428571428571,0.25,71,0,2698,5609,1.0,501,1,1,1,0,0,0,1,0,1,0,0,0,0,1,0,0,0,1,0,0,0,0,0,0,0,0,1,0,0,1,0,0,0,0,1.0
33,1,1,2.4166666666666665,51.74805555555556,125.88527777777776,72.0,0.14,0,72,3312,2160,1.0,490,1,1,0,0,1,1,0,0,0,0,1,0,1,0,0,0,0,0,0,1,0,0,0,1,0,0,0,0,0,0,0,1,0,0,0.98
25,10,1,2.732394366197183,52.35140845070422,144.64211267605634,7.1,0.09,213,0,2414,6461,1.0,372,1,1,1,0,0,1,0,0,0,1,0,1,0,0,0,0,0,0,1,0,0,0,0,0,0,0,0,1,0,0,0,0,0,1,0.005
40,7,2,2.3943661971830985,50.8474647887324,119.09464788732392,10.142857142857142,0.09,71,0,3337,3337,1.0,372,1,1,1,0,0,1,0,0,1,0,0,0,1,0,0,0,0,1,0,0,0,0,0,0,0,0,1,0,0,1,0,0,0,0,0.005
55,9,0,2.507042253521127,46.76746478873239,118.02957746478874,7.888888888888888,8.151890842042395,142,213,1491,2698,1.0,377,1,1,0,0,1,0,0,1,0,1,0,1,0,0,0,0,0,0,1,0,0,1,0,0,0,0,0,0,0,1,0,0,0,0,0.005
23,2,0,2.6338028169014085,46.1512676056338,120.72957746478872,35.5,0.02,284,0,639,5964,1.0,393,1,1,0,1,0,0,0,1,0,1,0,0,0,1,0,0,0,1,0,0,0,0,0,0,0,0,0,0,1,0,0,0,1,0,0.0
61,6,3,2.4507042253521125,45.49422535211268,109.08478873239436,11.833333333333334,0.19,284,0,2982,1846,1.0,378,1,1,1,0,0,1,0,0,0,1,0,0,1,0,0,0,0,0,0,1,0,0,0,1,0,0,0,0,0,1,0,0,0,0,0.01
42,13,2,2.6666666666666665,50.44958333333333,135.44944444444445,5.538461538461538,0.01,432,0,504,7488,1.0,375,0,1,0,0,1,1,0,0,0,0,1,0,1,0,0,0,0,1,0,0,0,0,1,0,0,0,0,0,0,0,0,1,0,0,0.0
44,15,3,2.4722222222222223,49.47055555555556,122.75486111111113,4.8,0.13,0,216,1512,5760,1.0,493,1,1,0,0,1,0,1,0,0,0,1,1,0,0,0,1,0,0,0,0,0,0,0,0,0,0,1,0,0,0,0,0,0,1,0.995
56,6,4,2.6338028169014085,51.87154929577465,132.96239436619717,11.833333333333334,11.519955264740332,497,213,3266,1349,1.0,370,0,1,0,1,0,1,0,0,0,0,1,0,1,0,0,0,0,0,0,1,0,0,1,0,0,0,0,0,0,0,0,1,0,0,0.005
54,4,4,2.4027777777777777,48.605555555555554,112.205,18.0,0.01,216,0,3384,4824,1.0,372,1,1,1,0,0,0,0,1,1,0,0,0,0,1,0,0,1,0,0,0,0,0,0,0,0,0,0,1,0,0,0,0,1,0,0.005
55,10,4,2.647887323943662,48.95253521126761,129.83323943661972,7.1,0.04,0,71,3408,5893,1.0,385,0,1,1,0,0,0,0,1,0,0,1,0,0,1,0,0,1,0,0,0,0,0,0,0,0,0,0,1,0,1,0,0,0,0,0.005
49,3,1,2.267605633802817,47.45985915492958,104.44,23.666666666666668,0.26,0,71,3408,6461,1.0,382,0,1,0,0,1,1,0,0,0,1,0,0,0,1,0,0,1,0,0,0,0,0,1,0,0,0,0,0,0,1,0,0,0,0,0.01
44,15,3,2.375,52.39458333333333,122.9048611111111,4.8,0.13,0,216,1512,5760,1.0,491,1,1,0,0,1,0,1,0,0,0,1,1,0,0,0,1,0,0,0,0,1,0,0,0,0,0,0,0,0,0,0,1,0,0,0.995
32,7,1,2.267605633802817,51.22704225352113,113.7625352112676,10.142857142857142,0.05,213,0,781,4189,1.0,500,0,1,0,0,1,1,0,0,1,0,0,0,0,0,1,0,0,1,0,0,0,0,0,0,0,0,1,0,0,0,1,0,0,0,0.98
56,15,4,2.619718309859155,50.09971830985916,126.22323943661972,4.733333333333333,0.1,142,0,2059,5609,1.0,380,0,1,1,0,0,1,0,0,0,1,0,1,0,0,0,1,0,0,0,0,0,0,0,0,0,1,0,0,0,0,1,0,0,0,0.0
68,11,1,2.464788732394366,52.38788732394366,125.80366197183098,6.454545454545454,0.22,213,0,3266,5041,1.0,377,1,1,1,0,0,0,1,0,0,1,0,0,1,0,0,1,0,0,0,0,0,0,0,0,0,0,0,1,0,1,0,0,0,0,0.0
39,14,4,2.5416666666666665,48.29222222222222,125.27694444444444,5.142857142857143,0.08,144,0,1152,6624,1.0,492,0,1,0,0,1,1,0,0,0,0,1,0,0,0,1,0,1,0,0,0,0,0,0,0,1,0,0,0,0,0,0,1,0,0,1.0
64,13,3,3.1690140845070425,49.32286463300653,158.93577699761113,5.461538461538462,0.2636577097965587,173,58,638,4695,0.4929577464788732,434,1,1,0,1,0,0,1,0,0,0,1,0,1,0,0,0,1,0,0,0,0,0,0,0,0,0,0,1,0,0,0,0,0,0,0.705
44,6,3,2.3380281690140845,50.14154929577465,114.71464788732392,11.833333333333334,0.11,71,0,1136,1988,1.0,371,1,1,1,0,0,1,0,0,1,0,0,1,0,0,0,1,0,0,0,0,1,0,0,0,0,0,0,0,0,0,0,1,0,0,0.015
31,12,1,2.583333333333333,48.52944444444445,128.06875000000002,6.0,0.17,288,0,504,6048,1.0,372,0,1,1,0,0,1,0,0,0,1,0,1,0,0,0,0,1,0,0,0,0,0,1,0,0,0,0,0,0,0,0,0,0,1,0.0
32,7,1,2.5211267605633805,49.31788732394367,125.35619718309856,10.142857142857142,0.05,213,0,781,4189,1.0,494,0,1,0,0,1,1,0,0,1,0,0,0,0,0,1,0,0,1,0,0,0,0,0,0,0,0,0,1,0,0,0,0,1,0,1.0
62,6,2,2.352112676056338,52.61971830985915,123.49422535211268,11.833333333333334,0.25,213,0,2414,4189,1.0,377,0,1,0,0,1,0,1,0,0,1,0,0,1,0,0,0,0,1,0,0,0,0,0,0,1,0,0,0,0,0,1,0,0,0,0.005
21,1,0,2.5972222222222223,51.34041666666667,131.55833333333334,72.0,0.26,288,0,2952,5832,1.0,501,0,1,1,0,0,0,0,1,1,0,0,1,0,0,0,0,0,0,1,0,0,0,0,0,0,1,0,0,0,1,0,0,0,0,0.995
44,6,3,2.4444444444444446,52.38652777777778,122.97597222222224,12.0,0.11,72,0,1152,2016,1.0,371,1,1,1,0,0,1,0,0,1,0,0,1,0,0,0,1,0,0,0,0,0,0,0,1,0,0,0,0,0,1,0,0,0,0,0.005
26,13,1,2.4788732394366195,48.96619718309859,121.0705633802817,5.461538461538462,0.15,497,0,2840,6674,1.0,494,1,1,0,1,0,0,0,1,0,1,0,0,0,1,0,0,0,0,1,0,0,0,0,0,1,0,0,0,0,0,0,0,1,0,0.995
34,8,3,2.5211267605633805,48.97788732394366,119.5976056338028,8.875,0.23,0,284,2556,3692,1.0,374,0,1,0,1,0,0,0,1,0,1,0,0,0,1,0,0,1,0,0,0,0,1,0,0,0,0,0,0,0,0,1,0,0,0,0.005
68,1,4,2.305555555555556,48.16513888888889,105.22472222222224,72.0,0.21,288,0,3168,6480,1.0,497,1,1,0,1,0,0,1,0,0,1,0,1,0,0,0,0,0,0,0,1,0,0,0,0,0,1,0,0,0,1,0,0,0,0,0.99
70,9,0,2.535211267605634,50.52535211267606,127.16211267605634,7.888888888888888,0.2,0,497,1065,2343,1.0,373,0,1,0,0,1,0,0,1,1,0,0,0,0,0,1,1,0,0,0,0,0,0,0,0,0,1,0,0,0,1,0,0,0,0,0.005
34,8,3,2.638888888888889,53.660138888888895,142.79069444444443,9.0,0.23,0,288,2592,3744,1.0,370,0,1,0,1,0,0,0,1,0,1,0,0,0,1,0,0,1,0,0,0,0,1,0,0,0,0,0,0,0,1,0,0,0,0,0.01
56,15,1,2.591549295774648,50.89591549295775,133.49985915492957,4.733333333333333,0.19,142,0,923,5751,1.0,386,1,1,0,1,0,1,0,0,0,0,1,0,0,1,0,0,1,0,0,0,0,0,1,0,0,0,0,0,0,0,0,1,0,0,0.0
24,4,0,2.619718309859155,48.01422535211268,127.48014084507042,17.75,10.396433075959326,710,497,2272,1278,1.0,371,1,1,1,0,0,0,0,1,1,0,0,0,1,0,0,1,0,0,0,0,0,0,0,0,0,0,0,1,0,1,0,0,0,0,0.0
60,4,4,2.352112676056338,49.52422535211267,113.35943661971832,17.75,0.02,0,213,1136,1775,1.0,371,0,1,0,1,0,0,1,0,1,0,0,0,0,1,0,0,0,0,0,1,0,0,0,0,0,0,0,0,1,0,0,0,1,0,0.01
25,15,1,2.555555555555556,51.864444444444445,135.0,4.8,0.29,0,432,720,6984,1.0,386,0,1,0,1,0,0,0,1,0,0,1,0,1,0,0,1,0,0,0,0,0,0,0,1,0,0,0,0,0,0,0,0,0,1,0.0
56,15,4,2.458333333333333,52.72055555555556,128.66430555555556,4.8,0.1,144,0,2088,5688,1.0,371,0,1,1,0,0,1,0,0,0,1,0,1,0,0,0,1,0,0,0,0,0,0,0,0,1,0,0,0,0,1,0,0,0,0,0.0
25,10,1,2.3661971830985915,52.359718309859154,125.42014084507042,7.1,0.09,213,0,2414,6461,1.0,371,1,1,1,0,0,1,0,0,0,1,0,1,0,0,0,0,0,0,1,0,0,0,1,0,0,0,0,0,0,0,0,0,1,0,0.01
62,1,2,3.2222222222222223,52.39747413076618,156.09994826153238,72.0,0.2940217346573039,165,77,431,5342,0.5416666666666666,625,1,1,1,0,0,0,1,0,0,1,0,0,0,0,1,1,0,0,0,0,0,0,0,1,0,0,0,0,0,0,0,0,0,0,0.815
43,12,2,2.6338028169014085,51.42042253521127,136.73014084507042,5.916666666666667,0.12,213,0,3053,2627,1.0,508,1,1,0,1,0,0,1,0,1,0,0,0,0,1,0,0,0,0,0,1,0,0,0,0,0,0,0,1,0,0,0,1,0,0,0.985
49,11,4,2.647887323943662,47.94943661971831,126.39605633802816,6.454545454545454,10.416272228669367,213,355,2840,4615,1.0,370,0,1,0,1,0,0,0,1,0,1,0,1,0,0,0,0,0,0,0,1,0,0,0,0,0,0,1,0,0,1,0,0,0,0,0.0
40,8,3,2.647887323943662,48.620704225352114,126.8067605633803,8.875,12.152893382918927,213,142,923,4828,1.0,416,1,1,1,0,0,1,0,0,0,0,1,0,1,0,0,0,0,1,0,0,0,0,1,0,0,0,0,0,0,0,0,1,0,0,0.0
58,4,4,2.5492957746478875,52.60338028169014,134.17098591549296,17.75,7.040439272233234,710,284,2698,1988,1.0,372,0,1,0,0,1,0,1,0,0,1,0,0,0,0,1,0,0,0,0,1,0,0,0,0,0,0,0,0,1,0,0,1,0,0,0.0
49,6,0,2.4027777777777777,50.16652777777777,121.38972222222222,12.0,9.298732098924075,288,720,1368,6696,1.0,370,0,1,1,0,0,0,0,1,0,0,1,0,0,0,1,0,0,1,0,0,0,0,0,0,1,0,0,0,0,1,0,0,0,0,0.0
61,13,2,2.513888888888889,49.6225,126.04444444444444,5.538461538461538,10.541547708051995,72,72,3024,4176,1.0,371,0,1,0,1,0,0,0,1,0,1,0,0,0,0,1,1,0,0,0,0,0,0,0,0,0,0,0,0,1,1,0,0,0,0,0.0
28,9,4,2.619718309859155,50.38070422535212,130.49957746478873,7.888888888888888,10.421933068635122,710,355,2201,2272,1.0,370,1,1,0,1,0,1,0,0,0,1,0,0,0,1,0,0,0,1,0,0,0,0,1,0,0,0,0,0,0,0,0,0,0,1,0.0
47,4,2,2.986111111111111,55.19876081659943,166.6226497054883,18.0,0.3459464273563772,159,67,3167,5326,0.5555555555555556,731,1,1,1,0,0,1,0,0,1,0,0,0,0,1,0,1,0,0,0,0,0,1,0,0,0,0,0,0,0,0,0,0,0,0,0.07
58,1,0,2.492957746478873,49.61985915492958,119.93169014084506,71.0,0.09,0,71,426,3976,1.0,379,1,1,0,1,0,1,0,0,0,1,0,1,0,0,0,0,0,0,0,1,0,0,0,0,0,1,0,0,0,0,0,1,0,0,0.0
48,3,0,2.5,53.82805555555555,134.0002777777778,24.0,0.3,144,0,3312,3240,1.0,490,1,1,1,0,0,0,0,1,0,1,0,0,0,0,1,0,0,0,0,1,0,0,0,1,0,0,0,0,0,0,0,1,0,0,0.985
56,6,1,2.7222222222222223,49.92652777777778,136.03652777777776,12.0,0.1,288,0,1296,2664,1.0,516,0,1,0,1,0,1,0,0,1,0,0,0,0,1,0,0,0,1,0,0,0,0,0,0,0,0,0,0,1,0,0,0,1,0,0.98
40,12,4,2.305555555555556,52.3125,121.02111111111113,6.0,0.0,144,0,3672,3600,1.0,495,0,1,1,0,0,0,1,0,0,0,1,0,0,1,0,0,0,0,0,1,0,0,0,0,0,0,0,1,0,0,1,0,0,0,0.985
32,8,0,3.2535211267605635,50.53793092387625,164.9904996898038,8.875,0.3275378400787825,137,97,3549,5622,0.5352112676056338,456,0,1,0,1,0,1,0,0,0,1,0,0,0,0,1,0,0,0,0,1,0,0,0,0,0,1,0,0,0,0,0,0,0,0,0.115
22,2,3,2.4788732394366195,47.74845070422535,116.57549295774648,35.5,0.24,0,355,1633,5822,1.0,505,0,1,0,1,0,0,1,0,0,1,0,0,0,1,0,0,0,0,0,1,0,0,0,1,0,0,0,0,0,0,0,0,1,0,0.99
65,15,2,2.704225352112676,51.11577464788732,140.49901408450705,4.733333333333333,0.03,0,142,2840,2201,1.0,375,1,1,0,1,0,0,0,1,0,0,1,0,0,1,0,0,0,0,1,0,0,0,1,0,0,0,0,0,0,0,0,0,1,0,0.015
33,7,0,2.305555555555556,49.388888888888886,115.01,10.285714285714286,12.74456772352784,720,216,2952,3240,1.0,372,1,1,0,0,1,0,1,0,0,1,0,0,0,0,1,0,0,0,1,0,0,0,0,0,0,1,0,0,0,0,0,0,0,1,0.01
57,6,0,2.380281690140845,51.39408450704225,121.25957746478872,11.833333333333334,0.13,142,0,1562,923,1.0,370,1,1,0,0,1,0,1,0,0,1,0,0,0,0,1,0,0,0,1,0,0,1,0,0,0,0,0,0,0,0,1,0,0,0,0.005
45,5,1,3.305555555555556,51.17239930548408,168.9683472219363,14.4,0.3419383772704994,148,96,3527,5850,0.6388888888888888,691,1,1,1,0,0,0,1,0,1,0,0,0,0,0,1,1,0,0,0,0,0,0,0,0,0,0,0,1,0,0,1,0,0,0,0.145
58,11,2,2.638888888888889,48.745694444444446,128.17180555555555,6.545454545454546,0.18,0,216,1080,7272,1.0,519,0,1,0,0,1,0,0,1,0,1,0,0,0,0,1,0,1,0,0,0,0,0,0,1,0,0,0,0,0,0,0,1,0,0,0.97
23,2,0,2.295774647887324,50.00422535211267,115.1574647887324,35.5,0.02,284,0,639,5964,1.0,372,1,1,0,1,0,0,0,1,0,1,0,0,0,1,0,0,0,1,0,0,0,0,0,1,0,0,0,0,0,1,0,0,0,0,0.005
35,3,4,2.805555555555556,51.25225857594352,144.48955350560834,24.0,0.230655061930917,155,55,3239,4447,0.7083333333333334,847,1,1,0,0,1,1,0,0,0,0,1,0,0,1,0,0,0,0,1,0,0,0,1,0,0,0,0,0,0,0,0,0,1,0,0.76
49,5,4,2.309859154929577,49.99549295774648,116.9914084507042,14.2,0.02,142,0,3266,994,1.0,384,0,1,1,0,0,0,1,0,0,0,1,0,0,1,0,1,0,0,0,0,0,0,0,0,0,0,0,1,0,1,0,0,0,0,0.01
53,8,3,2.458333333333333,47.00736111111112,116.71666666666668,9.0,0.01,288,0,3528,4320,1.0,492,0,1,0,0,1,0,1,0,1,0,0,0,0,1,0,1,0,0,0,0,0,0,0,0,0,0,1,0,0,0,1,0,0,0,1.0
57,8,4,2.5774647887323945,51.07014084507042,130.41647887323944,8.875,0.25,71,0,852,1136,1.0,370,1,1,0,1,0,0,0,1,0,0,1,0,0,1,0,0,0,0,0,1,0,0,0,0,1,0,0,0,0,0,0,1,0,0,0.0
18,13,0,2.5774647887323945,47.83957746478873,123.6843661971831,5.461538461538462,0.18,284,0,2272,6035,1.0,370,1,1,0,0,1,0,1,0,0,0,1,0,1,0,0,0,1,0,0,0,0,1,0,0,0,0,0,0,0,0,1,0,0,0,0.0
44,15,2,3.083333333333333,48.94362109935408,150.26738108759707,4.8,0.2639799156990033,181,48,2375,4036,0.5972222222222222,743,1,1,0,0,1,0,0,1,0,0,1,0,0,0,1,0,1,0,0,0,0,1,0,0,0,0,0,0,0,0,0,0,0,0,0.79
49,3,1,2.5694444444444446,45.80833333333333,117.06041666666668,24.0,0.26,0,72,3456,6552,1.0,370,0,1,0,0,1,1,0,0,0,1,0,0,0,1,0,0,1,0,0,0,0,0,0,0,0,0,1,0,0,0,1,0,0,0,0.0
21,7,1,2.464788732394366,49.03,121.8418309859155,10.142857142857142,14.671491085699952,497,213,426,994,1.0,371,1,1,1,0,0,1,0,0,1,0,0,1,0,0,0,0,0,1,0,0,0,0,0,1,0,0,0,0,0,0,0,0,0,1,0.0
40,10,3,2.25,48.989444444444445,108.37027777777776,7.199999999999999,0.14,0,144,2376,4968,1.0,375,1,1,0,0,1,0,0,1,0,0,1,0,1,0,0,0,0,0,0,1,0,0,0,1,0,0,0,0,0,0,0,0,0,1,0.01
62,14,3,2.647887323943662,49.43901408450704,128.32014084507043,5.071428571428571,0.27,71,0,3337,2201,1.0,387,1,1,0,1,0,0,1,0,0,1,0,1,0,0,0,0,0,0,0,1,0,0,0,0,0,1,0,0,0,0,0,0,0,1,0.0
65,15,2,2.5492957746478875,53.49887323943662,136.06338028169014,4.733333333333333,0.03,0,142,2840,2201,1.0,371,1,1,0,1,0,0,0,1,0,0,1,0,0,1,0,0,0,0,1,0,0,0,0,0,0,0,0,1,0,1,0,0,0,0,0.005
35,12,3,2.6901408450704225,47.75197183098592,127.98802816901409,5.916666666666667,0.03,0,213,3337,5467,1.0,496,1,1,0,1,0,1,0,0,0,1,0,1,0,0,0,0,1,0,0,0,0,0,0,0,0,0,0,1,0,1,0,0,0,0,0.995
60,6,2,3.056338028169014,48.62938750553143,147.10712748691446,11.833333333333334,0.238044843320451,160,70,3052,1846,0.5915492957746479,470,0,1,0,1,0,0,1,0,0,0,1,0,0,1,0,0,0,0,1,0,0,0,1,0,0,0,0,0,0,0,0,0,0,0,0.055
47,3,4,2.486111111111111,47.30472222222223,118.95013888888889,24.0,0.06,288,0,648,1800,1.0,490,0,1,0,1,0,1,0,0,1,0,0,0,0,0,1,0,1,0,0,0,1,0,0,0,0,0,0,0,0,0,0,0,1,0,1.0
37,1,3,2.3472222222222223,51.06430555555556,123.61305555555556,72.0,14.179033576724732,144,0,2664,1800,1.0,371,0,1,0,0,1,1,0,0,1,0,0,0,0,0,1,0,0,0,0,1,0,0,0,0,1,0,0,0,0,0,0,1,0,0,0.005
27,10,1,2.486111111111111,50.78208333333333,128.78611111111113,7.199999999999999,0.22,144,0,1512,2160,1.0,493,0,1,0,1,0,0,0,1,0,1,0,0,1,0,0,0,0,0,1,0,0,1,0,0,0,0,0,0,0,1,0,0,0,0,0.995
34,8,3,2.375,50.91111111111111,122.9538888888889,9.0,0.23,0,288,2592,3744,1.0,379,0,1,0,1,0,0,0,1,0,1,0,0,0,1,0,0,1,0,0,0,1,0,0,0,0,0,0,0,0,0,0,0,0,1,0.0
60,11,3,2.732394366197183,48.61464788732394,131.85985915492958,6.454545454545454,0.05,0,142,1491,2130,1.0,376,1,1,0,0,1,1,0,0,0,1,0,0,0,1,0,0,0,1,0,0,0,0,1,0,0,0,0,0,0,0,0,0,1,0,0.04
58,1,0,2.6527777777777777,55.28402777777777,143.6772222222222,72.0,0.09,0,72,432,4032,1.0,372,1,1,0,1,0,1,0,0,0,1,0,1,0,0,0,0,0,0,0,1,0,1,0,0,0,0,0,0,0,0,0,0,0,1,0.005
67,5,1,2.535211267605634,52.03633802816901,130.76971830985914,14.2,0.25,142,0,1562,7029,1.0,513,0,1,1,0,0,1,0,0,0,1,0,0,1,0,0,0,0,1,0,0,0,0,0,0,1,0,0,0,0,0,1,0,0,0,0.975
41,7,2,2.638888888888889,48.55361111111111,130.64375,10.285714285714286,0.02,288,0,3456,2736,1.0,376,0,1,0,0,1,0,0,1,1,0,0,0,1,0,0,0,0,1,0,0,0,0,0,0,0,0,0,0,1,1,0,0,0,0,0.0
38,2,2,2.5,51.633472222222224,126.33569444444444,36.0,0.14,0,288,2592,1800,1.0,376,1,1,0,1,0,0,1,0,0,1,0,1,0,0,0,0,1,0,0,0,1,0,0,0,0,0,0,0,0,0,0,0,1,0,0.0
40,15,3,2.309859154929577,52.68901408450704,119.7050704225352,4.733333333333333,0.16,426,0,2769,2059,1.0,491,0,1,0,0,1,0,0,1,1,0,0,0,0,0,1,0,0,1,0,0,0,0,0,0,0,0,0,0,1,0,1,0,0,0,0.985
48,11,0,2.6666666666666665,47.10777777777778,128.0625,6.545454545454546,11.7797599545946,504,576,432,5184,1.0,370,0,1,0,1,0,1,0,0,0,0,1,1,0,0,0,0,0,1,0,0,0,0,1,0,0,0,0,0,0,0,0,0,0,1,0.0
40,7,2,2.5774647887323945,49.87647887323944,131.06690140845072,10.142857142857142,0.09,71,0,3337,3337,1.0,370,1,1,1,0,0,1,0,0,1,0,0,0,1,0,0,0,0,1,0,0,0,0,0,0,0,0,1,0,0,0,0,1,0,0,0.0
40,15,4,2.5,49.10083333333333,123.03791666666666,4.8,0.18,288,0,3384,4680,1.0,371,0,1,0,1,0,0,1,0,1,0,0,0,0,0,1,1,0,0,0,0,0,0,1,0,0,0,0,0,0,0,0,0,0,1,0.01
68,5,1,2.6527777777777777,52.94236111111111,137.9498611111111,14.4,0.14,144,0,2448,3168,1.0,493,1,1,0,1,0,1,0,0,0,1,0,0,0,1,0,0,0,1,0,0,0,0,1,0,0,0,0,0,0,1,0,0,0,0,1.0
40,3,0,2.3472222222222223,47.82833333333333,110.6675,24.0,13.281031919823771,648,432,432,3888,1.0,370,1,1,0,0,1,1,0,0,0,1,0,0,0,0,1,0,1,0,0,0,0,0,1,0,0,0,0,0,0,0,1,0,0,0,0.0
21,1,0,2.535211267605634,50.361267605633806,126.45957746478872,71.0,0.26,284,0,2911,5751,1.0,522,0,1,1,0,0,0,0,1,1,0,0,1,0,0,0,0,0,0,1,0,0,0,0,0,0,0,1,0,0,0,0,1,0,0,0.995
33,2,4,2.625,48.239583333333336,125.77180555555556,36.0,5.864957945911096,648,648,3312,3168,1.0,373,0,1,0,1,0,1,0,0,0,0,1,1,0,0,0,0,1,0,0,0,0,0,0,0,0,0,1,0,0,0,0,0,0,1,0.0
45,9,3,2.295774647887324,49.5156338028169,114.8476056338028,7.888888888888888,0.15,142,0,3408,6674,1.0,530,0,1,1,0,0,0,1,0,0,1,0,0,0,0,1,0,0,1,0,0,0,0,0,0,0,0,1,0,0,0,0,0,0,1,0.945
21,1,2,2.5277777777777777,49.21791666666667,120.2538888888889,72.0,9.921265665388862,72,648,3240,1800,1.0,378,0,1,0,1,0,0,1,0,0,1,0,0,0,1,0,0,1,0,0,0,0,0,0,0,1,0,0,0,0,0,0,0,1,0,0.0
46,4,2,2.4507042253521125,52.83225352112676,130.75225352112676,17.75,0.15,71,0,2698,6887,1.0,372,1,1,0,1,0,0,0,1,0,0,1,1,0,0,0,0,0,1,0,0,0,0,0,0,0,0,0,1,0,0,0,1,0,0,0.005
44,14,4,2.5774647887323945,53.17464788732394,131.8774647887324,5.071428571428571,14.913690070988231,639,568,1349,5467,1.0,371,0,1,0,1,0,1,0,0,1,0,0,1,0,0,0,0,0,0,0,1,1,0,0,0,0,0,0,0,0,0,0,1,0,0,0.0
66,9,3,2.5416666666666665,50.37305555555556,129.53,8.0,0.22,288,0,1800,2952,1.0,504,1,1,0,1,0,0,0,1,1,0,0,0,1,0,0,0,0,0,0,1,0,1,0,0,0,0,0,0,0,1,0,0,0,0,1.0
29,12,0,2.4722222222222223,49.68097222222222,123.20347222222222,6.0,0.26,144,0,1872,4824,1.0,503,0,1,1,0,0,0,0,1,0,0,1,0,0,0,1,0,0,0,0,1,1,0,0,0,0,0,0,0,0,0,1,0,0,0,0.995
23,3,2,2.619718309859155,48.25619718309859,128.41,23.666666666666668,0.27,0,71,3337,4118,1.0,491,0,1,0,1,0,1,0,0,0,1,0,0,1,0,0,0,1,0,0,0,0,1,0,0,0,0,0,0,0,0,1,0,0,0,0.975
21,1,0,2.619718309859155,51.47464788732394,132.58943661971833,71.0,0.26,284,0,2911,5751,1.0,491,0,1,1,0,0,0,0,1,1,0,0,1,0,0,0,0,0,0,1,0,0,0,0,0,0,0,1,0,0,0,0,1,0,0,0.99
56,15,1,2.6338028169014085,48.178591549295774,125.21352112676055,4.733333333333333,0.19,142,0,923,5751,1.0,371,1,1,0,1,0,1,0,0,0,0,1,0,0,1,0,0,1,0,0,0,0,0,0,1,0,0,0,0,0,0,1,0,0,0,0.005
29,6,4,2.619718309859155,50.27084507042254,135.5674647887324,11.833333333333334,0.09,0,497,710,4544,1.0,374,1,1,0,0,1,0,1,0,0,0,1,0,0,0,1,1,0,0,0,0,0,0,0,0,0,0,0,1,0,0,1,0,0,0,0.01
51,13,3,2.4444444444444446,48.68666666666667,122.75597222222224,5.538461538461538,0.08,288,0,3672,1080,1.0,375,1,1,0,1,0,0,1,0,0,1,0,1,0,0,0,1,0,0,0,0,0,1,0,0,0,0,0,0,0,0,0,0,0,1,0.0
34,1,0,2.5416666666666665,47.58236111111111,121.03486111111113,72.0,11.431400866504926,504,144,3240,5832,1.0,372,0,1,0,1,0,0,1,0,0,0,1,0,0,1,0,0,1,0,0,0,0,1,0,0,0,0,0,0,0,0,0,1,0,0,0.0
59,1,2,2.5211267605633805,48.69197183098591,123.29225352112675,71.0,0.1,0,71,1704,5396,1.0,388,1,1,0,0,1,0,1,0,0,0,1,0,0,0,1,0,0,0,0,1,1,0,0,0,0,0,0,0,0,1,0,0,0,0,0.005
64,12,2,2.555555555555556,52.83666666666667,132.97402777777776,6.0,0.25,0,432,1728,3024,1.0,375,0,1,0,1,0,0,0,1,0,1,0,1,0,0,0,0,0,0,1,0,0,1,0,0,0,0,0,0,0,0,0,0,1,0,0.005
61,13,2,2.507042253521127,48.11577464788732,117.99154929577465,5.461538461538462,10.541547708051995,71,71,2982,4118,1.0,370,0,1,0,1,0,0,0,1,0,1,0,0,0,0,1,1,0,0,0,0,0,1,0,0,0,0,0,0,0,1,0,0,0,0,0.005
20,3,2,2.3194444444444446,49.1875,112.02041666666668,24.0,0.08,0,216,2232,5040,1.0,372,1,1,0,0,1,0,1,0,0,1,0,0,1,0,0,0,0,0,1,0,0,0,0,1,0,0,0,0,0,0,0,1,0,0,0.02
65,15,2,2.6901408450704225,49.017183098591545,129.9242253521127,4.733333333333333,0.03,0,142,2840,2201,1.0,371,1,1,0,1,0,0,0,1,0,0,1,0,0,1,0,0,0,0,1,0,1,0,0,0,0,0,0,0,0,0,0,1,0,0,0.0
59,3,4,2.263888888888889,49.81180555555555,109.27291666666666,24.0,0.1,144,0,3096,5616,1.0,379,0,1,0,0,1,0,0,1,0,0,1,0,1,0,0,0,0,1,0,0,0,0,0,0,0,0,0,1,0,0,1,0,0,0,0.0
68,1,2,2.464788732394366,48.594084507042254,118.2874647887324,71.0,10.559115930120193,142,0,2627,3550,1.0,376,0,1,0,1,0,0,0,1,0,0,1,0,1,0,0,0,0,0,0,1,0,0,0,0,0,1,0,0,0,0,0,0,1,0,0.0
31,13,4,2.486111111111111,51.445972222222224,129.79166666666666,5.538461538461538,9.81401991006413,360,72,2088,2232,1.0,373,1,1,0,1,0,1,0,0,0,0,1,1,0,0,0,1,0,0,0,0,1,0,0,0,0,0,0,0,0,0,0,0,0,1,0.0
60,5,4,2.4444444444444446,51.36236111111111,121.6915277777778,14.4,0.02,72,0,3528,3744,1.0,520,0,1,0,1,0,0,1,0,1,0,0,1,0,0,0,0,0,1,0,0,0,0,0,0,0,0,0,1,0,0,0,0,1,0,1.0
40,15,3,2.6666666666666665,48.01875,133.65291666666667,4.8,0.16,432,0,2808,2088,1.0,503,0,1,0,0,1,0,0,1,1,0,0,0,0,0,1,0,0,1,0,0,0,0,0,0,0,0,0,0,1,1,0,0,0,0,0.985
46,9,3,2.3943661971830985,53.86647887323944,128.84788732394367,7.888888888888888,0.23,142,0,3621,6745,1.0,371,0,1,1,0,0,1,0,0,0,0,1,0,1,0,0,0,0,0,0,1,0,0,1,0,0,0,0,0,0,1,0,0,0,0,0.0
31,5,4,2.555555555555556,51.10361111111112,136.16875,14.4,0.03,144,0,1368,1584,1.0,501,1,1,0,1,0,0,1,0,1,0,0,0,0,1,0,0,0,0,0,1,0,0,1,0,0,0,0,0,0,0,0,0,1,0,1.0
53,6,4,2.422535211267605,49.31267605633803,120.80352112676056,11.833333333333334,0.06,0,142,497,1065,1.0,492,0,1,0,1,0,0,0,1,1,0,0,0,1,0,0,1,0,0,0,0,0,0,0,0,0,0,1,0,0,1,0,0,0,0,0.995
26,13,1,2.5416666666666665,49.333333333333336,126.1438888888889,5.538461538461538,0.15,504,0,2880,6768,1.0,490,1,1,0,1,0,0,0,1,0,1,0,0,0,1,0,0,0,0,1,0,0,0,0,0,0,0,0,0,1,0,1,0,0,0,0.96
38,8,0,3.2777777777777777,50.01004071208091,158.44363507054584,9.0,0.3097601544871822,178,60,2663,4408,0.5694444444444444,658,1,1,0,1,0,0,0,1,1,0,0,1,0,0,0,0,1,0,0,0,0,0,0,0,0,0,0,1,0,0,0,0,0,0,0.07
24,10,3,2.5,47.41916666666666,120.18652777777778,7.199999999999999,0.17,0,144,1584,5616,1.0,500,1,1,0,0,1,0,1,0,0,0,1,0,0,0,1,0,0,0,0,1,0,0,0,0,0,1,0,0,0,1,0,0,0,0,0.99
54,12,2,2.333333333333333,47.9775,108.02902777777778,6.0,0.08,0,144,2808,4104,1.0,375,0,1,0,1,0,0,0,1,0,0,1,0,1,0,0,1,0,0,0,0,0,0,1,0,0,0,0,0,0,1,0,0,0,0,0.015
25,1,2,2.4166666666666665,49.36152777777778,116.24402777777776,72.0,0.2,0,72,3096,2448,1.0,376,0,1,0,1,0,1,0,0,0,0,1,0,1,0,0,0,1,0,0,0,0,0,0,0,0,0,0,0,1,0,0,0,1,0,0.005
21,1,3,2.436619718309859,54.34267605633803,129.57225352112675,71.0,6.493395409035405,639,213,710,923,1.0,376,1,1,0,1,0,0,1,0,0,1,0,0,0,0,1,0,1,0,0,0,0,0,0,1,0,0,0,0,0,0,0,1,0,0,0.005
50,7,3,3.0,50.62598882778845,155.49147191672003,10.285714285714286,0.3286100141141568,140,77,2807,6331,0.5416666666666666,900,1,1,1,0,0,0,1,0,0,0,1,0,0,1,0,0,0,0,0,1,0,0,0,1,0,0,0,0,0,0,0,0,0,0,0.075
59,1,3,2.305555555555556,47.26958333333333,103.80055555555556,72.0,0.02,72,0,2880,1440,1.0,386,1,1,1,0,0,0,0,1,1,0,0,0,0,1,0,1,0,0,0,0,1,0,0,0,0,0,0,0,0,0,0,0,1,0,0.01
68,3,2,2.986111111111111,49.84722968115871,154.04861857004758,24.0,0.236518651671583,141,84,2519,5326,0.5416666666666666,646,1,1,0,1,0,1,0,0,0,0,1,0,0,1,0,0,0,1,0,0,0,0,1,0,0,0,0,0,0,0,0,0,0,0,0.8
59,1,2,2.513888888888889,47.01277777777778,120.85958333333332,72.0,0.1,0,72,1728,5472,1.0,370,1,1,0,0,1,0,1,0,0,0,1,0,0,0,1,0,0,0,0,1,0,0,0,1,0,0,0,0,0,0,1,0,0,0,0.005
45,6,4,2.619718309859155,51.58267605633802,137.3887323943662,11.833333333333334,10.205508242254684,0,497,1775,5396,1.0,380,1,1,0,1,0,1,0,0,0,0,1,0,0,0,1,0,0,1,0,0,0,0,0,0,1,0,0,0,0,0,0,0,0,1,0.0
22,2,3,2.535211267605634,49.65647887323944,124.24563380281693,35.5,0.24,0,355,1633,5822,1.0,497,0,1,0,1,0,0,1,0,0,1,0,0,0,1,0,0,0,0,0,1,0,0,0,1,0,0,0,0,0,0,0,0,1,0,0.99
42,4,2,2.5,52.14486111111111,131.45819444444444,18.0,0.23,216,0,1728,1440,1.0,377,0,1,1,0,0,0,0,1,0,0,1,0,0,1,0,1,0,0,0,0,0,0,0,0,1,0,0,0,0,1,0,0,0,0,0.0
48,6,1,2.591549295774648,50.43,128.2480281690141,11.833333333333334,6.729058415759139,710,71,3479,3053,1.0,371,0,1,0,0,1,0,1,0,0,1,0,0,0,1,0,0,1,0,0,0,0,0,1,0,0,0,0,0,0,0,0,0,1,0,0.0
55,6,4,2.6666666666666665,50.30430555555555,137.2911111111111,12.0,14.850350359363468,216,288,3528,4176,1.0,373,0,1,1,0,0,0,0,1,0,0,1,0,0,0,1,0,0,0,0,1,0,0,0,0,1,0,0,0,0,0,0,0,1,0,0.0
31,4,4,2.380281690140845,51.23690140845071,119.82112676056336,17.75,0.18,0,142,1562,7171,1.0,376,1,1,1,0,0,0,0,1,1,0,0,1,0,0,0,0,0,0,0,1,0,0,0,1,0,0,0,0,0,0,1,0,0,0,0.005
53,3,2,2.486111111111111,51.64236111111112,131.53694444444443,24.0,0.11,0,144,3240,3240,1.0,375,1,1,0,1,0,0,1,0,1,0,0,1,0,0,0,0,0,0,1,0,0,0,0,0,1,0,0,0,0,1,0,0,0,0,0.0
66,9,3,2.6901408450704225,47.029295774647885,126.59690140845068,7.888888888888888,0.22,284,0,1775,2911,1.0,495,1,1,0,1,0,0,0,1,1,0,0,0,1,0,0,0,0,0,0,1,0,0,0,1,0,0,0,0,0,1,0,0,0,0,0.995
37,11,3,2.5492957746478875,47.95323943661972,120.3749295774648,6.454545454545454,0.09,0,284,2059,4047,1.0,372,1,1,1,0,0,1,0,0,1,0,0,1,0,0,0,0,0,0,0,1,0,0,0,0,0,1,0,0,0,0,0,1,0,0,0.0
70,7,1,2.4166666666666665,49.5775,115.72763888888888,10.285714285714286,0.26,144,0,720,4464,1.0,379,1,1,0,0,1,0,0,1,0,1,0,0,0,1,0,0,0,0,0,1,0,0,0,0,1,0,0,0,0,0,1,0,0,0,0.005
25,2,1,2.492957746478873,46.94676056338028,118.28408450704224,35.5,0.05,355,0,3124,3976,1.0,494,0,1,0,0,1,1,0,0,0,1,0,1,0,0,0,0,0,1,0,0,0,0,0,0,0,0,0,1,0,0,0,0,0,1,0.985
26,10,2,2.5972222222222223,48.95625,127.49055555555556,7.199999999999999,0.11,288,0,1656,3312,1.0,490,0,1,0,0,1,1,0,0,0,0,1,0,1,0,0,0,0,0,1,0,0,1,0,0,0,0,0,0,0,0,1,0,0,0,0.99
33,10,1,2.5492957746478875,51.35183098591549,135.04521126760565,7.1,0.16,71,0,1349,6390,1.0,494,1,1,1,0,0,0,1,0,1,0,0,0,0,1,0,0,0,1,0,0,0,0,0,0,0,0,0,1,0,1,0,0,0,0,0.985
55,1,4,3.361111111111111,48.12793072625935,171.7889591868523,72.0,0.3129709689698975,189,60,2591,3837,0.5138888888888888,871,0,1,0,0,1,0,1,0,1,0,0,0,0,1,0,1,0,0,0,0,0,0,0,1,0,0,0,0,0,0,0,0,0,0,0.11
37,15,4,2.75,53.32394203184302,147.8020181273721,4.8,0.2530110467227234,138,69,2807,7106,0.5972222222222222,708,0,1,0,1,0,0,1,0,0,1,0,0,0,1,0,0,0,1,0,0,0,0,0,0,0,0,0,1,0,0,0,0,0,0,0.85
48,10,1,2.625,48.84,124.08,7.199999999999999,0.3,216,0,2880,4680,1.0,372,1,1,0,1,0,0,1,0,1,0,0,0,1,0,0,0,0,1,0,0,0,0,1,0,0,0,0,0,0,0,1,0,0,0,0.005
42,13,2,3.0704225352112675,52.88785854782528,164.2839981786871,5.461538461538462,0.233137258785516,175,44,496,7173,0.5915492957746479,466,0,1,0,0,1,1,0,0,0,0,1,0,1,0,0,0,0,1,0,0,0,0,0,1,0,0,0,0,0,0,0,0,0,0,0.145
66,9,1,2.422535211267605,53.2956338028169,129.15732394366196,7.888888888888888,0.23,0,142,2343,5112,1.0,381,1,1,0,0,1,0,0,1,0,1,0,0,0,0,1,0,0,0,0,1,0,0,0,1,0,0,0,0,0,0,1,0,0,0,0.005
63,4,2,2.5774647887323945,52.2330985915493,133.6729577464789,17.75,0.19,0,355,497,2414,1.0,376,1,1,1,0,0,1,0,0,0,1,0,0,0,1,0,0,0,0,0,1,0,0,0,0,1,0,0,0,0,1,0,0,0,0,0.0
56,15,3,2.605633802816901,51.21985915492958,132.4356338028169,4.733333333333333,0.17,213,0,3621,5112,1.0,502,0,1,0,0,1,0,0,1,0,0,1,0,0,1,0,0,0,0,0,1,1,0,0,0,0,0,0,0,0,0,0,1,0,0,1.0
54,12,2,2.333333333333333,51.73680555555556,121.64444444444445,6.0,0.08,0,144,2808,4104,1.0,371,0,1,0,1,0,0,0,1,0,0,1,0,1,0,0,1,0,0,0,0,0,0,1,0,0,0,0,0,0,1,0,0,0,0,0.01
55,7,1,2.375,52.89472222222222,127.04736111111112,10.285714285714286,0.12,144,0,2448,7344,1.0,373,1,1,0,0,1,0,1,0,0,0,1,0,0,1,0,0,0,0,1,0,0,0,0,0,1,0,0,0,0,0,0,1,0,0,0.005
61,15,3,2.458333333333333,46.4275,118.15805555555556,4.8,6.043439896799889,72,288,1512,6048,1.0,374,1,1,0,0,1,1,0,0,0,1,0,0,1,0,0,0,0,1,0,0,0,0,0,0,1,0,0,0,0,0,0,0,1,0,0.0
66,1,2,2.236111111111111,52.58833333333334,120.10930555555557,72.0,0.15,0,216,1656,5544,1.0,370,0,1,0,1,0,0,0,1,0,1,0,1,0,0,0,0,0,1,0,0,0,0,0,0,0,1,0,0,0,0,1,0,0,0,0.025
44,7,2,2.436619718309859,50.8056338028169,120.0849295774648,10.142857142857142,13.066465081831671,142,142,994,6887,1.0,372,1,1,1,0,0,1,0,0,1,0,0,0,1,0,0,0,1,0,0,0,0,0,0,0,0,0,1,0,0,0,0,0,0,1,0.0
39,4,0,2.763888888888889,50.717083333333335,136.8647222222222,18.0,0.18,144,0,864,5904,1.0,490,1,1,0,1,0,1,0,0,0,0,1,0,0,1,0,0,1,0,0,0,0,1,0,0,0,0,0,0,0,0,0,1,0,0,0.975
55,9,0,2.513888888888889,50.785555555555554,128.9163888888889,8.0,8.151890842042395,144,216,1512,2736,1.0,371,1,1,0,0,1,0,0,1,0,1,0,1,0,0,0,0,0,0,1,0,0,0,0,0,0,0,0,0,1,0,0,1,0,0,0.01
24,2,3,2.5972222222222223,46.9375,120.50361111111113,36.0,0.02,216,0,3312,1152,1.0,370,0,1,0,1,0,0,0,1,0,1,0,0,0,0,1,0,0,0,1,0,0,1,0,0,0,0,0,0,0,1,0,0,0,0,0.0
47,5,3,2.75,51.75472222222223,143.75875,14.4,0.08,0,144,576,6120,1.0,497,1,1,1,0,0,0,0,1,1,0,0,1,0,0,0,0,0,1,0,0,1,0,0,0,0,0,0,0,0,0,0,1,0,0,0.955
58,11,2,2.5,48.92458333333334,125.21708333333332,6.545454545454546,0.18,0,216,1080,7272,1.0,496,0,1,0,0,1,0,0,1,0,1,0,0,0,0,1,0,1,0,0,0,1,0,0,0,0,0,0,0,0,0,0,0,1,0,1.0
21,15,3,2.4444444444444446,48.782222222222224,119.14180555555556,4.8,0.27,432,0,1728,1512,1.0,371,0,1,0,1,0,1,0,0,1,0,0,0,0,1,0,1,0,0,0,0,1,0,0,0,0,0,0,0,0,0,0,0,1,0,0.0
55,11,2,2.591549295774648,46.58985915492958,119.19169014084508,6.454545454545454,0.09,0,71,3550,4828,1.0,491,0,1,1,0,0,0,1,0,0,0,1,0,0,1,0,0,1,0,0,0,1,0,0,0,0,0,0,0,0,0,1,0,0,0,0.995
56,10,2,2.555555555555556,47.17819444444444,120.97361111111113,7.199999999999999,0.28,0,216,3384,2088,1.0,495,0,1,0,1,0,0,0,1,0,0,1,0,0,0,1,1,0,0,0,0,0,0,0,0,0,0,0,1,0,0,0,0,0,1,0.995
57,12,3,2.9295774647887325,50.13118363610391,149.42656553033112,5.916666666666667,0.2840025069702715,168,45,2271,7162,0.6338028169014085,466,0,1,1,0,0,0,1,0,0,0,1,1,0,0,0,1,0,0,0,0,0,0,1,0,0,0,0,0,0,0,0,0,0,0,0.07
50,2,0,2.6338028169014085,48.296197183098585,127.97676056338028,35.5,11.625428891147678,355,213,1633,6390,1.0,371,1,1,0,1,0,0,0,1,0,0,1,0,0,0,1,1,0,0,0,0,0,0,0,0,0,0,0,0,1,0,1,0,0,0,0.0
40,8,0,3.055555555555556,52.519435605994495,162.02524242397797,9.0,0.2797132634705521,130,91,2231,7344,0.5,599,0,1,0,1,0,1,0,0,0,1,0,1,0,0,0,0,0,0,0,1,0,1,0,0,0,0,0,0,0,0,0,0,0,0,0.105
32,8,0,2.611111111111111,46.70486111111112,123.97763888888888,9.0,0.08,216,0,3600,5688,1.0,371,0,1,0,1,0,1,0,0,0,1,0,0,0,0,1,0,0,0,0,1,0,1,0,0,0,0,0,0,0,0,1,0,0,0,0.0
40,3,0,2.380281690140845,52.60239436619718,128.00169014084508,23.666666666666668,13.281031919823771,639,426,426,3834,1.0,386,1,1,0,0,1,1,0,0,0,1,0,0,0,0,1,0,1,0,0,0,0,0,0,0,0,0,1,0,0,0,0,1,0,0,0.0
60,6,2,2.464788732394366,46.829577464788734,116.43887323943662,11.833333333333334,0.12,355,0,3053,1988,1.0,373,0,1,0,1,0,0,1,0,0,0,1,0,0,1,0,0,0,0,1,0,0,0,1,0,0,0,0,0,0,0,1,0,0,0,0.005
68,5,1,2.638888888888889,51.51277777777778,140.41625,14.4,0.14,144,0,2448,3168,1.0,501,1,1,0,1,0,1,0,0,0,1,0,0,0,1,0,0,0,1,0,0,0,1,0,0,0,0,0,0,0,0,0,1,0,0,0.995
41,3,3,2.763888888888889,52.99805555555556,148.455,24.0,7.683813403410544,72,504,3384,3168,1.0,373,1,1,0,1,0,1,0,0,1,0,0,1,0,0,0,1,0,0,0,0,0,0,0,0,1,0,0,0,0,0,0,0,1,0,0.01
55,4,4,2.486111111111111,47.10736111111111,120.89486111111113,18.0,6.927618209488768,360,432,432,4824,1.0,380,0,1,0,1,0,0,0,1,0,1,0,1,0,0,0,0,0,0,1,0,1,0,0,0,0,0,0,0,0,1,0,0,0,0,0.0
38,8,2,2.591549295774648,51.55084507042254,131.65774647887324,8.875,11.0820626280203,213,497,355,1207,1.0,376,0,1,1,0,0,1,0,0,1,0,0,0,0,1,0,0,0,1,0,0,0,0,1,0,0,0,0,0,0,0,1,0,0,0,0.0
58,4,4,2.422535211267605,50.92056338028169,122.58014084507045,17.75,7.040439272233234,710,284,2698,1988,1.0,380,0,1,0,0,1,0,1,0,0,1,0,0,0,0,1,0,0,0,0,1,0,1,0,0,0,0,0,0,0,0,1,0,0,0,0.0
31,12,1,2.6338028169014085,48.54901408450704,130.00535211267604,5.916666666666667,0.17,284,0,497,5964,1.0,385,0,1,1,0,0,1,0,0,0,1,0,1,0,0,0,0,1,0,0,0,0,0,0,1,0,0,0,0,0,1,0,0,0,0,0.0
18,3,3,2.361111111111111,49.327777777777776,115.95125,24.0,0.3,288,0,1728,5616,1.0,492,0,1,0,1,0,1,0,0,0,1,0,0,0,0,1,1,0,0,0,0,0,0,0,0,0,0,0,1,0,0,0,0,1,0,0.995
40,6,2,2.380281690140845,48.9556338028169,112.09084507042252,11.833333333333334,9.955841494925746,284,355,3337,7029,1.0,396,1,1,0,0,1,1,0,0,0,1,0,0,0,0,1,0,0,0,0,1,0,0,0,0,1,0,0,0,0,0,1,0,0,0,0.0
49,5,3,2.5492957746478875,51.70239436619718,129.2388732394366,14.2,0.03,213,0,2556,4615,1.0,520,1,1,0,0,1,0,0,1,1,0,0,1,0,0,0,1,0,0,0,0,0,0,0,1,0,0,0,0,0,0,1,0,0,0,0.985
36,4,4,2.3943661971830985,50.13901408450704,121.14732394366196,17.75,0.09,213,0,3337,7100,1.0,383,1,1,0,1,0,0,0,1,0,0,1,0,0,1,0,0,0,1,0,0,0,0,0,0,0,1,0,0,0,0,0,0,0,1,0.0
34,1,0,2.464788732394366,49.00323943661972,119.4094366197183,71.0,11.431400866504926,497,142,3195,5751,1.0,373,0,1,0,1,0,0,1,0,0,0,1,0,0,1,0,0,1,0,0,0,0,0,1,0,0,0,0,0,0,0,0,1,0,0,0.0
58,1,0,2.6944444444444446,50.07,134.82916666666668,72.0,0.26,288,0,1728,2376,1.0,521,1,1,1,0,0,0,0,1,0,1,0,0,0,0,1,0,1,0,0,0,0,1,0,0,0,0,0,0,0,0,0,0,1,0,0.985
49,5,0,2.76056338028169,44.550563380281694,121.04845070422536,14.2,0.08,0,213,2201,1633,1.0,490,1,1,1,0,0,1,0,0,0,1,0,0,0,0,1,0,1,0,0,0,0,0,0,0,0,0,1,0,0,0,1,0,0,0,0.965
57,11,2,2.7464788732394365,46.46718309859155,128.84619718309858,6.454545454545454,9.012593227967535,426,142,3337,6390,1.0,379,1,1,0,0,1,0,0,1,0,0,1,0,0,0,1,0,1,0,0,0,0,0,0,0,0,0,1,0,0,0,0,0,0,1,0.0
61,11,4,2.647887323943662,52.57704225352112,139.71633802816902,6.454545454545454,0.22,71,0,3124,7100,1.0,374,0,1,0,1,0,1,0,0,1,0,0,0,0,1,0,0,0,0,1,0,0,0,0,0,0,0,0,1,0,0,0,1,0,0,0.015
28,5,4,2.563380281690141,50.279154929577466,125.76323943661971,14.2,0.1,284,0,2414,5680,1.0,493,0,1,1,0,0,0,1,0,1,0,0,0,1,0,0,0,0,1,0,0,0,0,0,0,0,1,0,0,0,0,0,0,1,0,0.985
64,12,2,2.6619718309859155,52.14577464788732,139.5118309859155,5.916666666666667,0.25,0,426,1704,2982,1.0,377,0,1,0,1,0,0,0,1,0,1,0,1,0,0,0,0,0,0,1,0,0,0,0,0,0,1,0,0,0,0,1,0,0,0,0.0
57,11,2,2.5774647887323945,49.109577464788735,129.59901408450705,6.454545454545454,9.012593227967535,426,142,3337,6390,1.0,373,1,1,0,0,1,0,0,1,0,0,1,0,0,0,1,0,1,0,0,0,0,0,0,0,0,0,1,0,0,0,1,0,0,0,0.0
47,10,3,2.736111111111111,45.65083333333334,126.46319444444444,7.199999999999999,0.12,144,0,1728,3888,1.0,370,0,1,0,0,1,0,0,1,1,0,0,0,0,0,1,0,1,0,0,0,0,0,0,1,0,0,0,0,0,0,0,0,1,0,0.01
60,1,0,2.5416666666666665,51.08361111111111,132.46958333333333,72.0,0.06,0,288,1512,4320,1.0,370,1,1,1,0,0,0,0,1,1,0,0,1,0,0,0,0,0,0,1,0,0,0,0,0,0,1,0,0,0,1,0,0,0,0,0.0
62,6,3,2.943661971830986,50.06594382224032,149.88211347739878,11.833333333333334,0.3517390141292703,162,46,1561,4961,0.5492957746478874,475,0,1,0,0,1,0,0,1,0,0,1,0,0,1,0,1,0,0,0,0,0,0,0,0,0,0,0,1,0,0,0,0,0,0,0.75
56,1,3,2.833333333333333,53.38284221880122,150.99740553845055,72.0,0.3001674743669285,141,74,3167,2575,0.5833333333333334,792,0,1,1,0,0,0,1,0,0,0,1,0,0,0,1,0,0,0,0,1,0,0,1,0,0,0,0,0,0,0,0,0,0,0,0.1
38,8,2,2.3943661971830985,48.75929577464789,121.37056338028168,8.875,11.0820626280203,213,497,355,1207,1.0,377,0,1,1,0,0,1,0,0,1,0,0,0,0,1,0,0,0,1,0,0,0,0,0,0,0,0,0,0,1,1,0,0,0,0,0.0
26,15,3,2.563380281690141,53.17661971830986,136.47774647887323,4.733333333333333,0.09,213,0,1633,2698,1.0,372,1,1,0,0,1,0,0,1,1,0,0,0,0,1,0,1,0,0,0,0,0,0,0,0,0,0,0,1,0,0,0,0,1,0,0.0
28,5,1,2.388888888888889,51.16,124.1475,14.4,14.89490852814388,360,216,2016,5976,1.0,373,1,1,0,0,1,0,1,0,0,0,1,0,0,0,1,0,0,0,1,0,0,0,0,0,1,0,0,0,0,0,0,0,0,1,0.0
57,11,2,2.535211267605634,49.721267605633805,123.7892957746479,6.454545454545454,9.012593227967535,426,142,3337,6390,1.0,377,1,1,0,0,1,0,0,1,0,0,1,0,0,0,1,0,1,0,0,0,0,1,0,0,0,0,0,0,0,0,0,0,0,1,0.0
21,15,3,2.3943661971830985,50.57661971830986,118.54056338028168,4.733333333333333,0.27,426,0,1704,1491,1.0,371,0,1,0,1,0,1,0,0,1,0,0,0,0,1,0,1,0,0,0,0,0,0,0,1,0,0,0,0,0,1,0,0,0,0,0.0
22,14,0,2.583333333333333,53.21680555555556,138.24152777777778,5.142857142857143,0.02,72,0,2880,1800,1.0,373,0,1,1,0,0,1,0,0,1,0,0,0,0,0,1,0,0,1,0,0,0,0,0,0,0,1,0,0,0,0,0,1,0,0,0.005
70,1,0,2.9722222222222223,53.39426492250752,156.92807254530032,72.0,0.3299817289079561,168,54,1511,1795,0.5833333333333334,819,1,1,0,0,1,0,0,1,1,0,0,0,0,1,0,0,0,0,0,1,1,0,0,0,0,0,0,0,0,0,0,0,0,0,0.135
40,12,1,2.6527777777777777,51.92861111111111,139.5923611111111,6.0,0.24,288,0,2880,1296,1.0,491,0,1,0,0,1,1,0,0,0,0,1,0,0,0,1,0,0,0,1,0,1,0,0,0,0,0,0,0,0,0,0,0,0,1,0.995
44,15,3,2.5211267605633805,48.26295774647888,117.0656338028169,4.733333333333333,0.13,0,213,1491,5680,1.0,494,1,1,0,0,1,0,1,0,0,0,1,1,0,0,0,1,0,0,0,0,0,0,1,0,0,0,0,0,0,0,0,0,0,1,0.995
37,13,0,2.958333333333333,51.49257534714669,150.39368645825778,5.538461538461538,0.338656239240209,165,62,1511,2084,0.75,893,1,1,0,0,1,0,0,1,0,0,1,0,0,1,0,0,0,1,0,0,1,0,0,0,0,0,0,0,0,0,0,0,1,0,0.095
45,3,1,2.6619718309859155,52.10704225352112,135.50225352112676,23.666666666666668,0.25,142,0,3408,1349,1.0,374,0,1,0,1,0,0,1,0,0,1,0,0,0,1,0,0,0,0,1,0,0,0,0,0,0,0,0,0,1,0,0,0,1,0,0.01
34,3,1,2.388888888888889,53.44819444444445,126.53208333333332,24.0,0.07,288,0,3312,4896,1.0,370,1,1,0,1,0,0,0,1,0,0,1,0,1,0,0,1,0,0,0,0,0,0,0,0,0,1,0,0,0,1,0,0,0,0,0.02
33,5,4,2.5694444444444446,48.13069444444445,123.29305555555555,14.4,0.13,0,288,864,1872,1.0,372,0,1,1,0,0,0,1,0,0,1,0,0,0,0,1,0,1,0,0,0,0,0,0,0,0,0,0,0,1,0,0,0,0,1,0.0
28,10,2,2.6901408450704225,47.04985915492958,125.8425352112676,7.1,0.02,0,213,3266,5183,1.0,371,1,1,1,0,0,0,0,1,0,0,1,0,1,0,0,0,1,0,0,0,0,0,0,1,0,0,0,0,0,0,0,1,0,0,0.0
63,10,4,2.4788732394366195,52.91830985915493,129.32901408450704,7.1,0.11,213,0,1846,3834,1.0,496,0,1,0,0,1,1,0,0,1,0,0,0,0,0,1,0,0,1,0,0,0,0,0,0,0,0,0,0,1,0,0,0,0,1,0.995
66,12,0,2.436619718309859,49.81633802816901,124.15577464788733,5.916666666666667,0.1,0,213,3408,2485,1.0,373,1,1,0,0,1,1,0,0,0,0,1,0,1,0,0,0,0,1,0,0,0,0,0,0,0,0,1,0,0,1,0,0,0,0,0.0
53,4,2,2.422535211267605,45.71169014084507,112.27704225352112,17.75,0.23,142,0,852,6603,1.0,383,1,1,0,0,1,0,0,1,1,0,0,0,0,0,1,0,0,1,0,0,0,0,0,0,0,0,0,0,1,1,0,0,0,0,0.0
54,1,2,2.5211267605633805,51.26225352112676,128.3042253521127,71.0,0.01,71,0,3124,6532,1.0,370,0,1,1,0,0,1,0,0,1,0,0,1,0,0,0,0,1,0,0,0,0,0,1,0,0,0,0,0,0,0,0,1,0,0,0.005
42,13,2,2.5211267605633805,50.09267605633803,124.7776056338028,5.461538461538462,0.01,426,0,497,7384,1.0,373,0,1,0,0,1,1,0,0,0,0,1,0,1,0,0,0,0,1,0,0,0,0,0,0,0,0,0,0,1,0,0,1,0,0,0.0
40,8,3,2.901408450704225,52.32017010197228,155.85777573577508,8.875,0.2474595776719048,141,78,3549,1980,0.6338028169014085,563,0,1,0,1,0,0,1,0,0,0,1,1,0,0,0,0,0,0,1,0,0,0,0,0,0,0,0,1,0,0,0,0,0,0,0.81
66,11,2,2.583333333333333,51.55875,135.43069444444444,6.545454545454546,5.520176522913397,504,72,3240,4464,1.0,385,1,1,0,0,1,1,0,0,0,1,0,0,0,1,0,0,0,1,0,0,1,0,0,0,0,0,0,0,0,0,0,1,0,0,0.005
50,4,3,2.6666666666666665,55.62027777777777,147.3736111111111,18.0,0.08,144,0,2088,4032,1.0,370,0,1,0,0,1,1,0,0,0,0,1,0,0,1,0,0,0,0,1,0,0,0,0,1,0,0,0,0,0,0,0,0,1,0,0.015
52,9,1,2.5694444444444446,49.496805555555554,121.80486111111112,8.0,0.11,144,0,1512,5616,1.0,371,1,1,0,0,1,0,0,1,0,0,1,1,0,0,0,0,0,0,0,1,0,1,0,0,0,0,0,0,0,1,0,0,0,0,0.005
21,7,1,2.611111111111111,50.636944444444445,133.24305555555554,10.285714285714286,0.02,216,0,3672,6408,1.0,371,1,1,1,0,0,1,0,0,0,0,1,0,1,0,0,0,0,0,0,1,0,1,0,0,0,0,0,0,0,0,1,0,0,0,0.005
25,9,4,2.859154929577465,48.89394366197183,138.20943661971833,7.888888888888888,0.16,142,0,1775,5538,1.0,493,1,1,0,1,0,1,0,0,0,1,0,0,1,0,0,0,0,1,0,0,0,0,0,0,0,0,1,0,0,0,0,0,1,0,0.985
48,6,1,2.388888888888889,53.13638888888889,126.72361111111113,12.0,6.729058415759139,720,72,3528,3096,1.0,371,0,1,0,0,1,0,1,0,0,1,0,0,0,1,0,0,1,0,0,0,1,0,0,0,0,0,0,0,0,0,0,1,0,0,0.0
40,12,1,2.5492957746478875,56.36521126760563,142.3369014084507,5.916666666666667,0.24,284,0,2840,1278,1.0,498,0,1,0,0,1,1,0,0,0,0,1,0,0,0,1,0,0,0,1,0,0,0,0,0,0,0,0,1,0,1,0,0,0,0,0.98
38,4,1,2.507042253521127,49.95507042253521,124.5518309859155,17.75,0.06,284,0,1704,2840,1.0,493,1,1,1,0,0,1,0,0,1,0,0,1,0,0,0,1,0,0,0,0,0,0,0,0,0,0,1,0,0,0,1,0,0,0,0.98
66,15,4,2.605633802816901,52.22028169014085,137.46352112676055,4.733333333333333,11.526385894687447,710,355,994,4047,1.0,370,1,1,1,0,0,1,0,0,1,0,0,0,0,0,1,0,0,1,0,0,1,0,0,0,0,0,0,0,0,0,0,1,0,0,0.0
40,8,3,2.309859154929577,48.80605633802817,115.47690140845071,8.875,12.152893382918927,213,142,923,4828,1.0,371,1,1,1,0,0,1,0,0,0,0,1,0,1,0,0,0,0,1,0,0,1,0,0,0,0,0,0,0,0,0,1,0,0,0,0.0
22,6,2,2.295774647887324,45.18830985915493,105.80647887323944,11.833333333333334,0.02,0,284,2698,4189,1.0,370,1,1,0,1,0,0,1,0,0,0,1,0,1,0,0,0,0,1,0,0,0,0,0,1,0,0,0,0,0,0,1,0,0,0,0.0
49,3,1,2.430555555555556,51.58277777777778,121.57513888888889,24.0,0.26,0,72,3456,6552,1.0,372,0,1,0,0,1,1,0,0,0,1,0,0,0,1,0,0,1,0,0,0,0,1,0,0,0,0,0,0,0,0,1,0,0,0,0.015
60,5,4,2.4722222222222223,51.98902777777778,130.10805555555555,14.4,0.02,72,0,3528,3744,1.0,490,0,1,0,1,0,0,1,0,1,0,0,1,0,0,0,0,0,1,0,0,0,0,0,0,0,0,0,0,1,0,0,1,0,0,1.0
70,3,2,2.5211267605633805,47.746901408450704,123.95084507042256,23.666666666666668,0.03,142,0,1491,5183,1.0,371,0,1,0,0,1,1,0,0,0,1,0,0,0,0,1,0,0,0,1,0,0,0,0,1,0,0,0,0,0,0,0,0,1,0,0.01
43,12,4,2.4027777777777777,50.58180555555556,118.28625,6.0,0.07,216,0,1296,1296,1.0,495,0,1,0,0,1,0,1,0,1,0,0,0,0,1,0,0,0,0,1,0,0,0,0,0,0,1,0,0,0,0,0,0,1,0,1.0
25,10,3,2.4027777777777777,48.19027777777777,110.06083333333332,7.199999999999999,0.06,216,0,3096,3240,1.0,375,1,1,0,0,1,0,0,1,1,0,0,0,0,1,0,0,1,0,0,0,0,1,0,0,0,0,0,0,0,0,0,0,1,0,0.005
44,9,4,2.4788732394366195,47.34605633802817,115.23985915492958,7.888888888888888,8.454846215008608,284,0,2698,1136,1.0,370,0,1,0,1,0,0,1,0,0,1,0,0,0,1,0,0,0,1,0,0,0,0,0,0,0,0,1,0,0,0,0,0,0,1,0.005
40,12,4,2.5774647887323945,48.73901408450704,126.88225352112676,5.916666666666667,0.0,142,0,3621,3550,1.0,494,0,1,1,0,0,0,1,0,0,0,1,0,0,1,0,0,0,0,0,1,0,0,0,0,1,0,0,0,0,0,0,0,0,1,0.99
31,8,4,2.736111111111111,49.11888888888889,136.09583333333333,9.0,0.13,144,0,3096,4680,1.0,371,0,1,0,0,1,1,0,0,0,0,1,1,0,0,0,0,0,0,1,0,0,0,0,0,0,1,0,0,0,0,1,0,0,0,0.015
31,3,3,2.875,49.44189620796124,143.17592398573902,24.0,0.225599578402923,160,62,2879,1430,0.625,930,1,1,1,0,0,0,1,0,0,0,1,0,0,0,1,0,1,0,0,0,0,0,0,0,0,0,0,1,0,0,0,0,0,0,0.08
59,1,3,2.647887323943662,49.944788732394365,131.78169014084506,71.0,0.02,71,0,2840,1420,1.0,377,1,1,1,0,0,0,0,1,1,0,0,0,0,1,0,1,0,0,0,0,0,0,1,0,0,0,0,0,0,0,0,0,0,1,0.0
58,13,1,2.5774647887323945,51.76647887323944,134.4992957746479,5.461538461538462,12.497540224720405,568,213,568,2627,1.0,373,1,1,0,0,1,0,1,0,0,1,0,0,0,1,0,0,0,0,0,1,0,0,0,0,0,0,0,1,0,0,0,1,0,0,0.0
62,5,2,2.888888888888889,48.45107425281637,141.52405609178243,14.4,0.3603317755548846,150,73,3383,6829,0.6111111111111112,590,0,1,1,0,0,0,1,0,0,1,0,0,1,0,0,0,0,0,0,1,0,0,0,0,0,1,0,0,0,0,0,0,0,0,0.77
45,6,0,2.605633802816901,52.66323943661972,140.07605633802817,11.833333333333334,12.092511217609008,213,426,1207,3621,1.0,371,0,1,0,0,1,1,0,0,0,1,0,1,0,0,0,0,0,0,0,1,0,0,0,0,0,0,0,0,1,0,0,0,0,1,0.005
34,15,2,3.138888888888889,54.33958100404502,177.94109946466958,4.8,0.3098102870427401,169,68,1871,1877,0.6944444444444444,701,1,1,0,1,0,0,1,0,0,0,1,1,0,0,0,0,1,0,0,0,0,0,0,0,0,1,0,0,0,0,1,0,0,0,0.75
27,10,1,2.563380281690141,43.95408450704225,113.6812676056338,7.1,0.22,142,0,1491,2130,1.0,491,0,1,0,1,0,0,0,1,0,1,0,0,1,0,0,0,0,0,1,0,0,0,0,1,0,0,0,0,0,0,0,0,0,1,0.985
31,8,4,2.4788732394366195,51.70633802816901,127.39197183098592,8.875,11.492813938658998,71,497,3408,5680,1.0,372,1,1,1,0,0,0,1,0,1,0,0,0,1,0,0,0,1,0,0,0,0,0,1,0,0,0,0,0,0,0,0,0,1,0,0.0
29,14,4,2.5774647887323945,52.723661971830985,137.9188732394366,5.071428571428571,0.03,142,0,1278,6887,1.0,370,1,1,1,0,0,0,1,0,0,0,1,0,1,0,0,0,0,0,0,1,0,0,1,0,0,0,0,0,0,0,0,0,1,0,0.005
48,3,0,3.0972222222222223,51.81978621629248,156.7651810814624,24.0,0.2834724728590769,148,78,3311,3314,0.5555555555555556,645,1,1,1,0,0,0,0,1,0,1,0,0,0,0,1,0,0,0,0,1,1,0,0,0,0,0,0,0,0,0,0,0,0,0,0.785
48,13,3,2.6944444444444446,47.02861111111111,125.22361111111113,5.538461538461538,0.0,0,72,2592,6624,1.0,372,1,1,1,0,0,0,1,0,0,1,0,0,0,0,1,0,1,0,0,0,0,0,0,0,0,0,0,1,0,0,1,0,0,0,0.01
70,9,0,2.4722222222222223,47.78791666666667,120.39791666666666,8.0,0.2,0,504,1080,2376,1.0,370,0,1,0,0,1,0,0,1,1,0,0,0,0,0,1,1,0,0,0,0,0,0,0,0,1,0,0,0,0,0,0,1,0,0,0.0
19,10,4,3.555555555555556,49.585364525571,175.01756921339512,7.199999999999999,0.2171869775951367,153,102,647,5508,0.5555555555555556,855,1,1,1,0,0,0,0,1,1,0,0,0,0,0,1,1,0,0,0,0,0,0,1,0,0,0,0,0,0,0,0,0,0,0,0.15
48,13,3,2.295774647887324,54.43845070422535,124.1381690140845,5.461538461538462,0.0,0,71,2556,6532,1.0,377,1,1,1,0,0,0,1,0,0,1,0,0,0,0,1,0,1,0,0,0,0,0,0,0,0,0,1,0,0,0,0,0,1,0,0.015
51,1,2,2.486111111111111,53.58819444444444,126.32430555555555,72.0,0.05,360,0,1512,6552,1.0,370,1,1,0,1,0,1,0,0,0,1,0,0,0,0,1,0,0,0,1,0,0,0,0,0,0,0,0,1,0,1,0,0,0,0,0.0
68,11,1,2.3380281690140845,50.83225352112676,116.26676056338027,6.454545454545454,0.14,284,0,3550,2556,1.0,374,1,1,0,0,1,0,0,1,0,1,0,0,1,0,0,0,1,0,0,0,0,0,0,0,0,1,0,0,0,0,1,0,0,0,0.0
51,13,3,2.535211267605634,52.18478873239437,132.6232394366197,5.461538461538462,0.08,284,0,3621,1065,1.0,370,1,1,0,1,0,0,1,0,0,1,0,1,0,0,0,1,0,0,0,0,1,0,0,0,0,0,0,0,0,0,1,0,0,0,0.0
50,2,0,2.388888888888889,54.153333333333336,128.88277777777776,36.0,11.625428891147678,360,216,1656,6480,1.0,370,1,1,0,1,0,0,0,1,0,0,1,0,0,0,1,1,0,0,0,0,0,1,0,0,0,0,0,0,0,0,0,1,0,0,0.0
41,10,1,2.464788732394366,47.713802816901406,113.99563380281693,7.1,0.16,142,0,568,6177,1.0,371,1,1,1,0,0,1,0,0,0,0,1,0,0,0,1,0,0,1,0,0,1,0,0,0,0,0,0,0,0,0,0,0,1,0,0.005
28,10,2,2.6338028169014085,54.63957746478873,146.5730985915493,7.1,0.02,0,213,3266,5183,1.0,371,1,1,1,0,0,0,0,1,0,0,1,0,1,0,0,0,1,0,0,0,0,0,0,0,0,0,0,0,1,1,0,0,0,0,0.01
67,5,1,3.0985915492957745,52.92044955136012,170.96055761595548,14.2,0.31013706633843,124,92,1561,7102,0.6338028169014085,561,0,1,1,0,0,1,0,0,0,1,0,0,1,0,0,0,0,1,0,0,0,0,0,0,0,0,0,1,0,0,0,0,0,0,0.835
61,6,3,2.492957746478873,47.66,116.74830985915492,11.833333333333334,0.19,284,0,2982,1846,1.0,381,1,1,1,0,0,1,0,0,0,1,0,0,1,0,0,0,0,0,0,1,0,0,0,0,0,0,1,0,0,0,0,0,1,0,0.015
20,2,1,2.4027777777777777,48.840694444444445,115.66763888888887,36.0,0.09,360,0,2664,3456,1.0,371,0,1,0,0,1,0,1,0,0,0,1,0,0,1,0,0,0,0,0,1,0,0,0,0,0,1,0,0,0,0,0,1,0,0,0.0
23,3,2,2.563380281690141,50.511408450704224,128.40352112676055,23.666666666666668,0.27,0,71,3337,4118,1.0,491,0,1,0,1,0,1,0,0,0,1,0,0,1,0,0,0,1,0,0,0,0,0,0,1,0,0,0,0,0,0,1,0,0,0,0.975
33,12,3,2.4722222222222223,50.80916666666667,126.49041666666666,6.0,12.716348056920523,576,648,2232,3024,1.0,375,0,1,0,0,1,0,1,0,0,0,1,0,0,0,1,0,1,0,0,0,0,0,0,0,0,0,0,1,0,1,0,0,0,0,0.0
32,8,0,2.583333333333333,49.821666666666665,125.19833333333334,9.0,0.08,216,0,3600,5688,1.0,370,0,1,0,1,0,1,0,0,0,1,0,0,0,0,1,0,0,0,0,1,0,0,0,0,0,0,0,1,0,1,0,0,0,0,0.005
55,10,4,2.464788732394366,50.95394366197184,124.99676056338028,7.1,0.04,0,71,3408,5893,1.0,380,0,1,1,0,0,0,0,1,0,0,1,0,0,1,0,0,1,0,0,0,1,0,0,0,0,0,0,0,0,1,0,0,0,0,0.0
48,10,1,2.380281690140845,52.18338028169014,124.12408450704224,7.1,0.2,0,213,3550,4686,1.0,374,0,1,0,1,0,0,1,0,0,1,0,0,0,1,0,0,0,0,0,1,0,0,0,0,0,0,0,1,0,0,0,0,1,0,0.0
45,5,4,2.361111111111111,45.040416666666665,105.18680555555557,14.4,0.06,216,0,1656,7272,1.0,372,0,1,0,0,1,0,0,1,1,0,0,0,0,0,1,0,1,0,0,0,0,0,0,0,1,0,0,0,0,0,0,1,0,0,0.005
60,2,0,2.486111111111111,48.37,124.4888888888889,36.0,0.01,360,0,1224,2952,1.0,375,0,1,1,0,0,0,1,0,1,0,0,0,0,1,0,1,0,0,0,0,1,0,0,0,0,0,0,0,0,0,0,1,0,0,0.0
61,1,4,2.5277777777777777,50.28861111111112,130.29555555555555,72.0,0.04,0,144,720,1800,1.0,495,1,1,0,1,0,1,0,0,0,1,0,1,0,0,0,1,0,0,0,0,0,0,0,0,0,0,1,0,0,0,0,1,0,0,0.955
58,1,0,2.5694444444444446,47.985972222222216,124.97222222222224,72.0,0.26,288,0,1728,2376,1.0,495,1,1,1,0,0,0,0,1,0,1,0,0,0,0,1,0,1,0,0,0,0,0,0,0,1,0,0,0,0,0,0,0,1,0,0.995
42,15,0,2.436619718309859,50.13084507042254,123.98577464788733,4.733333333333333,0.15,0,71,3266,3266,1.0,377,1,1,1,0,0,1,0,0,0,1,0,1,0,0,0,1,0,0,0,0,0,1,0,0,0,0,0,0,0,0,0,1,0,0,0.005
33,4,1,2.4788732394366195,52.61704225352113,134.6194366197183,17.75,0.15,0,284,2059,2769,1.0,372,1,1,0,0,1,1,0,0,0,1,0,0,1,0,0,0,0,1,0,0,0,0,1,0,0,0,0,0,0,0,1,0,0,0,0.005
57,8,4,2.5694444444444446,50.66569444444444,125.48833333333332,9.0,0.25,72,0,864,1152,1.0,370,1,1,0,1,0,0,0,1,0,0,1,0,0,1,0,0,0,0,0,1,0,0,0,1,0,0,0,0,0,0,0,1,0,0,0.005
38,4,1,2.3472222222222223,49.42805555555556,113.17583333333332,18.0,0.06,288,0,1728,2880,1.0,527,1,1,1,0,0,1,0,0,1,0,0,1,0,0,0,1,0,0,0,0,0,0,0,1,0,0,0,0,0,0,0,0,1,0,0.97
31,4,4,2.638888888888889,54.691944444444445,145.13041666666666,18.0,0.18,0,144,1584,7272,1.0,370,1,1,1,0,0,0,0,1,1,0,0,1,0,0,0,0,0,0,0,1,0,0,0,0,0,0,0,1,0,1,0,0,0,0,0.005
68,1,2,2.333333333333333,49.89805555555555,114.15166666666669,72.0,0.25,288,0,2952,7416,1.0,370,0,1,0,0,1,1,0,0,0,1,0,1,0,0,0,0,0,0,0,1,0,0,0,0,0,0,1,0,0,0,0,0,1,0,0.01
61,15,3,2.619718309859155,49.74394366197184,133.78,4.733333333333333,6.043439896799889,71,284,1491,5964,1.0,379,1,1,0,0,1,1,0,0,0,1,0,0,1,0,0,0,0,1,0,0,0,0,0,0,0,0,0,0,1,0,1,0,0,0,0.0
27,4,1,2.5277777777777777,48.52583333333334,123.97,18.0,0.02,216,0,1512,5832,1.0,374,0,1,1,0,0,0,1,0,0,0,1,0,0,1,0,0,0,1,0,0,0,0,0,0,1,0,0,0,0,0,1,0,0,0,0.005
37,9,4,2.535211267605634,48.32380281690141,123.25408450704226,7.888888888888888,0.25,213,0,639,5041,1.0,374,1,1,0,1,0,0,1,0,0,0,1,1,0,0,0,0,0,0,0,1,0,0,0,1,0,0,0,0,0,0,0,0,0,1,0.005
68,2,3,2.436619718309859,47.998591549295774,109.9143661971831,35.5,0.08,0,71,852,1491,1.0,374,1,1,0,0,1,0,1,0,0,1,0,0,0,0,1,0,0,1,0,0,0,0,0,0,1,0,0,0,0,0,1,0,0,0,0.01
49,6,2,2.555555555555556,50.450833333333335,127.8325,12.0,9.366820202264352,504,72,720,2232,1.0,370,1,1,1,0,0,1,0,0,0,0,1,0,0,1,0,0,1,0,0,0,0,0,0,0,0,0,0,1,0,0,1,0,0,0,0.0
42,5,1,2.458333333333333,49.43805555555556,123.0788888888889,14.4,5.925676610997473,360,216,1800,1944,1.0,370,1,1,0,1,0,1,0,0,0,0,1,0,0,0,1,0,0,0,1,0,0,0,0,1,0,0,0,0,0,1,0,0,0,0,0.0
69,4,2,2.333333333333333,48.95402777777778,114.0513888888889,18.0,0.22,144,0,2088,2376,1.0,493,1,1,0,0,1,1,0,0,1,0,0,0,0,1,0,0,1,0,0,0,1,0,0,0,0,0,0,0,0,1,0,0,0,0,0.975
59,3,4,2.422535211267605,50.88971830985916,123.38633802816902,23.666666666666668,0.1,142,0,3053,5538,1.0,374,0,1,0,0,1,0,0,1,0,0,1,0,1,0,0,0,0,1,0,0,0,1,0,0,0,0,0,0,0,0,0,0,0,1,0.0
26,4,2,2.5492957746478875,51.294788732394366,133.38802816901406,17.75,0.21,284,0,852,3195,1.0,389,0,1,0,0,1,0,1,0,0,1,0,1,0,0,0,0,0,1,0,0,0,0,0,1,0,0,0,0,0,1,0,0,0,0,0.0
25,2,1,2.9859154929577465,48.47641467342935,144.15346937240076,35.5,0.2977556817462119,170,54,3123,3830,0.4929577464788732,544,0,1,0,0,1,1,0,0,0,1,0,1,0,0,0,0,0,1,0,0,1,0,0,0,0,0,0,0,0,0,0,0,0,0,0.705
18,3,3,2.295774647887324,48.97915492957746,112.13549295774648,23.666666666666668,0.3,284,0,1704,5538,1.0,494,0,1,0,1,0,1,0,0,0,1,0,0,0,0,1,1,0,0,0,0,0,0,0,0,0,0,0,0,1,0,0,1,0,0,0.995
33,5,4,2.5211267605633805,47.140281690140846,115.44014084507042,14.2,0.13,0,284,852,1846,1.0,377,0,1,1,0,0,0,1,0,0,1,0,0,0,0,1,0,1,0,0,0,1,0,0,0,0,0,0,0,0,1,0,0,0,0,0.0
26,4,2,2.352112676056338,49.21746478873239,115.3025352112676,17.75,0.21,284,0,852,3195,1.0,379,0,1,0,0,1,0,1,0,0,1,0,1,0,0,0,0,0,1,0,0,1,0,0,0,0,0,0,0,0,0,0,0,0,1,0.0
27,7,1,2.535211267605634,49.57422535211268,129.3642253521127,10.142857142857142,0.29,71,0,2627,2201,1.0,370,1,1,0,1,0,1,0,0,1,0,0,0,0,0,1,1,0,0,0,0,0,0,0,0,0,1,0,0,0,0,0,0,1,0,0.0
63,10,4,2.611111111111111,48.60583333333333,124.10416666666669,7.199999999999999,0.11,216,0,1872,3888,1.0,500,0,1,0,0,1,1,0,0,1,0,0,0,0,0,1,0,0,1,0,0,0,1,0,0,0,0,0,0,0,0,0,0,0,1,0.985
47,2,0,2.361111111111111,52.18277777777777,125.94666666666666,36.0,0.21,0,216,648,4032,1.0,495,0,1,0,0,1,0,0,1,0,0,1,0,1,0,0,0,0,0,0,1,0,0,0,0,0,0,0,0,1,1,0,0,0,0,0.975
40,10,3,2.507042253521127,51.13239436619718,127.0238028169014,7.1,0.14,0,142,2343,4899,1.0,374,1,1,0,0,1,0,0,1,0,0,1,0,1,0,0,0,0,0,0,1,0,1,0,0,0,0,0,0,0,0,0,0,1,0,0.01
51,13,4,2.507042253521127,51.374507042253526,132.14971830985914,5.461538461538462,11.450168057204277,497,710,2769,4047,1.0,373,0,1,1,0,0,0,1,0,0,1,0,0,1,0,0,0,0,0,1,0,0,0,0,0,0,0,0,0,1,0,0,0,0,1,0.0
56,15,3,2.3943661971830985,51.16704225352113,123.3074647887324,4.733333333333333,0.17,213,0,3621,5112,1.0,501,0,1,0,0,1,0,0,1,0,0,1,0,0,1,0,0,0,0,0,1,0,0,0,0,0,0,1,0,0,0,0,0,0,1,0.99
58,1,1,3.083333333333333,52.116417185408686,157.96814044511495,72.0,0.2954639753715804,178,52,1583,4827,0.5833333333333334,883,1,1,1,0,0,0,1,0,1,0,0,0,0,1,0,1,0,0,0,0,0,0,1,0,0,0,0,0,0,0,0,0,0,0,0.825
57,9,3,2.625,51.14055555555555,132.88805555555555,8.0,0.16,216,0,2232,5400,1.0,522,1,1,0,0,1,0,0,1,0,1,0,0,0,0,1,0,0,1,0,0,0,0,0,0,0,0,1,0,0,0,0,1,0,0,0.995
21,11,4,2.422535211267605,48.140281690140846,116.05154929577463,6.454545454545454,8.744172933134937,71,426,2272,4828,1.0,370,1,1,0,0,1,1,0,0,0,0,1,0,0,0,1,1,0,0,0,0,0,1,0,0,0,0,0,0,0,0,0,1,0,0,0.0
48,5,4,2.638888888888889,45.88541666666666,122.65930555555556,14.4,0.18,144,0,936,3240,1.0,378,0,1,1,0,0,1,0,0,0,0,1,0,0,1,0,0,0,0,0,1,1,0,0,0,0,0,0,0,0,0,1,0,0,0,0.01
48,10,4,2.563380281690141,49.04957746478873,126.98929577464789,7.1,13.396364307572856,0,284,426,852,1.0,380,1,1,0,0,1,0,1,0,1,0,0,0,1,0,0,1,0,0,0,0,0,0,1,0,0,0,0,0,0,0,0,1,0,0,0.0
21,9,0,2.5694444444444446,54.10041666666667,139.14152777777778,8.0,0.01,288,0,1800,4248,1.0,376,1,1,0,0,1,0,1,0,0,0,1,1,0,0,0,0,0,1,0,0,0,0,0,0,1,0,0,0,0,0,0,0,0,1,0.015
18,1,4,3.1666666666666665,50.02241925477411,156.15167960720385,72.0,0.2516695284011801,170,63,1295,2815,0.6805555555555556,613,1,1,0,1,0,0,0,1,1,0,0,1,0,0,0,0,1,0,0,0,0,0,1,0,0,0,0,0,0,0,0,0,1,0,0.09
70,7,1,2.605633802816901,50.92985915492958,139.15887323943662,10.142857142857142,0.26,142,0,710,4402,1.0,374,1,1,0,0,1,0,0,1,0,1,0,0,0,1,0,0,0,0,0,1,0,0,0,0,0,0,1,0,0,0,0,0,1,0,0.005
53,10,3,2.5774647887323945,50.21549295774648,130.69169014084508,7.1,10.95217002357076,0,213,639,5183,1.0,378,0,1,0,1,0,0,1,0,0,0,1,0,0,1,0,1,0,0,0,0,1,0,0,0,0,0,0,0,0,0,0,1,0,0,0.0
56,15,3,2.875,50.21798860704087,149.30931553927456,4.8,0.3530372403932315,156,58,3671,5171,0.5277777777777778,756,0,1,0,0,1,0,0,1,0,0,1,0,0,1,0,0,0,0,0,1,0,0,0,0,0,1,0,0,0,0,0,0,0,0,0.815
43,10,0,2.6338028169014085,51.28056338028169,132.26352112676057,7.1,0.3,284,0,3266,2201,1.0,370,0,1,0,0,1,0,0,1,0,1,0,0,0,0,1,1,0,0,0,0,0,0,0,0,0,0,1,0,0,0,0,0,1,0,0.01
59,3,4,2.3943661971830985,47.07746478873239,112.53802816901408,23.666666666666668,0.1,142,0,3053,5538,1.0,370,0,1,0,0,1,0,0,1,0,0,1,0,1,0,0,0,0,1,0,0,0,0,0,0,1,0,0,0,0,0,0,1,0,0,0.0
23,3,2,2.323943661971831,53.03774647887324,123.91929577464788,23.666666666666668,0.27,0,71,3337,4118,1.0,490,0,1,0,1,0,1,0,0,0,1,0,0,1,0,0,0,1,0,0,0,1,0,0,0,0,0,0,0,0,0,0,0,0,1,0.99
45,6,4,2.535211267605634,52.09154929577465,135.62281690140844,11.833333333333334,10.205508242254684,0,497,1775,5396,1.0,370,1,1,0,1,0,1,0,0,0,0,1,0,0,0,1,0,0,1,0,0,0,1,0,0,0,0,0,0,0,1,0,0,0,0,0.0
35,2,0,3.236111111111111,48.33386934100554,157.1971440306888,36.0,0.3442503569194402,166,66,2303,6997,0.5972222222222222,732,0,1,1,0,0,1,0,0,0,1,0,0,0,0,1,0,0,1,0,0,0,0,0,0,0,1,0,0,0,0,0,0,0,0,0.115
69,10,2,2.805555555555556,49.75630799697449,137.15567154950452,7.199999999999999,0.3097016866263424,143,71,1151,3152,0.5972222222222222,876,0,1,0,0,1,0,0,1,1,0,0,1,0,0,0,0,0,0,0,1,0,1,0,0,0,0,0,0,0,0,0,0,0,0,0.135
46,14,3,2.4444444444444446,54.12680555555556,130.5513888888889,5.142857142857143,0.28,0,72,2808,1512,1.0,370,0,1,1,0,0,0,1,0,1,0,0,0,1,0,0,0,0,1,0,0,0,0,0,1,0,0,0,0,0,0,0,0,1,0,0.01
26,4,2,2.4788732394366195,49.721267605633805,125.6130985915493,17.75,0.21,284,0,852,3195,1.0,370,0,1,0,0,1,0,1,0,0,1,0,1,0,0,0,0,0,1,0,0,0,0,0,0,0,1,0,0,0,0,0,1,0,0,0.0
24,9,2,2.6527777777777777,52.51805555555556,134.5113888888889,8.0,0.29,288,0,1728,1440,1.0,370,0,1,1,0,0,1,0,0,0,0,1,0,1,0,0,0,0,1,0,0,0,0,0,0,0,0,0,0,1,1,0,0,0,0,0.0
68,11,1,2.6338028169014085,45.74239436619718,120.86732394366196,6.454545454545454,0.22,213,0,3266,5041,1.0,371,1,1,1,0,0,0,1,0,0,1,0,0,1,0,0,1,0,0,0,0,0,0,0,0,1,0,0,0,0,0,0,0,1,0,0.0
68,5,1,2.732394366197183,52.84028169014084,140.8874647887324,14.2,0.14,142,0,2414,3124,1.0,502,1,1,0,1,0,1,0,0,0,1,0,0,0,1,0,0,0,1,0,0,0,0,1,0,0,0,0,0,0,0,0,0,1,0,0.995
66,9,1,2.507042253521127,47.93577464788733,119.65661971830988,7.888888888888888,0.23,0,142,2343,5112,1.0,373,1,1,0,0,1,0,0,1,0,1,0,0,0,0,1,0,0,0,0,1,0,0,0,0,0,0,0,1,0,0,0,1,0,0,0.01
68,15,1,2.619718309859155,46.94352112676056,122.94887323943664,4.733333333333333,0.1,284,0,852,3621,1.0,372,1,1,1,0,0,0,1,0,0,0,1,1,0,0,0,1,0,0,0,0,0,0,0,1,0,0,0,0,0,0,0,1,0,0,0.0
41,10,4,2.5694444444444446,51.88847222222222,128.33680555555554,7.199999999999999,0.25,0,288,1008,1584,1.0,371,0,1,0,1,0,1,0,0,0,1,0,1,0,0,0,0,0,0,0,1,0,0,0,0,0,0,0,1,0,0,0,0,0,1,0.0
67,14,2,2.492957746478873,51.04887323943662,130.08718309859157,5.071428571428571,0.05,142,0,3408,5254,1.0,503,1,1,1,0,0,0,0,1,0,0,1,0,1,0,0,0,0,0,1,0,1,0,0,0,0,0,0,0,0,0,0,0,0,1,0.99
51,11,4,2.619718309859155,47.827323943661966,125.5412676056338,6.454545454545454,0.1,213,0,1988,1349,1.0,376,1,1,0,0,1,1,0,0,0,0,1,0,0,1,0,0,0,0,0,1,0,0,0,1,0,0,0,0,0,1,0,0,0,0,0.0
55,4,4,2.6666666666666665,52.11083333333333,139.32222222222222,18.0,6.927618209488768,360,432,432,4824,1.0,370,0,1,0,1,0,0,0,1,0,1,0,1,0,0,0,0,0,0,1,0,0,0,0,0,0,0,0,1,0,0,0,1,0,0,0.0
63,4,0,2.676056338028169,49.68437021904158,132.38353721419452,17.75,0.2480343409095111,131,58,1348,4730,0.5774647887323944,493,0,1,0,0,1,0,0,1,0,0,1,0,1,0,0,0,0,0,0,1,1,0,0,0,0,0,0,0,0,0,0,0,0,0,0.135
48,10,4,2.5,49.28930555555556,121.85347222222224,7.199999999999999,13.396364307572856,0,288,432,864,1.0,373,1,1,0,0,1,0,1,0,1,0,0,0,1,0,0,1,0,0,0,0,0,1,0,0,0,0,0,0,0,0,1,0,0,0,0.0
35,2,1,2.8472222222222223,52.02875,151.35472222222222,36.0,0.03,72,0,2304,4032,1.0,380,0,1,0,0,1,1,0,0,0,0,1,0,0,1,0,0,1,0,0,0,0,0,0,0,0,0,1,0,0,0,0,1,0,0,0.03
40,8,0,2.507042253521127,51.680281690140845,133.1545070422535,8.875,0.25,284,0,2201,7313,1.0,371,0,1,0,1,0,1,0,0,0,1,0,1,0,0,0,0,0,0,0,1,0,1,0,0,0,0,0,0,0,1,0,0,0,0,0.0
41,11,2,2.3194444444444446,49.86861111111111,118.50986111111112,6.545454545454546,0.28,0,144,1728,4896,1.0,374,1,1,1,0,0,0,1,0,0,1,0,1,0,0,0,0,0,0,0,1,0,0,0,0,0,0,1,0,0,0,1,0,0,0,0.005
55,8,4,2.3472222222222223,47.37277777777778,112.71777777777778,9.0,0.07,0,72,2880,2880,1.0,377,1,1,1,0,0,0,0,1,1,0,0,1,0,0,0,0,1,0,0,0,0,0,0,0,0,0,0,1,0,1,0,0,0,0,0.015
24,10,3,2.4507042253521125,52.59521126760563,131.1274647887324,7.1,0.17,0,142,1562,5538,1.0,507,1,1,0,0,1,0,1,0,0,0,1,0,0,0,1,0,0,0,0,1,0,0,0,1,0,0,0,0,0,0,0,0,0,1,0.995
40,13,4,2.430555555555556,48.90444444444445,117.17291666666668,5.538461538461538,0.25,144,0,2808,3024,1.0,370,1,1,0,1,0,0,0,1,0,0,1,1,0,0,0,0,0,0,1,0,0,0,0,0,0,1,0,0,0,1,0,0,0,0,0.0
38,4,0,2.736111111111111,51.186527777777776,138.6775,18.0,0.16,144,0,3384,2592,1.0,522,1,1,0,1,0,0,0,1,0,0,1,1,0,0,0,0,0,1,0,0,0,0,0,0,1,0,0,0,0,0,0,0,1,0,0.97
38,15,4,2.861111111111111,49.71590146313159,143.089926611617,4.8,0.2818463864674896,157,59,3383,2435,0.6666666666666666,842,0,1,0,0,1,1,0,0,0,1,0,0,1,0,0,0,1,0,0,0,0,0,0,0,0,0,0,1,0,0,0,0,1,0,0.77
37,10,0,2.619718309859155,50.1956338028169,134.1049295774648,7.1,0.18,71,0,1420,1207,1.0,490,1,1,1,0,0,1,0,0,0,0,1,0,0,1,0,1,0,0,0,0,1,0,0,0,0,0,0,0,0,0,0,0,0,1,0.985
47,3,4,2.680555555555556,49.18013888888889,129.85777777777778,24.0,0.06,288,0,648,1800,1.0,491,0,1,0,1,0,1,0,0,1,0,0,0,0,0,1,0,1,0,0,0,0,0,0,0,0,0,0,0,1,0,0,0,1,0,0.995
22,14,0,2.591549295774648,51.29577464788732,137.1650704225352,5.071428571428571,0.02,71,0,2840,1775,1.0,370,0,1,1,0,0,1,0,0,1,0,0,0,0,0,1,0,0,1,0,0,1,0,0,0,0,0,0,0,0,0,0,0,0,1,0.0
64,11,4,3.140845070422535,50.27399744951971,159.61762615137604,6.454545454545454,0.3334124632140158,179,54,2058,6042,0.4788732394366197,586,1,1,0,1,0,1,0,0,0,1,0,0,0,1,0,0,0,0,0,1,0,1,0,0,0,0,0,0,0,0,0,0,0,0,0.8
41,11,4,2.736111111111111,41.48138888888889,113.4975,6.545454545454546,0.26,72,0,2160,6336,1.0,373,1,1,0,0,1,1,0,0,0,1,0,0,0,1,0,0,0,0,1,0,0,0,0,0,0,1,0,0,0,0,0,0,1,0,0.02
50,4,3,2.5211267605633805,47.79394366197183,122.43985915492956,17.75,0.08,142,0,2059,3976,1.0,379,0,1,0,0,1,1,0,0,0,0,1,0,0,1,0,0,0,0,1,0,0,1,0,0,0,0,0,0,0,1,0,0,0,0,0.0
33,12,1,2.619718309859155,48.37112676056338,126.91887323943662,5.916666666666667,0.09,0,142,2911,4473,1.0,379,1,1,1,0,0,0,1,0,1,0,0,1,0,0,0,0,0,0,1,0,1,0,0,0,0,0,0,0,0,0,1,0,0,0,0.0
33,5,4,2.513888888888889,48.68,121.22041666666668,14.4,0.13,0,288,864,1872,1.0,371,0,1,1,0,0,0,1,0,0,1,0,0,0,0,1,0,1,0,0,0,0,0,0,0,1,0,0,0,0,1,0,0,0,0,0.005
48,5,4,2.5972222222222223,52.80986111111111,136.07027777777776,14.4,0.18,144,0,936,3240,1.0,374,0,1,1,0,0,1,0,0,0,0,1,0,0,1,0,0,0,0,0,1,0,0,0,1,0,0,0,0,0,0,1,0,0,0,0.01
25,14,0,2.5694444444444446,51.51930555555556,129.67,5.142857142857143,0.17,0,144,1584,7128,1.0,494,0,1,1,0,0,1,0,0,1,0,0,1,0,0,0,1,0,0,0,0,1,0,0,0,0,0,0,0,0,0,0,0,1,0,1.0
44,9,4,2.76056338028169,51.71816901408451,144.7149295774648,7.888888888888888,8.454846215008608,284,0,2698,1136,1.0,376,0,1,0,1,0,0,1,0,0,1,0,0,0,1,0,0,0,1,0,0,0,0,0,0,0,1,0,0,0,0,0,1,0,0,0.0
45,5,1,2.638888888888889,50.23888888888889,129.1951388888889,14.4,14.679563163475963,576,144,3456,5616,1.0,377,1,1,1,0,0,0,1,0,1,0,0,0,0,0,1,1,0,0,0,0,0,0,0,0,0,1,0,0,0,0,0,0,1,0,0.0
34,3,1,2.732394366197183,44.86774647887325,126.04281690140846,23.666666666666668,0.07,284,0,3266,4828,1.0,370,1,1,0,1,0,0,0,1,0,0,1,0,1,0,0,1,0,0,0,0,0,1,0,0,0,0,0,0,0,0,0,0,0,1,0.01
62,15,2,2.583333333333333,50.84791666666667,130.25430555555556,4.8,0.08,72,0,1512,4608,1.0,370,0,1,0,0,1,0,1,0,0,0,1,0,1,0,0,0,0,0,0,1,0,0,0,0,0,0,0,1,0,0,1,0,0,0,0.01
45,5,4,2.4722222222222223,50.99805555555556,127.22,14.4,0.06,216,0,1656,7272,1.0,370,0,1,0,0,1,0,0,1,1,0,0,0,0,0,1,0,1,0,0,0,0,0,0,0,0,0,0,0,1,1,0,0,0,0,0.0
50,13,0,3.028169014084507,50.95571190055572,154.24017154588486,5.461538461538462,0.3153559745445392,129,93,567,5820,0.676056338028169,440,0,1,0,0,1,0,0,1,0,0,1,1,0,0,0,0,0,0,1,0,0,0,0,0,0,1,0,0,0,0,0,0,1,0,0.05
68,5,1,2.507042253521127,52.89549295774648,135.69788732394366,14.2,0.14,142,0,2414,3124,1.0,492,1,1,0,1,0,1,0,0,0,1,0,0,0,1,0,0,0,1,0,0,0,0,1,0,0,0,0,0,0,1,0,0,0,0,0.99
35,12,3,2.430555555555556,53.25125,124.52,6.0,0.03,0,216,3384,5544,1.0,503,1,1,0,1,0,1,0,0,0,1,0,1,0,0,0,0,1,0,0,0,0,0,0,1,0,0,0,0,0,0,0,1,0,0,1.0
43,9,0,2.611111111111111,47.89930555555556,125.94736111111108,8.0,12.012002113235292,216,504,2376,5040,1.0,375,0,1,0,1,0,0,1,0,0,0,1,0,0,0,1,1,0,0,0,0,0,0,0,0,1,0,0,0,0,0,0,0,0,1,0.0
50,10,4,2.507042253521127,53.60042253521127,139.2588732394366,7.1,0.25,426,0,2130,7100,1.0,495,0,1,0,1,0,0,0,1,0,0,1,0,1,0,0,0,1,0,0,0,0,0,0,0,0,0,0,1,0,0,1,0,0,0,0.99
44,3,3,2.535211267605634,46.58915492957746,118.29788732394366,23.666666666666668,0.25,355,0,1136,6390,1.0,377,1,1,0,1,0,0,1,0,0,0,1,1,0,0,0,0,1,0,0,0,0,0,0,1,0,0,0,0,0,0,1,0,0,0,0.005
40,10,3,3.380281690140845,47.39762914539909,159.25518798051658,7.1,0.322830838052048,135,109,2342,4992,0.6901408450704225,524,1,1,0,0,1,0,0,1,0,0,1,0,1,0,0,0,0,0,0,1,0,0,1,0,0,0,0,0,0,0,1,0,0,0,0.12
55,7,1,2.9295774647887325,50.31861119392251,145.75233209963372,10.142857142857142,0.2821531326604664,162,62,2413,7304,0.6338028169014085,473,1,1,0,0,1,0,1,0,0,0,1,0,0,1,0,0,0,0,1,0,0,1,0,0,0,0,0,0,0,0,0,0,1,0,0.06
29,2,3,2.513888888888889,50.185833333333335,125.91236111111112,36.0,10.422353915074105,288,72,3600,6624,1.0,375,0,1,0,1,0,1,0,0,0,1,0,0,0,0,1,1,0,0,0,0,0,0,0,1,0,0,0,0,0,1,0,0,0,0,0.0
50,12,2,3.295774647887324,50.67307366067109,166.27595661451537,5.916666666666667,0.3034664869269422,176,65,1490,2431,0.7323943661971831,489,0,1,0,1,0,0,0,1,1,0,0,0,0,0,1,0,1,0,0,0,0,0,0,1,0,0,0,0,0,0,0,0,1,0,0.13
68,1,4,2.943661971830986,48.39345659488977,146.54311037287815,71.0,0.3219383258666558,148,69,3123,6313,0.5915492957746479,525,1,1,0,1,0,0,1,0,0,1,0,1,0,0,0,0,0,0,0,1,1,0,0,0,0,0,0,0,0,0,0,0,0,0,0.765
48,10,1,2.611111111111111,50.31513888888889,131.17013888888889,7.199999999999999,0.2,0,216,3600,4752,1.0,374,0,1,0,1,0,0,1,0,0,1,0,0,0,1,0,0,0,0,0,1,0,0,0,1,0,0,0,0,0,0,0,1,0,0,0.0
70,1,2,2.5492957746478875,51.97112676056338,133.95450704225354,71.0,0.19,426,0,1633,4544,1.0,378,0,1,1,0,0,1,0,0,1,0,0,0,0,1,0,0,0,1,0,0,0,0,0,0,0,0,1,0,0,0,0,1,0,0,0.025
70,10,1,2.5277777777777777,45.59180555555556,115.11847222222224,7.199999999999999,0.14,216,0,3024,6264,1.0,505,0,1,0,0,1,0,0,1,0,0,1,1,0,0,0,0,0,0,0,1,0,0,0,0,0,0,1,0,0,0,0,0,1,0,0.99
40,6,0,2.4722222222222223,52.39277777777778,130.6036111111111,12.0,0.26,288,0,3384,1728,1.0,377,0,1,0,1,0,0,1,0,0,0,1,0,1,0,0,0,0,0,1,0,0,0,0,0,0,0,1,0,0,0,0,0,1,0,0.005
62,14,3,2.25,53.585,117.44375,5.142857142857143,0.27,72,0,3384,2232,1.0,372,1,1,0,1,0,0,1,0,0,1,0,1,0,0,0,0,0,0,0,1,0,0,1,0,0,0,0,0,0,0,0,0,1,0,0.005
42,15,0,2.507042253521127,49.54845070422535,123.33056338028167,4.733333333333333,0.15,0,71,3266,3266,1.0,373,1,1,1,0,0,1,0,0,0,1,0,1,0,0,0,1,0,0,0,0,1,0,0,0,0,0,0,0,0,0,1,0,0,0,0.0
60,4,4,2.676056338028169,49.095211267605634,133.21957746478873,17.75,0.02,0,213,1136,1775,1.0,370,0,1,0,1,0,0,1,0,1,0,0,0,0,1,0,0,0,0,0,1,0,0,0,0,0,1,0,0,0,0,0,0,1,0,0.005
33,5,4,2.563380281690141,45.88042253521128,115.28985915492956,14.2,0.13,0,284,852,1846,1.0,374,0,1,1,0,0,0,1,0,0,1,0,0,0,0,1,0,1,0,0,0,1,0,0,0,0,0,0,0,0,0,0,0,1,0,0.005
33,7,4,2.555555555555556,48.29777777777778,122.52444444444444,10.285714285714286,0.29,72,0,2160,2376,1.0,384,0,1,0,0,1,0,1,0,1,0,0,0,0,0,1,0,0,0,1,0,0,0,1,0,0,0,0,0,0,0,0,1,0,0,0.0
21,1,3,2.9444444444444446,52.60426070543945,151.10217737210613,72.0,0.260186047347714,166,57,791,1147,0.625,716,1,1,0,1,0,0,1,0,0,1,0,0,0,0,1,0,1,0,0,0,0,1,0,0,0,0,0,0,0,0,0,0,0,0,0.065
24,2,4,2.2222222222222223,46.94291666666666,106.91791666666668,36.0,10.783070662780508,576,576,2160,1944,1.0,371,0,1,0,0,1,0,0,1,0,0,1,0,1,0,0,0,1,0,0,0,1,0,0,0,0,0,0,0,0,1,0,0,0,0,0.0
34,12,3,2.676056338028169,51.63309859154929,141.8905633802817,5.916666666666667,0.11,0,142,2556,7242,1.0,490,1,1,1,0,0,0,0,1,0,1,0,0,0,1,0,0,0,1,0,0,0,1,0,0,0,0,0,0,0,1,0,0,0,0,0.98
52,12,4,2.619718309859155,52.8230985915493,138.02957746478873,5.916666666666667,0.2,355,0,426,7171,1.0,490,0,1,0,0,1,1,0,0,1,0,0,0,0,0,1,0,0,0,0,1,0,0,1,0,0,0,0,0,0,0,0,0,0,1,0.995
31,13,4,2.591549295774648,49.80915492957746,129.88042253521127,5.461538461538462,0.16,142,0,3053,5112,1.0,374,0,1,1,0,0,0,1,0,0,1,0,0,0,1,0,1,0,0,0,0,0,1,0,0,0,0,0,0,0,0,0,0,0,1,0.005
53,6,4,2.422535211267605,48.6456338028169,117.82901408450704,11.833333333333334,0.06,0,142,497,1065,1.0,496,0,1,0,1,0,0,0,1,1,0,0,0,1,0,0,1,0,0,0,0,0,0,1,0,0,0,0,0,0,0,0,0,1,0,0.985
68,15,1,2.676056338028169,50.09985915492958,136.1821126760563,4.733333333333333,0.1,284,0,852,3621,1.0,373,1,1,1,0,0,0,1,0,0,0,1,1,0,0,0,1,0,0,0,0,1,0,0,0,0,0,0,0,0,0,1,0,0,0,0.0
54,4,4,2.197183098591549,54.49577464788732,123.01985915492958,17.75,0.01,213,0,3337,4757,1.0,374,1,1,1,0,0,0,0,1,1,0,0,0,0,1,0,0,1,0,0,0,0,0,0,0,0,0,0,1,0,1,0,0,0,0,0.0
52,9,1,2.352112676056338,49.18394366197183,118.07338028169012,7.888888888888888,0.11,142,0,1491,5538,1.0,370,1,1,0,0,1,0,0,1,0,0,1,1,0,0,0,0,0,0,0,1,0,0,0,0,0,1,0,0,0,0,0,0,1,0,0.005
26,4,2,2.486111111111111,50.06055555555556,123.04277777777776,18.0,0.21,288,0,864,3240,1.0,391,0,1,0,0,1,0,1,0,0,1,0,1,0,0,0,0,0,1,0,0,0,0,0,0,0,0,1,0,0,0,0,1,0,0,0.0
48,3,0,2.647887323943662,49.24323943661972,127.84239436619715,23.666666666666668,0.3,142,0,3266,3195,1.0,494,1,1,1,0,0,0,0,1,0,1,0,0,0,0,1,0,0,0,0,1,0,0,0,0,0,0,0,1,0,1,0,0,0,0,0.99
34,10,4,2.583333333333333,53.25888888888889,140.55930555555557,7.199999999999999,13.629738377996562,288,72,2016,1224,1.0,373,1,1,0,1,0,1,0,0,0,0,1,1,0,0,0,0,0,1,0,0,0,0,0,0,1,0,0,0,0,0,1,0,0,0,0.0
57,6,0,2.555555555555556,52.24916666666667,136.55652777777777,12.0,0.13,144,0,1584,936,1.0,370,1,1,0,0,1,0,1,0,0,1,0,0,0,0,1,0,0,0,1,0,0,0,0,0,0,0,0,0,1,0,1,0,0,0,0.005
44,9,1,2.5277777777777777,52.90402777777778,135.75458333333333,8.0,0.08,432,0,1584,4320,1.0,382,0,1,0,1,0,1,0,0,0,0,1,0,1,0,0,0,1,0,0,0,0,0,0,0,0,0,0,1,0,0,0,0,1,0,0.01
48,15,2,2.611111111111111,52.53888888888889,141.21944444444443,4.8,0.21,216,0,504,4608,1.0,490,0,1,0,1,0,1,0,0,1,0,0,0,0,0,1,0,0,0,1,0,0,1,0,0,0,0,0,0,0,0,1,0,0,0,0.965
37,15,4,2.375,50.41263888888889,118.8225,4.8,0.22,0,144,2808,7056,1.0,494,0,1,0,1,0,0,1,0,0,1,0,0,0,1,0,0,0,1,0,0,0,0,0,0,1,0,0,0,0,0,1,0,0,0,0.995
33,7,4,2.464788732394366,51.64253521126761,126.33112676056338,10.142857142857142,0.29,71,0,2130,2343,1.0,370,0,1,0,0,1,0,1,0,1,0,0,0,0,0,1,0,0,0,1,0,0,0,1,0,0,0,0,0,0,1,0,0,0,0,0.0
49,9,1,2.5774647887323945,47.321549295774645,122.27450704225352,7.888888888888888,0.16,213,0,1420,3976,1.0,372,1,1,0,1,0,1,0,0,0,1,0,0,1,0,0,0,0,1,0,0,0,1,0,0,0,0,0,0,0,0,0,0,0,1,0.01
31,13,4,2.5694444444444446,48.92597222222222,123.49083333333334,5.538461538461538,0.16,144,0,3096,5184,1.0,370,0,1,1,0,0,0,1,0,0,1,0,0,0,1,0,1,0,0,0,0,0,0,1,0,0,0,0,0,0,0,1,0,0,0,0.0
21,11,4,3.083333333333333,53.10876203305358,163.7969685105516,6.545454545454546,0.2710301796268741,165,62,2375,5116,0.5833333333333334,786,1,1,0,0,1,1,0,0,0,0,1,0,0,0,1,1,0,0,0,0,0,1,0,0,0,0,0,0,0,0,0,0,0,0,0.085
70,1,2,2.3380281690140845,51.28197183098592,119.89492957746478,71.0,0.19,426,0,1633,4544,1.0,373,0,1,1,0,0,1,0,0,1,0,0,0,0,1,0,0,0,1,0,0,0,0,0,0,0,0,0,1,0,0,0,0,1,0,0.01
53,3,4,2.718309859154929,49.74084507042254,136.1223943661972,23.666666666666668,0.13,0,284,1207,4686,1.0,383,1,1,0,0,1,1,0,0,0,0,1,0,1,0,0,1,0,0,0,0,0,0,0,0,0,0,0,1,0,1,0,0,0,0,0.005
55,11,2,2.5416666666666665,52.58583333333333,135.82763888888888,6.545454545454546,0.09,0,72,3600,4896,1.0,500,0,1,1,0,0,0,1,0,0,0,1,0,0,1,0,0,1,0,0,0,0,0,0,0,0,0,1,0,0,1,0,0,0,0,1.0
43,4,1,2.513888888888889,47.477916666666665,121.20041666666668,18.0,0.28,288,0,1944,5400,1.0,370,0,1,0,1,0,0,1,0,0,1,0,1,0,0,0,0,0,0,1,0,0,0,0,0,0,0,1,0,0,1,0,0,0,0,0.01
25,1,2,2.464788732394366,53.70647887323943,132.06126760563382,71.0,0.13,213,0,1491,4899,1.0,493,0,1,1,0,0,0,0,1,0,0,1,1,0,0,0,0,0,0,1,0,0,1,0,0,0,0,0,0,0,0,0,1,0,0,1.0
22,10,4,2.236111111111111,47.24125,104.78736111111112,7.199999999999999,0.13,144,0,648,7200,1.0,373,0,1,0,0,1,0,1,0,0,0,1,1,0,0,0,1,0,0,0,0,1,0,0,0,0,0,0,0,0,0,0,0,1,0,0.0
55,2,1,2.375,50.93986111111112,119.81569444444445,36.0,0.23,216,0,576,5832,1.0,495,1,1,0,1,0,1,0,0,1,0,0,0,0,1,0,0,0,0,0,1,0,0,0,0,0,0,1,0,0,0,0,1,0,0,1.0
45,5,1,2.5,52.85416666666666,133.64194444444445,14.4,14.679563163475963,576,144,3456,5616,1.0,370,1,1,1,0,0,0,1,0,1,0,0,0,0,0,1,1,0,0,0,0,0,0,0,0,0,0,0,0,1,0,0,0,1,0,0.005
52,6,3,3.2777777777777777,50.59152179473331,164.94649786255545,12.0,0.2676447411867385,194,46,1367,1815,0.5972222222222222,590,1,1,0,1,0,1,0,0,0,1,0,1,0,0,0,0,0,0,0,1,1,0,0,0,0,0,0,0,0,0,0,0,0,0,0.725
44,15,3,2.380281690140845,48.0556338028169,114.8774647887324,4.733333333333333,0.13,0,213,1491,5680,1.0,491,1,1,0,0,1,0,1,0,0,0,1,1,0,0,0,1,0,0,0,0,0,0,0,1,0,0,0,0,0,0,1,0,0,0,0.99
60,10,1,2.361111111111111,50.53625,120.65138888888887,7.199999999999999,0.05,216,0,2304,1872,1.0,518,0,1,0,1,0,0,0,1,1,0,0,0,0,1,0,0,0,0,1,0,0,0,0,0,0,1,0,0,0,0,1,0,0,0,1.0
41,3,3,2.625,48.86291666666667,128.14555555555555,24.0,7.683813403410544,72,504,3384,3168,1.0,376,1,1,0,1,0,1,0,0,1,0,0,1,0,0,0,1,0,0,0,0,0,0,0,0,0,1,0,0,0,0,0,1,0,0,0.0
26,4,2,2.492957746478873,50.60577464788733,122.76366197183096,17.75,0.21,284,0,852,3195,1.0,372,0,1,0,0,1,0,1,0,0,1,0,1,0,0,0,0,0,1,0,0,0,0,0,0,1,0,0,0,0,0,0,1,0,0,0.0
59,1,3,2.3661971830985915,48.66830985915493,117.17704225352112,71.0,0.25,213,0,3124,3266,1.0,492,1,1,0,1,0,0,0,1,1,0,0,0,0,1,0,0,0,1,0,0,0,0,0,0,0,0,0,1,0,1,0,0,0,0,0.99
41,3,3,2.4722222222222223,50.39930555555556,124.24236111111112,24.0,7.683813403410544,72,504,3384,3168,1.0,380,1,1,0,1,0,1,0,0,1,0,0,1,0,0,0,1,0,0,0,0,0,1,0,0,0,0,0,0,0,0,0,0,0,1,0.0
70,7,1,2.611111111111111,44.28958333333333,116.40875,10.285714285714286,0.26,144,0,720,4464,1.0,371,1,1,0,0,1,0,0,1,0,1,0,0,0,1,0,0,0,0,0,1,0,0,1,0,0,0,0,0,0,0,0,0,0,1,0.0
26,4,2,2.971830985915493,51.5323696339863,147.99023222571907,17.75,0.3185692361198974,145,74,851,3120,0.4507042253521127,507,0,1,0,0,1,0,1,0,0,1,0,1,0,0,0,0,0,1,0,0,0,1,0,0,0,0,0,0,0,0,0,0,0,0,0.115
43,5,1,2.183098591549296,48.97704225352113,107.7130985915493,14.2,0.08,0,284,3124,5467,1.0,490,1,1,0,1,0,1,0,0,0,1,0,0,1,0,0,1,0,0,0,0,0,0,0,1,0,0,0,0,0,0,0,0,1,0,0.965
57,8,4,2.5774647887323945,45.69014084507042,114.68267605633802,8.875,0.25,71,0,852,1136,1.0,373,1,1,0,1,0,0,0,1,0,0,1,0,0,1,0,0,0,0,0,1,0,0,1,0,0,0,0,0,0,0,0,0,1,0,0.0
64,13,3,2.4444444444444446,50.48930555555555,121.74388888888888,5.538461538461538,0.29,288,0,648,4824,1.0,498,1,1,0,1,0,0,1,0,0,0,1,0,1,0,0,0,1,0,0,0,0,1,0,0,0,0,0,0,0,1,0,0,0,0,0.995
56,10,2,2.309859154929577,48.805774647887326,112.20971830985916,7.1,0.28,0,213,3337,2059,1.0,497,0,1,0,1,0,0,0,1,0,0,1,0,0,0,1,1,0,0,0,0,0,0,0,0,0,0,0,1,0,0,1,0,0,0,1.0
23,11,2,2.430555555555556,49.153888888888886,119.62402777777778,6.545454545454546,0.18,0,432,1440,1800,1.0,493,0,1,0,0,1,0,0,1,0,1,0,0,0,1,0,1,0,0,0,0,0,0,0,1,0,0,0,0,0,1,0,0,0,0,0.985
52,7,1,2.5277777777777777,47.73444444444445,122.16722222222224,10.285714285714286,0.2,144,0,1728,1368,1.0,373,1,1,0,1,0,0,1,0,1,0,0,1,0,0,0,0,0,0,0,1,0,0,0,0,1,0,0,0,0,0,1,0,0,0,0.01
59,1,2,2.309859154929577,45.67084507042254,105.06830985915494,71.0,0.1,0,71,1704,5396,1.0,377,1,1,0,0,1,0,1,0,0,0,1,0,0,0,1,0,0,0,0,1,0,0,0,0,1,0,0,0,0,0,0,0,0,1,0.0
61,1,4,3.111111111111111,56.945891038429394,171.6834252648287,72.0,0.2467587919330241,137,84,719,1876,0.6805555555555556,632,1,1,0,1,0,1,0,0,0,1,0,1,0,0,0,1,0,0,0,0,1,0,0,0,0,0,0,0,0,0,0,0,1,0,0.7
18,3,3,2.5277777777777777,51.985972222222216,130.84625,24.0,0.3,288,0,1728,5616,1.0,492,0,1,0,1,0,1,0,0,0,1,0,0,0,0,1,1,0,0,0,0,0,0,0,0,0,0,1,0,0,0,1,0,0,0,1.0
58,3,2,2.3472222222222223,50.83819444444444,116.19097222222224,24.0,0.03,216,0,2376,5544,1.0,494,0,1,1,0,0,0,1,0,0,0,1,0,0,1,0,0,1,0,0,0,0,1,0,0,0,0,0,0,0,0,1,0,0,0,0.965
26,10,2,2.3472222222222223,45.23486111111111,102.3325,7.199999999999999,0.11,288,0,1656,3312,1.0,493,0,1,0,0,1,1,0,0,0,0,1,0,1,0,0,0,0,0,1,0,0,0,0,1,0,0,0,0,0,0,1,0,0,0,0.99
63,14,3,2.4027777777777777,47.03263888888889,112.66069444444445,5.142857142857143,0.05,72,0,2880,864,1.0,370,1,1,0,1,0,0,1,0,1,0,0,1,0,0,0,0,0,0,0,1,0,0,0,0,0,1,0,0,0,1,0,0,0,0,0.0
24,2,4,2.708333333333333,52.75972222222222,142.30208333333334,36.0,10.783070662780508,576,576,2160,1944,1.0,371,0,1,0,0,1,0,0,1,0,0,1,0,1,0,0,0,1,0,0,0,0,1,0,0,0,0,0,0,0,0,0,1,0,0,0.005
68,3,3,2.4027777777777777,49.95236111111112,122.64680555555556,24.0,0.04,288,0,648,3384,1.0,379,0,1,1,0,0,0,1,0,0,0,1,0,1,0,0,0,0,0,1,0,0,0,0,0,0,1,0,0,0,0,0,1,0,0,0.01
49,5,4,2.6619718309859155,47.66112676056338,127.36591549295774,14.2,0.02,142,0,3266,994,1.0,378,0,1,1,0,0,0,1,0,0,0,1,0,0,1,0,1,0,0,0,0,0,0,0,1,0,0,0,0,0,1,0,0,0,0,0.0
54,12,2,2.535211267605634,50.30450704225352,130.06774647887323,5.916666666666667,0.08,0,142,2769,4047,1.0,371,0,1,0,1,0,0,0,1,0,0,1,0,1,0,0,1,0,0,0,0,0,0,0,0,0,0,0,0,1,0,0,1,0,0,0.0
51,13,3,2.513888888888889,56.267916666666665,143.96916666666667,5.538461538461538,0.08,288,0,3672,1080,1.0,380,1,1,0,1,0,0,1,0,0,1,0,1,0,0,0,1,0,0,0,0,0,0,0,0,1,0,0,0,0,0,0,0,1,0,0.02
46,12,4,3.25,50.94616887257858,162.21261552293493,6.0,0.2359620745902109,188,52,2663,2680,0.6388888888888888,641,0,1,0,0,1,1,0,0,1,0,0,1,0,0,0,0,0,1,0,0,0,0,0,1,0,0,0,0,0,0,0,0,0,0,0.8
24,2,3,2.5416666666666665,50.12055555555556,129.97833333333335,36.0,0.02,216,0,3312,1152,1.0,371,0,1,0,1,0,0,0,1,0,1,0,0,0,0,1,0,0,0,1,0,0,0,0,0,0,0,1,0,0,0,0,0,0,1,0.0
58,1,1,2.5492957746478875,51.82450704225352,131.1732394366197,71.0,0.03,0,355,1562,4899,1.0,500,1,1,1,0,0,0,1,0,1,0,0,0,0,1,0,1,0,0,0,0,0,0,0,0,1,0,0,0,0,0,1,0,0,0,0.975
32,5,3,2.2535211267605635,51.2969014084507,114.41929577464788,14.2,0.23,213,0,1633,923,1.0,371,0,1,0,0,1,1,0,0,1,0,0,0,1,0,0,0,1,0,0,0,0,0,0,0,1,0,0,0,0,0,1,0,0,0,0.01
46,12,4,2.422535211267605,44.66352112676056,107.00676056338028,5.916666666666667,0.07,0,284,2627,2698,1.0,495,0,1,0,0,1,1,0,0,1,0,0,1,0,0,0,0,0,1,0,0,1,0,0,0,0,0,0,0,0,0,0,0,1,0,0.975
50,4,3,2.535211267605634,51.71478873239437,128.0023943661972,17.75,0.08,142,0,2059,3976,1.0,372,0,1,0,0,1,1,0,0,0,0,1,0,0,1,0,0,0,0,1,0,0,0,0,0,0,0,0,1,0,0,0,0,0,1,0.005
33,12,1,2.619718309859155,50.73605633802817,134.49028169014085,5.916666666666667,0.09,0,142,2911,4473,1.0,377,1,1,1,0,0,0,1,0,1,0,0,1,0,0,0,0,0,0,1,0,0,0,0,0,0,1,0,0,0,0,0,0,1,0,0.0
35,2,0,2.535211267605634,51.046619718309856,128.4980281690141,35.5,13.246025698199697,71,142,2201,6674,1.0,379,0,1,1,0,0,1,0,0,0,1,0,0,0,0,1,0,0,1,0,0,0,0,0,1,0,0,0,0,0,1,0,0,0,0,0.0
25,1,2,2.76056338028169,52.21098591549296,143.40225352112677,71.0,0.13,213,0,1491,4899,1.0,493,0,1,1,0,0,0,0,1,0,0,1,1,0,0,0,0,0,0,1,0,0,1,0,0,0,0,0,0,0,0,1,0,0,0,0.985
52,6,3,2.492957746478873,54.7156338028169,138.94225352112676,11.833333333333334,0.17,142,0,1349,1704,1.0,509,1,1,0,1,0,1,0,0,0,1,0,1,0,0,0,0,0,0,0,1,0,0,0,1,0,0,0,0,0,1,0,0,0,0,0.995
52,1,0,2.718309859154929,46.79901408450704,124.83464788732395,71.0,0.3,142,0,1846,7242,1.0,491,0,1,1,0,0,1,0,0,1,0,0,0,0,1,0,1,0,0,0,0,1,0,0,0,0,0,0,0,0,0,0,0,0,1,0.995
22,10,4,2.583333333333333,50.97138888888889,133.2136111111111,7.199999999999999,0.13,144,0,648,7200,1.0,372,0,1,0,0,1,0,1,0,0,0,1,1,0,0,0,1,0,0,0,0,0,1,0,0,0,0,0,0,0,0,0,0,1,0,0.0
28,10,2,2.3943661971830985,47.26985915492958,108.6001408450704,7.1,0.02,0,213,3266,5183,1.0,371,1,1,1,0,0,0,0,1,0,0,1,0,1,0,0,0,1,0,0,0,0,0,1,0,0,0,0,0,0,1,0,0,0,0,0.005
18,3,0,2.5211267605633805,51.447042253521126,131.57366197183097,23.666666666666668,0.29,0,355,1633,4686,1.0,370,1,1,0,0,1,1,0,0,1,0,0,1,0,0,0,1,0,0,0,0,0,0,0,1,0,0,0,0,0,0,0,0,0,1,0.005
60,11,3,3.3380281690140845,46.38034687887027,153.22553721125274,6.454545454545454,0.2284165424537781,157,84,1490,2220,0.704225352112676,488,1,1,0,0,1,1,0,0,0,1,0,0,0,1,0,0,0,1,0,0,0,0,0,0,0,0,0,1,0,0,1,0,0,0,0.21
55,4,4,2.563380281690141,50.62042253521127,130.2643661971831,17.75,6.927618209488768,355,426,426,4757,1.0,371,0,1,0,1,0,0,0,1,0,1,0,1,0,0,0,0,0,0,1,0,1,0,0,0,0,0,0,0,0,0,0,0,1,0,0.005
41,11,2,2.4722222222222223,49.84180555555556,120.58736111111112,6.545454545454546,0.28,0,144,1728,4896,1.0,370,1,1,1,0,0,0,1,0,0,1,0,1,0,0,0,0,0,0,0,1,1,0,0,0,0,0,0,0,0,0,0,0,1,0,0.005
44,9,2,2.375,49.62583333333333,116.05875,8.0,6.785057725304087,504,0,3312,5688,1.0,373,0,1,1,0,0,1,0,0,0,0,1,0,0,1,0,0,0,0,1,0,0,0,0,0,0,0,0,0,1,0,0,0,0,1,0.0
33,2,4,2.591549295774648,46.458591549295775,121.8356338028169,35.5,5.864957945911096,639,639,3266,3124,1.0,375,0,1,0,1,0,1,0,0,0,0,1,1,0,0,0,0,1,0,0,0,0,0,0,1,0,0,0,0,0,0,0,1,0,0,0.0
60,5,4,2.436619718309859,48.69549295774648,117.44760563380282,14.2,0.02,71,0,3479,3692,1.0,499,0,1,0,1,0,0,1,0,1,0,0,1,0,0,0,0,0,1,0,0,0,0,0,0,1,0,0,0,0,0,0,0,1,0,0.995
58,9,2,2.4722222222222223,46.04263888888889,116.13333333333334,8.0,14.39511629107515,360,360,3312,1872,1.0,373,0,1,0,0,1,1,0,0,0,1,0,0,0,0,1,0,0,0,0,1,0,0,0,0,0,0,1,0,0,0,0,0,0,1,0.0
45,9,3,2.486111111111111,52.57555555555555,126.53708333333331,8.0,0.15,144,0,3456,6768,1.0,494,0,1,1,0,0,0,1,0,0,1,0,0,0,0,1,0,0,1,0,0,0,0,0,0,0,0,0,1,0,0,0,0,0,1,0.97
58,5,2,2.619718309859155,48.60887323943662,125.57535211267606,14.2,0.28,213,0,3479,1491,1.0,371,0,1,1,0,0,0,0,1,0,0,1,1,0,0,0,0,0,0,0,1,0,1,0,0,0,0,0,0,0,1,0,0,0,0,0.005
70,10,1,2.5492957746478875,49.31042253521127,126.93957746478873,7.1,0.14,213,0,2982,6177,1.0,565,0,1,0,0,1,0,0,1,0,0,1,1,0,0,0,0,0,0,0,1,0,0,0,0,0,0,1,0,0,0,0,0,1,0,0.965
70,10,3,2.704225352112676,49.93422535211268,142.20154929577464,7.1,10.90247589322198,0,639,3124,6532,1.0,371,1,1,0,1,0,0,0,1,0,0,1,0,0,0,1,0,0,0,0,1,0,0,0,0,0,1,0,0,0,0,0,0,1,0,0.005
68,11,1,2.4722222222222223,48.70916666666667,123.47875,6.545454545454546,0.14,288,0,3600,2592,1.0,373,1,1,0,0,1,0,0,1,0,1,0,0,1,0,0,0,1,0,0,0,0,0,0,0,0,0,0,0,1,0,0,0,0,1,0.005
48,3,2,2.591549295774648,52.86450704225352,137.41971830985918,23.666666666666668,0.11,284,0,3266,7313,1.0,373,0,1,0,1,0,0,1,0,0,1,0,0,1,0,0,0,0,0,1,0,0,0,0,0,0,1,0,0,0,0,0,0,1,0,0.01
50,2,0,3.0972222222222223,50.31651293188114,145.84929070965893,36.0,0.3125754012659399,174,56,1727,6702,0.6388888888888888,888,1,1,0,1,0,0,0,1,0,0,1,0,0,0,1,1,0,0,0,0,0,0,1,0,0,0,0,0,0,0,0,0,0,0,0.105
43,5,1,2.6666666666666665,50.793055555555554,135.91180555555556,14.4,0.08,0,288,3168,5544,1.0,494,1,1,0,1,0,1,0,0,0,1,0,0,1,0,0,1,0,0,0,0,1,0,0,0,0,0,0,0,0,1,0,0,0,0,0.985
22,15,4,2.563380281690141,48.2356338028169,124.02154929577466,4.733333333333333,0.04,142,0,3479,2627,1.0,378,1,1,1,0,0,1,0,0,1,0,0,0,0,0,1,0,0,0,0,1,0,0,1,0,0,0,0,0,0,0,1,0,0,0,0.005
20,1,1,2.943661971830986,50.950250338988,146.95378690620757,71.0,0.3197809339874757,133,72,3549,4535,0.5633802816901409,421,1,1,0,0,1,0,1,0,0,0,1,0,1,0,0,1,0,0,0,0,0,0,0,1,0,0,0,0,0,0,0,0,0,0,0.05
63,4,0,2.295774647887324,50.15957746478873,114.26028169014084,17.75,0.08,142,0,1349,4686,1.0,381,0,1,0,0,1,0,0,1,0,0,1,0,1,0,0,0,0,0,0,1,0,1,0,0,0,0,0,0,0,0,0,1,0,0,0.005
24,2,3,2.638888888888889,48.12291666666667,128.64152777777778,36.0,0.02,216,0,3312,1152,1.0,375,0,1,0,1,0,0,0,1,0,1,0,0,0,0,1,0,0,0,1,0,0,0,0,0,0,1,0,0,0,0,1,0,0,0,0.0
45,5,1,2.3194444444444446,56.05805555555556,132.05277777777778,14.4,14.679563163475963,576,144,3456,5616,1.0,373,1,1,1,0,0,0,1,0,1,0,0,0,0,0,1,1,0,0,0,0,0,0,0,0,0,0,0,0,1,1,0,0,0,0,0.005
21,5,4,2.833333333333333,50.810934157013065,148.64030247103918,14.4,0.2643827588956423,146,72,863,6897,0.5972222222222222,656,0,1,0,1,0,1,0,0,1,0,0,0,1,0,0,0,1,0,0,0,0,0,1,0,0,0,0,0,0,0,0,0,0,0,0.085
38,2,2,2.6666666666666665,47.225,123.4661111111111,36.0,0.14,0,288,2592,1800,1.0,373,1,1,0,1,0,0,1,0,0,1,0,1,0,0,0,0,1,0,0,0,0,0,0,0,0,0,1,0,0,0,0,0,0,1,0.005
60,1,2,2.6619718309859155,50.254366197183096,131.26492957746478,71.0,0.03,0,142,2556,6674,1.0,529,1,1,0,0,1,0,0,1,0,1,0,0,1,0,0,1,0,0,0,0,0,0,0,0,0,1,0,0,0,1,0,0,0,0,0.975
63,10,4,2.4507042253521125,54.91281690140845,137.59901408450705,7.1,0.11,213,0,1846,3834,1.0,490,0,1,0,0,1,1,0,0,1,0,0,0,0,0,1,0,0,1,0,0,0,0,0,0,0,1,0,0,0,0,1,0,0,0,0.98
21,1,2,2.4166666666666665,50.065,121.62166666666668,72.0,9.921265665388862,72,648,3240,1800,1.0,370,0,1,0,1,0,0,1,0,0,1,0,0,0,1,0,0,1,0,0,0,0,0,0,0,0,1,0,0,0,0,0,0,1,0,0.0
59,1,3,2.638888888888889,46.515,126.32652777777778,72.0,0.02,72,0,2880,1440,1.0,371,1,1,1,0,0,0,0,1,1,0,0,0,0,1,0,1,0,0,0,0,0,0,0,0,1,0,0,0,0,0,0,0,0,1,0.0
26,4,4,2.5694444444444446,50.28486111111111,129.7601388888889,18.0,0.21,144,0,1872,5112,1.0,493,1,1,0,0,1,1,0,0,1,0,0,0,0,1,0,0,0,0,0,1,0,0,0,1,0,0,0,0,0,0,0,0,0,1,0.995
56,15,4,2.352112676056338,50.833239436619714,125.0288732394366,4.733333333333333,0.1,142,0,2059,5609,1.0,379,0,1,1,0,0,1,0,0,0,1,0,1,0,0,0,1,0,0,0,0,0,0,0,0,0,1,0,0,0,0,0,1,0,0,0.0
56,7,1,2.380281690140845,53.2574647887324,127.5730985915493,10.142857142857142,0.04,142,0,2059,6603,1.0,387,1,1,0,0,1,0,1,0,1,0,0,0,0,0,1,0,0,0,1,0,0,0,0,0,0,0,0,0,1,1,0,0,0,0,0.0
33,4,1,2.704225352112676,48.04859154929577,130.34464788732393,17.75,0.15,0,284,2059,2769,1.0,380,1,1,0,0,1,1,0,0,0,1,0,0,1,0,0,0,0,1,0,0,0,1,0,0,0,0,0,0,0,0,0,0,0,1,0.0
66,9,3,2.5694444444444446,51.44722222222222,130.81347222222223,8.0,0.22,288,0,1800,2952,1.0,500,1,1,0,1,0,0,0,1,1,0,0,0,1,0,0,0,0,0,0,1,0,0,0,1,0,0,0,0,0,1,0,0,0,0,1.0
29,2,3,2.591549295774648,50.03535211267606,132.96154929577466,35.5,11.112086948137222,568,426,1633,4544,1.0,373,1,1,1,0,0,1,0,0,0,0,1,0,1,0,0,0,0,1,0,0,0,0,0,0,0,0,0,1,0,0,1,0,0,0,0.0
24,2,3,2.436619718309859,49.496760563380285,119.32211267605636,35.5,0.02,213,0,3266,1136,1.0,375,0,1,0,1,0,0,0,1,0,1,0,0,0,0,1,0,0,0,1,0,0,0,0,0,0,0,0,0,1,0,0,1,0,0,0.005
55,2,1,2.408450704225352,54.17070422535211,134.74845070422535,35.5,0.23,213,0,568,5751,1.0,494,1,1,0,1,0,1,0,0,1,0,0,0,0,1,0,0,0,0,0,1,0,0,0,0,0,1,0,0,0,0,1,0,0,0,0.995
49,6,1,2.4166666666666665,50.985972222222216,120.08444444444444,12.0,0.15,432,0,1008,5616,1.0,370,1,1,1,0,0,0,0,1,1,0,0,0,0,1,0,0,1,0,0,0,1,0,0,0,0,0,0,0,0,0,0,0,1,0,0.0
49,15,3,2.507042253521127,48.13450704225352,123.94112676056338,4.733333333333333,0.17,284,0,3124,1917,1.0,491,1,1,0,1,0,0,0,1,0,0,1,0,0,0,1,0,1,0,0,0,1,0,0,0,0,0,0,0,0,1,0,0,0,0,0.995
22,2,3,2.708333333333333,48.149166666666666,129.95125,36.0,0.24,0,360,1656,5904,1.0,493,0,1,0,1,0,0,1,0,0,1,0,0,0,1,0,0,0,0,0,1,0,0,0,0,0,0,0,1,0,0,1,0,0,0,0.99
22,15,2,2.563380281690141,47.004366197183096,125.80929577464788,4.733333333333333,0.1,355,0,2698,2698,1.0,373,0,1,0,1,0,0,1,0,1,0,0,0,1,0,0,0,0,1,0,0,1,0,0,0,0,0,0,0,0,1,0,0,0,0,0.0
65,15,3,3.083333333333333,49.24835199522714,150.6307877539135,4.8,0.3590664142952082,180,50,1223,3961,0.5972222222222222,627,1,1,1,0,0,1,0,0,0,1,0,0,1,0,0,0,0,0,1,0,0,0,0,0,0,0,0,1,0,0,0,0,0,0,0.77
66,12,0,2.591549295774648,46.32281690140845,118.2487323943662,5.916666666666667,12.246906308329049,213,355,1917,6532,1.0,373,0,1,0,1,0,0,0,1,1,0,0,0,0,0,1,0,0,1,0,0,0,0,0,0,0,0,0,0,1,0,0,0,0,1,0.0
34,8,3,2.9444444444444446,50.39173008105155,144.20798008105157,9.0,0.2865439463523509,173,52,2591,3667,0.5694444444444444,657,0,1,0,1,0,0,0,1,0,1,0,0,0,1,0,0,1,0,0,0,0,1,0,0,0,0,0,0,0,0,0,0,0,0,0.105
32,12,2,2.555555555555556,48.37375,122.99027777777776,6.0,0.11,0,216,2736,2448,1.0,371,0,1,1,0,0,0,0,1,0,0,1,0,0,0,1,0,0,1,0,0,0,0,0,1,0,0,0,0,0,0,0,0,0,1,0.015
65,15,2,3.056338028169014,49.677592845557534,150.38856597280522,4.733333333333333,0.2013602388051319,152,64,2839,2274,0.5774647887323944,535,1,1,0,1,0,0,0,1,0,0,1,0,0,1,0,0,0,0,1,0,1,0,0,0,0,0,0,0,0,0,0,0,0,0,0.19
56,6,1,2.7222222222222223,51.93013888888888,142.43222222222224,12.0,0.1,288,0,1296,2664,1.0,496,0,1,0,1,0,1,0,0,1,0,0,0,0,1,0,0,0,1,0,0,0,0,0,0,1,0,0,0,0,0,0,1,0,0,0.975
44,9,1,2.535211267605634,50.92295774647888,128.80169014084507,7.888888888888888,0.08,426,0,1562,4260,1.0,376,0,1,0,1,0,1,0,0,0,0,1,0,1,0,0,0,1,0,0,0,0,0,1,0,0,0,0,0,0,0,1,0,0,0,0.0
35,2,0,2.4722222222222223,49.609722222222224,122.58847222222224,36.0,13.246025698199697,72,144,2232,6768,1.0,375,0,1,1,0,0,1,0,0,0,1,0,0,0,0,1,0,0,1,0,0,0,0,1,0,0,0,0,0,0,1,0,0,0,0,0.005
45,13,3,2.736111111111111,51.0232135690135,147.56479872049843,5.538461538461538,0.2553536021717858,153,53,3527,5449,0.5138888888888888,612,0,1,0,1,0,1,0,0,0,1,0,0,0,0,1,0,0,1,0,0,0,0,1,0,0,0,0,0,0,0,0,0,0,0,0.135
21,15,3,2.704225352112676,50.25507042253521,140.2801408450704,4.733333333333333,0.27,426,0,1704,1491,1.0,374,0,1,0,1,0,1,0,0,1,0,0,0,0,1,0,1,0,0,0,0,0,0,0,0,0,1,0,0,0,0,0,0,1,0,0.005
60,1,0,2.583333333333333,46.985972222222216,124.05541666666666,72.0,0.06,0,288,1512,4320,1.0,371,1,1,1,0,0,0,0,1,1,0,0,1,0,0,0,0,0,0,1,0,0,0,0,0,1,0,0,0,0,0,0,0,1,0,0.0
51,1,2,2.535211267605634,48.26901408450704,120.77535211267607,71.0,0.05,355,0,1491,6461,1.0,372,1,1,0,1,0,1,0,0,0,1,0,0,0,0,1,0,0,0,1,0,1,0,0,0,0,0,0,0,0,0,0,0,0,1,0.0
26,14,0,2.4507042253521125,50.33845070422535,124.48084507042252,5.071428571428571,0.06,284,0,1136,2911,1.0,376,1,1,0,1,0,0,1,0,0,0,1,0,1,0,0,0,0,1,0,0,0,0,0,0,0,1,0,0,0,0,0,1,0,0,0.0
62,14,3,2.492957746478873,53.27690140845071,131.24605633802815,5.071428571428571,0.27,71,0,3337,2201,1.0,377,1,1,0,1,0,0,1,0,0,1,0,1,0,0,0,0,0,0,0,1,0,0,0,0,0,0,0,0,1,0,0,0,0,1,0.01
36,14,1,2.6527777777777777,51.14041666666667,132.38986111111112,5.142857142857143,0.09,216,0,1800,2232,1.0,491,0,1,1,0,0,1,0,0,0,0,1,0,1,0,0,0,0,1,0,0,0,0,0,0,0,0,0,1,0,0,0,0,0,1,0.995
23,9,3,2.3194444444444446,50.265,114.63944444444444,8.0,0.18,360,0,2592,3816,1.0,500,1,1,0,1,0,1,0,0,0,1,0,0,0,0,1,0,0,0,1,0,1,0,0,0,0,0,0,0,0,0,0,0,0,1,0.995
21,7,1,2.611111111111111,51.21694444444445,133.45152777777778,10.285714285714286,0.02,216,0,3672,6408,1.0,378,1,1,1,0,0,1,0,0,0,0,1,0,1,0,0,0,0,0,0,1,0,0,0,1,0,0,0,0,0,0,1,0,0,0,0.005
40,2,0,2.605633802816901,51.07112676056338,131.3670422535211,35.5,0.08,142,0,1278,5964,1.0,390,0,1,0,1,0,1,0,0,0,0,1,0,0,1,0,0,0,0,0,1,0,0,0,0,1,0,0,0,0,0,1,0,0,0,0.005
26,15,3,2.309859154929577,49.364366197183095,113.663661971831,4.733333333333333,0.09,213,0,1633,2698,1.0,373,1,1,0,0,1,0,0,1,1,0,0,0,0,1,0,1,0,0,0,0,0,0,0,0,0,0,0,1,0,0,0,1,0,0,0.025
31,13,4,2.2777777777777777,50.49513888888889,118.01583333333332,5.538461538461538,9.81401991006413,360,72,2088,2232,1.0,370,1,1,0,1,0,1,0,0,0,0,1,1,0,0,0,1,0,0,0,0,0,0,0,0,1,0,0,0,0,1,0,0,0,0,0.01
60,10,1,2.5277777777777777,49.122083333333336,122.69416666666666,7.199999999999999,0.05,216,0,2304,1872,1.0,492,0,1,0,1,0,0,0,1,1,0,0,0,0,1,0,0,0,0,1,0,0,0,0,0,0,1,0,0,0,0,0,1,0,0,1.0
49,6,0,3.180555555555556,52.86842726424564,165.56828837535673,12.0,0.2733157235961677,165,77,1439,6924,0.6388888888888888,787,0,1,1,0,0,0,0,1,0,0,1,0,0,0,1,0,0,1,0,0,1,0,0,0,0,0,0,0,0,0,0,0,1,0,0.13
56,10,2,2.492957746478873,44.96408450704225,111.48647887323943,7.1,0.28,0,213,3337,2059,1.0,497,0,1,0,1,0,0,0,1,0,0,1,0,0,0,1,1,0,0,0,0,0,0,0,0,0,0,0,0,1,1,0,0,0,0,0.98
37,5,2,2.4788732394366195,51.57985915492958,126.42042253521127,14.2,10.56587716784563,213,71,2769,1846,1.0,379,0,1,0,1,0,0,1,0,1,0,0,1,0,0,0,0,1,0,0,0,0,0,0,0,0,0,1,0,0,0,1,0,0,0,0.0
20,9,0,2.352112676056338,50.29591549295775,121.06112676056338,7.888888888888888,0.13,284,0,2414,5254,1.0,372,0,1,1,0,0,0,1,0,1,0,0,1,0,0,0,0,0,0,1,0,0,0,0,0,1,0,0,0,0,0,0,0,0,1,0.01
49,3,1,2.5211267605633805,49.06239436619718,122.2719718309859,23.666666666666668,0.21,284,0,3266,4402,1.0,379,1,1,0,1,0,0,1,0,0,1,0,0,0,1,0,0,0,0,0,1,1,0,0,0,0,0,0,0,0,1,0,0,0,0,0.015
69,10,2,2.4166666666666665,52.13791666666666,126.25847222222222,7.199999999999999,11.988521437096658,288,720,1080,2952,1.0,374,0,1,0,0,1,0,0,1,1,0,0,1,0,0,0,0,0,0,0,1,0,0,0,0,1,0,0,0,0,0,0,0,0,1,0.0
45,13,3,2.507042253521127,50.10225352112676,124.30563380281691,5.461538461538462,0.15,142,0,3479,5325,1.0,370,0,1,0,1,0,1,0,0,0,1,0,0,0,0,1,0,0,1,0,0,0,0,0,0,1,0,0,0,0,0,0,0,1,0,0.0
47,10,0,2.4507042253521125,48.98338028169015,119.126338028169,7.1,0.21,71,0,1491,994,1.0,372,1,1,0,1,0,0,1,0,0,0,1,1,0,0,0,0,1,0,0,0,1,0,0,0,0,0,0,0,0,0,1,0,0,0,0.005
44,14,4,2.23943661971831,52.64802816901409,115.403661971831,5.071428571428571,14.913690070988231,639,568,1349,5467,1.0,374,0,1,0,1,0,1,0,0,1,0,0,1,0,0,0,0,0,0,0,1,0,0,0,0,0,0,1,0,0,0,1,0,0,0,0.0
50,12,2,2.464788732394366,48.18478873239437,116.4538028169014,5.916666666666667,0.19,284,0,1491,2485,1.0,381,0,1,0,1,0,0,0,1,1,0,0,0,0,0,1,0,1,0,0,0,0,0,0,1,0,0,0,0,0,0,0,0,1,0,0.015
39,14,4,2.555555555555556,49.86375,128.64027777777778,5.142857142857143,0.01,216,0,3024,4752,1.0,500,1,1,0,0,1,0,0,1,0,0,1,1,0,0,0,0,0,0,1,0,0,0,1,0,0,0,0,0,0,0,0,0,0,1,0.98
63,10,4,2.708333333333333,51.079166666666666,133.96583333333334,7.199999999999999,0.11,216,0,1872,3888,1.0,495,0,1,0,0,1,1,0,0,1,0,0,0,0,0,1,0,0,1,0,0,0,0,0,0,1,0,0,0,0,0,0,0,1,0,1.0
33,12,3,3.0422535211267605,49.12570105769552,146.1000672548786,5.916666666666667,0.3233262639510982,171,59,1277,5540,0.6197183098591549,441,1,1,0,0,1,0,0,1,0,0,1,0,0,1,0,1,0,0,0,0,0,0,1,0,0,0,0,0,0,0,0,0,0,0,0.075
23,2,0,2.708333333333333,49.017222222222216,132.50861111111112,36.0,0.02,288,0,648,6048,1.0,372,1,1,0,1,0,0,0,1,0,1,0,0,0,1,0,0,0,1,0,0,0,0,1,0,0,0,0,0,0,0,0,0,0,1,0.0
35,6,2,2.380281690140845,50.21070422535211,121.38718309859156,11.833333333333334,0.16,0,71,923,6958,1.0,370,1,1,1,0,0,0,1,0,0,1,0,0,0,0,1,0,0,0,0,1,0,0,0,1,0,0,0,0,0,0,0,1,0,0,0.01
46,14,3,2.605633802816901,53.40394366197183,138.0538028169014,5.071428571428571,0.28,0,71,2769,1491,1.0,387,0,1,1,0,0,0,1,0,1,0,0,0,1,0,0,0,0,1,0,0,0,0,0,0,0,0,0,1,0,0,0,0,0,1,0.01
25,1,3,2.458333333333333,49.00125,120.09902777777776,72.0,0.17,504,0,3240,4176,1.0,375,1,1,0,0,1,0,1,0,0,0,1,1,0,0,0,1,0,0,0,0,0,0,0,0,0,1,0,0,0,0,1,0,0,0,0.0
44,9,2,2.5,48.511805555555554,118.43319444444444,8.0,6.785057725304087,504,0,3312,5688,1.0,373,0,1,1,0,0,1,0,0,0,0,1,0,0,1,0,0,0,0,1,0,0,1,0,0,0,0,0,0,0,0,0,0,1,0,0.005
26,10,2,2.4444444444444446,53.20055555555555,130.49041666666665,7.199999999999999,0.11,288,0,1656,3312,1.0,490,0,1,0,0,1,1,0,0,0,0,1,0,1,0,0,0,0,0,1,0,0,0,1,0,0,0,0,0,0,1,0,0,0,0,0.995
48,1,0,2.708333333333333,47.99333333333333,130.10013888888886,72.0,0.17,0,216,648,4752,1.0,370,1,1,1,0,0,0,0,1,0,1,0,0,0,0,1,1,0,0,0,0,0,0,0,1,0,0,0,0,0,0,0,0,1,0,0.005
51,14,1,2.647887323943662,46.93422535211268,122.6818309859155,5.071428571428571,5.486951393525363,71,639,1917,4828,1.0,372,1,1,0,0,1,0,0,1,0,1,0,0,0,0,1,1,0,0,0,0,0,1,0,0,0,0,0,0,0,0,1,0,0,0,0.0
40,7,2,2.704225352112676,47.5243661971831,126.6523943661972,10.142857142857142,0.09,71,0,3337,3337,1.0,374,1,1,1,0,0,1,0,0,1,0,0,0,1,0,0,0,0,1,0,0,0,0,0,0,0,0,1,0,0,1,0,0,0,0,0.005
66,12,1,2.915492957746479,50.79961364676701,156.1525752760886,5.916666666666667,0.2777822123935807,131,85,1135,7231,0.4507042253521127,482,1,1,0,1,0,0,0,1,0,1,0,0,0,1,0,1,0,0,0,0,1,0,0,0,0,0,0,0,0,0,0,0,0,0,0.205
19,11,0,2.5694444444444446,53.98833333333333,139.10944444444442,6.545454545454546,0.25,0,144,1296,4248,1.0,376,1,1,0,0,1,0,1,0,1,0,0,1,0,0,0,0,0,0,1,0,0,0,0,0,0,0,1,0,0,0,0,1,0,0,0.0
44,6,3,2.971830985915493,51.02497283094295,155.5576810561232,11.833333333333334,0.3034841110614526,137,84,1135,2123,0.5915492957746479,531,1,1,1,0,0,1,0,0,1,0,0,1,0,0,0,1,0,0,0,0,0,0,0,0,0,1,0,0,0,0,0,0,0,0,0.1
40,10,3,2.611111111111111,48.571666666666665,126.2501388888889,7.199999999999999,0.14,0,144,2376,4968,1.0,376,1,1,0,0,1,0,0,1,0,0,1,0,1,0,0,0,0,0,0,1,0,0,0,0,0,0,0,0,1,0,0,0,0,1,0.01
24,10,3,2.1549295774647885,52.39943661971831,110.56464788732394,7.1,0.17,0,142,1562,5538,1.0,496,1,1,0,0,1,0,1,0,0,0,1,0,0,0,1,0,0,0,0,1,1,0,0,0,0,0,0,0,0,0,0,1,0,0,0.98
33,12,1,2.5972222222222223,50.80486111111111,132.19125,6.0,0.09,0,144,2952,4536,1.0,393,1,1,1,0,0,0,1,0,1,0,0,1,0,0,0,0,0,0,1,0,0,0,0,0,0,1,0,0,0,1,0,0,0,0,0.0
36,5,4,3.083333333333333,54.08973981476659,167.84036574049958,14.4,0.2239091122137374,167,60,791,5473,0.5416666666666666,890,0,1,1,0,0,1,0,0,0,0,1,0,0,1,0,0,0,0,1,0,0,1,0,0,0,0,0,0,0,0,0,0,0,0,0.09
26,13,1,2.6619718309859155,46.85084507042253,124.71845070422536,5.461538461538462,0.15,497,0,2840,6674,1.0,490,1,1,0,1,0,0,0,1,0,1,0,0,0,1,0,0,0,0,1,0,0,0,0,0,0,0,0,1,0,0,0,0,0,1,0.995
41,7,2,2.4444444444444446,51.3325,123.86861111111112,10.285714285714286,0.02,288,0,3456,2736,1.0,379,0,1,0,0,1,0,0,1,1,0,0,0,1,0,0,0,0,1,0,0,0,1,0,0,0,0,0,0,0,0,0,0,1,0,0.005
33,7,4,2.591549295774648,41.92211267605634,108.80169014084508,10.142857142857142,0.29,71,0,2130,2343,1.0,371,0,1,0,0,1,0,1,0,1,0,0,0,0,0,1,0,0,0,1,0,0,0,0,0,0,0,0,0,1,0,0,0,0,1,0.005
47,3,4,2.464788732394366,47.6938028169014,117.41014084507044,23.666666666666668,0.06,284,0,639,1775,1.0,506,0,1,0,1,0,1,0,0,1,0,0,0,0,0,1,0,1,0,0,0,0,0,0,0,1,0,0,0,0,0,0,0,1,0,0.99
30,15,2,2.5774647887323945,48.00957746478873,124.2749295774648,4.733333333333333,0.22,142,0,3337,6248,1.0,502,1,1,0,1,0,0,1,0,0,0,1,1,0,0,0,1,0,0,0,0,0,0,0,1,0,0,0,0,0,1,0,0,0,0,0.995
40,12,1,2.513888888888889,54.16388888888889,133.42583333333334,6.0,0.24,288,0,2880,1296,1.0,493,0,1,0,0,1,1,0,0,0,0,1,0,0,0,1,0,0,0,1,0,0,0,1,0,0,0,0,0,0,0,0,0,1,0,0.99
57,9,3,2.5972222222222223,52.28819444444444,138.1147222222222,8.0,0.16,216,0,2232,5400,1.0,497,1,1,0,0,1,0,0,1,0,1,0,0,0,0,1,0,0,1,0,0,0,0,0,0,0,1,0,0,0,0,1,0,0,0,0.99
70,11,2,2.5972222222222223,50.644444444444446,132.0501388888889,6.545454545454546,0.27,360,0,504,6408,1.0,491,1,1,1,0,0,1,0,0,0,1,0,1,0,0,0,0,0,0,1,0,0,0,0,1,0,0,0,0,0,0,0,0,1,0,0.875
54,13,0,2.555555555555556,53.69763888888889,134.7173611111111,5.538461538461538,0.29,360,0,3456,4464,1.0,371,0,1,1,0,0,0,0,1,0,1,0,0,1,0,0,0,0,0,1,0,0,0,0,0,0,0,0,1,0,0,1,0,0,0,0.025
63,9,0,2.388888888888889,49.504444444444445,120.35375,8.0,0.07,0,72,2376,2448,1.0,373,1,1,0,0,1,0,0,1,1,0,0,1,0,0,0,0,1,0,0,0,0,0,0,0,0,0,1,0,0,0,0,0,0,1,0.0
22,10,4,2.5492957746478875,51.21535211267606,130.78605633802815,7.1,0.13,142,0,639,7100,1.0,376,0,1,0,0,1,0,1,0,0,0,1,1,0,0,0,1,0,0,0,0,0,0,1,0,0,0,0,0,0,0,1,0,0,0,0.0
68,11,1,2.605633802816901,48.8443661971831,128.5354929577465,6.454545454545454,0.22,213,0,3266,5041,1.0,373,1,1,1,0,0,0,1,0,0,1,0,0,1,0,0,1,0,0,0,0,1,0,0,0,0,0,0,0,0,0,1,0,0,0,0.005
32,12,1,2.486111111111111,48.559305555555554,119.7798611111111,6.0,0.22,144,0,1008,2664,1.0,491,1,1,0,0,1,0,1,0,0,1,0,0,0,0,1,1,0,0,0,0,1,0,0,0,0,0,0,0,0,0,1,0,0,0,0.97
37,7,4,2.3661971830985915,52.18929577464789,124.53676056338028,10.142857142857142,0.07,0,71,710,5112,1.0,505,0,1,0,0,1,0,1,0,0,1,0,0,0,1,0,0,0,1,0,0,0,0,0,1,0,0,0,0,0,0,0,1,0,0,0.985
60,4,4,2.4027777777777777,50.51222222222222,121.46583333333332,18.0,0.02,0,216,1152,1800,1.0,371,0,1,0,1,0,0,1,0,1,0,0,0,0,1,0,0,0,0,0,1,0,0,0,0,0,0,0,1,0,0,1,0,0,0,0.0
57,2,1,2.4722222222222223,51.07611111111111,124.34916666666666,36.0,0.05,0,144,1584,2160,1.0,373,0,1,0,1,0,1,0,0,0,1,0,0,0,1,0,0,0,0,0,1,0,0,0,0,1,0,0,0,0,1,0,0,0,0,0.005
26,14,0,2.647887323943662,49.73774647887324,130.09197183098593,5.071428571428571,0.06,284,0,1136,2911,1.0,382,1,1,0,1,0,0,1,0,0,0,1,0,1,0,0,0,0,1,0,0,0,1,0,0,0,0,0,0,0,0,1,0,0,0,0.0
41,7,2,2.4788732394366195,49.2,123.51000000000002,10.142857142857142,0.02,284,0,3408,2698,1.0,370,0,1,0,0,1,0,0,1,1,0,0,0,1,0,0,0,0,1,0,0,0,1,0,0,0,0,0,0,0,0,0,1,0,0,0.0
66,10,0,2.736111111111111,49.17319444444445,136.865,7.199999999999999,0.14,0,360,1800,1440,1.0,380,0,1,0,0,1,0,1,0,0,1,0,0,0,0,1,0,0,0,0,1,0,0,0,0,0,1,0,0,0,1,0,0,0,0,0.005
34,9,2,2.5492957746478875,49.17915492957746,126.90112676056336,7.888888888888888,14.663665891596189,568,0,1704,5254,1.0,372,0,1,1,0,0,1,0,0,1,0,0,0,1,0,0,0,0,1,0,0,0,0,0,0,1,0,0,0,0,0,1,0,0,0,0.0
45,5,1,2.2916666666666665,46.821666666666665,105.75333333333332,14.4,14.679563163475963,576,144,3456,5616,1.0,370,1,1,1,0,0,0,1,0,1,0,0,0,0,0,1,1,0,0,0,0,0,0,0,0,0,1,0,0,0,0,0,1,0,0,0.005
49,6,2,2.507042253521127,49.31042253521127,121.88535211267606,11.833333333333334,9.366820202264352,497,71,710,2201,1.0,373,1,1,1,0,0,1,0,0,0,0,1,0,0,1,0,0,1,0,0,0,0,0,0,0,0,0,0,0,1,0,0,1,0,0,0.0
58,4,4,2.5972222222222223,51.12722222222222,137.80527777777775,18.0,7.040439272233234,720,288,2736,2016,1.0,378,0,1,0,0,1,0,1,0,0,1,0,0,0,0,1,0,0,0,0,1,0,0,0,0,1,0,0,0,0,0,0,0,0,1,0.0
70,9,4,2.5277777777777777,48.342777777777776,120.945,8.0,0.16,144,0,1368,3960,1.0,499,1,1,0,1,0,0,1,0,0,1,0,0,0,1,0,0,0,0,0,1,0,0,0,0,0,1,0,0,0,0,1,0,0,0,0.99
68,11,1,3.125,49.16670140189197,142.37461806855865,6.545454545454546,0.2484280960213597,166,66,3599,2528,0.6111111111111112,651,1,1,0,0,1,0,0,1,0,1,0,0,1,0,0,0,1,0,0,0,0,1,0,0,0,0,0,0,0,0,0,0,0,0,0.145
38,4,0,2.267605633802817,49.515352112676055,114.83521126760564,17.75,0.16,142,0,3337,2556,1.0,492,1,1,0,1,0,0,0,1,0,0,1,1,0,0,0,0,0,1,0,0,0,1,0,0,0,0,0,0,0,0,0,0,0,1,0.975
53,10,3,2.6619718309859155,54.04028169014085,146.19464788732395,7.1,10.95217002357076,0,213,639,5183,1.0,377,0,1,0,1,0,0,1,0,0,0,1,0,0,1,0,1,0,0,0,0,1,0,0,0,0,0,0,0,0,1,0,0,0,0,0.005
70,10,3,2.6901408450704225,51.543098591549295,138.86267605633802,7.1,10.90247589322198,0,639,3124,6532,1.0,371,1,1,0,1,0,0,0,1,0,0,1,0,0,0,1,0,0,0,0,1,0,1,0,0,0,0,0,0,0,1,0,0,0,0,0.0
21,1,3,2.647887323943662,47.64464788732394,129.97436619718312,71.0,6.493395409035405,639,213,710,923,1.0,388,1,1,0,1,0,0,1,0,0,1,0,0,0,0,1,0,1,0,0,0,0,0,0,0,0,0,1,0,0,0,0,1,0,0,0.005
28,13,2,2.625,50.39430555555556,128.6434722222222,5.538461538461538,5.674058651816404,144,216,1368,720,1.0,372,1,1,0,0,1,0,0,1,0,0,1,0,0,1,0,0,0,0,0,1,1,0,0,0,0,0,0,0,0,0,1,0,0,0,0.0
24,2,4,2.638888888888889,49.27027777777778,131.5501388888889,36.0,10.783070662780508,576,576,2160,1944,1.0,370,0,1,0,0,1,0,0,1,0,0,1,0,1,0,0,0,1,0,0,0,1,0,0,0,0,0,0,0,0,0,1,0,0,0,0.0
44,3,3,3.028169014084507,48.77196312665682,147.26223611246857,23.666666666666668,0.2868141233378732,166,58,1135,6248,0.7323943661971831,538,1,1,0,1,0,0,1,0,0,0,1,1,0,0,0,0,1,0,0,0,0,0,0,0,0,0,0,1,0,0,0,0,1,0,0.1
28,10,1,2.535211267605634,51.88309859154929,130.9094366197183,7.1,0.07,213,0,1704,3692,1.0,374,1,1,1,0,0,1,0,0,1,0,0,0,0,0,1,1,0,0,0,0,0,1,0,0,0,0,0,0,0,1,0,0,0,0,0.015
24,12,2,3.0416666666666665,53.23709449518969,163.70835565704604,6.0,0.2353109561504519,146,82,1151,6193,0.625,865,0,1,0,0,1,0,0,1,0,0,1,0,0,1,0,0,1,0,0,0,0,0,0,0,0,1,0,0,0,0,0,0,0,0,0.11
25,11,3,2.4722222222222223,46.03958333333333,111.9588888888889,6.545454545454546,0.11,0,288,3312,3744,1.0,376,0,1,0,0,1,0,1,0,1,0,0,0,1,0,0,0,1,0,0,0,1,0,0,0,0,0,0,0,0,0,1,0,0,0,0.01
45,6,0,2.5416666666666665,49.145,124.19444444444444,12.0,12.092511217609008,216,432,1224,3672,1.0,386,0,1,0,0,1,1,0,0,0,1,0,1,0,0,0,0,0,0,0,1,0,0,0,0,1,0,0,0,0,1,0,0,0,0,0.0
64,13,3,2.5,54.623333333333335,139.37583333333333,5.538461538461538,0.29,288,0,648,4824,1.0,496,1,1,0,1,0,0,1,0,0,0,1,0,1,0,0,0,1,0,0,0,0,1,0,0,0,0,0,0,0,0,0,0,1,0,1.0
36,6,4,2.3472222222222223,44.38013888888889,102.01527777777778,12.0,0.16,360,0,1656,5040,1.0,390,1,1,0,0,1,1,0,0,0,1,0,1,0,0,0,0,0,0,0,1,1,0,0,0,0,0,0,0,0,1,0,0,0,0,0.01
53,8,3,2.805555555555556,47.71319444444444,130.77416666666667,9.0,0.01,288,0,3528,4320,1.0,494,0,1,0,0,1,0,1,0,1,0,0,0,0,1,0,1,0,0,0,0,0,0,0,0,0,0,1,0,0,0,0,0,0,1,1.0
20,13,1,2.3661971830985915,48.4087323943662,116.68295774647888,5.461538461538462,0.28,284,0,710,6461,1.0,379,0,1,0,0,1,1,0,0,1,0,0,0,0,1,0,0,1,0,0,0,0,0,0,0,0,1,0,0,0,0,0,0,1,0,0.0
66,15,4,2.5694444444444446,48.55513888888889,124.26805555555556,4.8,11.526385894687447,720,360,1008,4104,1.0,379,1,1,1,0,0,1,0,0,1,0,0,0,0,0,1,0,0,1,0,0,0,0,0,0,0,0,1,0,0,1,0,0,0,0,0.0
45,5,1,2.436619718309859,51.49239436619718,125.15028169014084,14.2,14.679563163475962,568,142,3408,5538,1.0,376,1,1,1,0,0,0,1,0,1,0,0,0,0,0,1,1,0,0,0,0,0,0,0,0,1,0,0,0,0,0,0,0,0,1,0.0
46,12,3,2.6338028169014085,52.37774647887324,142.42014084507042,5.916666666666667,0.14,284,0,1846,2769,1.0,374,0,1,1,0,0,1,0,0,1,0,0,1,0,0,0,1,0,0,0,0,1,0,0,0,0,0,0,0,0,0,0,0,1,0,0.015
68,2,2,2.6901408450704225,56.154788732394366,151.58338028169015,35.5,7.482818375611498,355,142,2059,4757,1.0,372,1,1,1,0,0,1,0,0,0,1,0,0,0,0,1,1,0,0,0,0,0,0,1,0,0,0,0,0,0,0,0,1,0,0,0.01
38,8,2,2.5972222222222223,49.085277777777776,129.1886111111111,9.0,11.0820626280203,216,504,360,1224,1.0,373,0,1,1,0,0,1,0,0,1,0,0,0,0,1,0,0,0,1,0,0,0,0,0,1,0,0,0,0,0,0,0,0,1,0,0.0
55,8,4,2.555555555555556,49.03041666666667,125.3476388888889,9.0,0.07,0,72,2880,2880,1.0,371,1,1,1,0,0,0,0,1,1,0,0,1,0,0,0,0,1,0,0,0,0,0,0,0,1,0,0,0,0,0,1,0,0,0,0.005
25,1,2,2.591549295774648,50.597605633802814,133.40380281690142,71.0,0.2,0,71,3053,2414,1.0,382,0,1,0,1,0,1,0,0,0,0,1,0,1,0,0,0,1,0,0,0,1,0,0,0,0,0,0,0,0,1,0,0,0,0,0.005
31,9,1,2.4027777777777777,49.51986111111111,117.45291666666668,8.0,0.09,144,0,3096,7272,1.0,371,1,1,0,0,1,0,1,0,1,0,0,0,1,0,0,1,0,0,0,0,0,0,0,0,0,1,0,0,0,0,0,0,1,0,0.005
66,4,2,2.375,45.72861111111112,109.77722222222222,18.0,0.21,0,360,2808,6624,1.0,379,0,1,0,0,1,1,0,0,0,0,1,0,0,0,1,0,0,0,1,0,0,0,0,0,0,1,0,0,0,0,1,0,0,0,0.0
42,15,0,2.5,49.618750000000006,121.64291666666668,4.8,0.15,0,72,3312,3312,1.0,373,1,1,1,0,0,1,0,0,0,1,0,1,0,0,0,1,0,0,0,0,0,0,0,0,0,0,0,0,1,0,0,1,0,0,0.0
19,13,3,2.736111111111111,49.80722222222222,136.8475,5.538461538461538,0.21,216,0,3456,5112,1.0,512,0,1,0,1,0,1,0,0,0,0,1,0,1,0,0,0,0,0,1,0,0,0,1,0,0,0,0,0,0,1,0,0,0,0,0.985
48,6,1,2.3661971830985915,51.85915492957746,119.34098591549296,11.833333333333334,6.729058415759139,710,71,3479,3053,1.0,372,0,1,0,0,1,0,1,0,0,1,0,0,0,1,0,0,1,0,0,0,0,0,0,0,0,0,1,0,0,0,0,0,0,1,0.0
56,10,2,2.388888888888889,47.57597222222222,112.93527777777778,7.199999999999999,0.28,0,216,3384,2088,1.0,494,0,1,0,1,0,0,0,1,0,0,1,0,0,0,1,1,0,0,0,0,0,0,0,0,0,0,0,1,0,0,1,0,0,0,0.995
35,14,1,2.486111111111111,52.79611111111112,130.24569444444444,5.142857142857143,0.05,432,0,3456,4896,1.0,372,1,1,0,1,0,0,1,0,1,0,0,0,0,0,1,1,0,0,0,0,0,0,0,0,0,0,0,1,0,0,0,0,1,0,0.0
48,15,2,3.2916666666666665,47.56454055438757,154.43987166316273,4.8,0.2537100571045578,152,86,503,4626,0.5555555555555556,881,0,1,0,1,0,1,0,0,1,0,0,0,0,0,1,0,0,0,1,0,0,0,0,0,0,0,0,1,0,0,0,0,0,0,0.795
55,4,4,2.5211267605633805,51.48985915492958,132.1105633802817,17.75,6.927618209488768,355,426,426,4757,1.0,382,0,1,0,1,0,0,0,1,0,1,0,1,0,0,0,0,0,0,1,0,0,0,0,0,0,0,0,1,0,0,1,0,0,0,0.0
70,1,1,2.3380281690140845,53.95,126.24042253521128,71.0,0.02,0,213,639,6532,1.0,394,1,1,0,0,1,0,0,1,1,0,0,0,0,0,1,1,0,0,0,0,0,0,0,0,0,0,0,1,0,1,0,0,0,0,0.0
34,8,4,2.591549295774648,50.06,130.15915492957745,8.875,9.187651188921814,355,142,1278,1704,1.0,371,0,1,1,0,0,1,0,0,0,0,1,0,0,1,0,0,0,0,0,1,0,0,0,0,1,0,0,0,0,1,0,0,0,0,0.0
48,5,4,2.718309859154929,44.44647887323944,124.92239436619718,14.2,0.18,142,0,923,3195,1.0,372,0,1,1,0,0,1,0,0,0,0,1,0,0,1,0,0,0,0,0,1,0,0,0,0,0,0,1,0,0,0,1,0,0,0,0.0
45,3,1,2.535211267605634,49.445774647887326,124.0430985915493,23.666666666666668,0.25,142,0,3408,1349,1.0,371,0,1,0,1,0,0,1,0,0,1,0,0,0,1,0,0,0,0,1,0,0,1,0,0,0,0,0,0,0,0,0,0,0,1,0.0
26,10,2,2.930555555555556,52.74579739750761,155.08947552585613,7.199999999999999,0.3009088567959543,142,82,1655,3232,0.6805555555555556,872,0,1,0,0,1,1,0,0,0,0,1,0,1,0,0,0,0,0,1,0,0,0,0,0,0,0,0,1,0,0,1,0,0,0,0.775
20,1,1,2.8194444444444446,50.530277777777776,142.37194444444447,72.0,0.22,288,0,3600,4680,1.0,377,1,1,0,0,1,0,1,0,0,0,1,0,1,0,0,1,0,0,0,0,0,0,0,0,0,0,0,0,1,0,0,0,0,1,0.005
66,9,3,2.5416666666666665,48.73388888888889,124.69208333333331,8.0,0.22,288,0,1800,2952,1.0,490,1,1,0,1,0,0,0,1,1,0,0,0,1,0,0,0,0,0,0,1,0,0,0,0,0,0,1,0,0,0,1,0,0,0,0.995
69,4,2,2.458333333333333,54.21375,130.61305555555555,18.0,0.22,144,0,2088,2376,1.0,507,1,1,0,0,1,1,0,0,1,0,0,0,0,1,0,0,1,0,0,0,0,0,0,0,0,0,0,1,0,0,1,0,0,0,0.985
49,9,1,2.647887323943662,48.05676056338029,126.44422535211268,7.888888888888888,0.16,213,0,1420,3976,1.0,372,1,1,0,1,0,1,0,0,0,1,0,0,1,0,0,0,0,1,0,0,0,0,1,0,0,0,0,0,0,0,0,1,0,0,0.01
22,15,4,2.5774647887323945,54.05281690140845,139.61239436619718,4.733333333333333,0.04,142,0,3479,2627,1.0,380,1,1,1,0,0,1,0,0,1,0,0,0,0,0,1,0,0,0,0,1,0,0,0,0,1,0,0,0,0,1,0,0,0,0,0.03
70,10,3,2.6666666666666665,50.8798000865508,134.44648359298571,7.199999999999999,0.3073954985169719,152,46,3239,6813,0.5833333333333334,746,1,1,0,1,0,0,0,1,0,0,1,0,0,0,1,0,0,0,0,1,0,0,0,0,0,1,0,0,0,0,0,0,0,0,0.21
27,7,1,2.458333333333333,52.34944444444445,126.8873611111111,10.285714285714286,0.29,72,0,2664,2232,1.0,371,1,1,0,1,0,1,0,0,1,0,0,0,0,0,1,1,0,0,0,0,0,0,0,0,0,0,0,0,1,1,0,0,0,0,0.0
59,13,1,2.6619718309859155,52.60732394366197,143.03647887323945,5.461538461538462,0.02,142,0,639,5822,1.0,375,0,1,0,0,1,0,1,0,0,0,1,0,0,0,1,0,1,0,0,0,0,0,0,0,0,0,1,0,0,0,1,0,0,0,0.015
70,10,3,2.486111111111111,45.740138888888886,110.12277777777778,7.199999999999999,10.90247589322198,0,648,3168,6624,1.0,371,1,1,0,1,0,0,0,1,0,0,1,0,0,0,1,0,0,0,0,1,0,0,0,1,0,0,0,0,0,0,1,0,0,0,0.0
70,3,2,2.388888888888889,49.71388888888889,116.20680555555556,24.0,0.25,216,0,1440,4536,1.0,497,1,1,0,1,0,0,0,1,0,0,1,0,0,0,1,0,0,1,0,0,0,0,0,0,0,0,0,1,0,0,0,1,0,0,0.99
18,1,4,2.333333333333333,47.40902777777777,113.28847222222224,72.0,0.22,216,0,1296,2808,1.0,375,1,1,0,1,0,0,0,1,1,0,0,1,0,0,0,0,1,0,0,0,0,0,1,0,0,0,0,0,0,0,0,0,1,0,0.01
30,1,0,2.5,49.84097222222223,125.38652777777776,72.0,0.15,0,216,3384,2016,1.0,370,1,1,0,1,0,0,0,1,1,0,0,0,1,0,0,0,0,1,0,0,0,0,0,1,0,0,0,0,0,0,1,0,0,0,0.015
25,9,2,2.422535211267605,51.51605633802816,126.03915492957748,7.888888888888888,0.02,142,0,2627,1562,1.0,370,0,1,0,1,0,1,0,0,0,1,0,0,0,0,1,1,0,0,0,0,0,0,1,0,0,0,0,0,0,0,1,0,0,0,0.005
46,10,1,2.638888888888889,49.833888888888886,130.6448611111111,7.199999999999999,0.13,576,0,2736,2088,1.0,373,0,1,0,0,1,1,0,0,0,0,1,0,0,0,1,0,0,0,0,1,0,0,0,0,1,0,0,0,0,0,0,0,1,0,0.0
22,10,4,2.555555555555556,48.10944444444445,121.3309722222222,7.199999999999999,0.13,144,0,648,7200,1.0,377,0,1,0,0,1,0,1,0,0,0,1,1,0,0,0,1,0,0,0,0,1,0,0,0,0,0,0,0,0,0,0,0,0,1,0.0
43,12,0,2.25,45.40611111111112,103.85791666666668,6.0,0.08,360,0,2520,1368,1.0,510,0,1,0,0,1,0,1,0,0,0,1,0,0,0,1,0,0,0,0,1,1,0,0,0,0,0,0,0,0,1,0,0,0,0,0.985
23,7,4,2.486111111111111,47.82291666666666,118.76194444444444,10.285714285714286,6.967388763654297,72,0,1224,4824,1.0,375,1,1,0,0,1,0,0,1,0,1,0,0,1,0,0,1,0,0,0,0,0,0,0,1,0,0,0,0,0,0,1,0,0,0,0.0
49,5,4,2.5492957746478875,49.58239436619719,126.9776056338028,14.2,0.02,142,0,3266,994,1.0,370,0,1,1,0,0,0,1,0,0,0,1,0,0,1,0,1,0,0,0,0,0,0,0,0,0,0,1,0,0,0,0,1,0,0,0.01
19,3,0,2.6619718309859155,48.61394366197183,130.50464788732396,23.666666666666668,12.5241563290957,71,284,2769,6674,1.0,382,0,1,0,0,1,0,0,1,1,0,0,0,0,1,0,0,0,0,0,1,0,0,0,1,0,0,0,0,0,1,0,0,0,0,0.005
35,12,3,2.5416666666666665,54.13527777777777,140.0425,6.0,0.03,0,216,3384,5544,1.0,494,1,1,0,1,0,1,0,0,0,1,0,1,0,0,0,0,1,0,0,0,0,0,0,0,0,1,0,0,0,0,0,0,1,0,0.99
67,2,2,2.6901408450704225,49.414084507042254,131.18056338028168,35.5,0.07,142,0,852,3195,1.0,370,1,1,1,0,0,0,1,0,1,0,0,0,1,0,0,0,0,0,1,0,0,0,0,1,0,0,0,0,0,0,1,0,0,0,0.005
46,4,2,2.309859154929577,55.36760563380282,125.7398591549296,17.75,0.15,71,0,2698,6887,1.0,371,1,1,0,1,0,0,0,1,0,0,1,1,0,0,0,0,0,1,0,0,0,0,0,0,0,0,0,0,1,0,1,0,0,0,0.01
32,8,0,2.5972222222222223,54.617916666666666,140.37916666666666,9.0,0.08,216,0,3600,5688,1.0,372,0,1,0,1,0,1,0,0,0,1,0,0,0,0,1,0,0,0,0,1,0,1,0,0,0,0,0,0,0,0,0,0,1,0,0.005
54,14,2,2.5492957746478875,49.32295774647887,125.59366197183098,5.071428571428571,6.5933528789785125,639,213,781,994,1.0,371,1,1,1,0,0,1,0,0,1,0,0,1,0,0,0,0,1,0,0,0,0,0,1,0,0,0,0,0,0,0,0,0,0,1,0.0
36,3,0,2.492957746478873,48.49197183098591,121.94845070422537,23.666666666666668,0.21,0,284,3266,2698,1.0,373,1,1,0,0,1,1,0,0,1,0,0,0,1,0,0,0,0,0,0,1,1,0,0,0,0,0,0,0,0,0,0,1,0,0,0.005
64,1,3,2.6338028169014085,48.025070422535215,125.95577464788734,71.0,0.06,0,142,1562,1562,1.0,382,0,1,0,1,0,0,1,0,0,1,0,0,0,0,1,0,0,1,0,0,0,0,0,0,1,0,0,0,0,0,0,0,1,0,0.0
24,2,0,2.492957746478873,50.15028169014085,125.73774647887323,35.5,0.27,142,0,2343,6745,1.0,372,0,1,1,0,0,0,0,1,1,0,0,0,1,0,0,0,1,0,0,0,0,0,0,0,0,0,0,1,0,0,0,1,0,0,0.015
33,12,3,2.492957746478873,52.106056338028175,130.0887323943662,5.916666666666667,0.15,71,0,1278,5396,1.0,372,1,1,0,0,1,0,0,1,0,0,1,0,0,1,0,1,0,0,0,0,0,0,0,0,0,0,1,0,0,0,0,0,0,1,0.015
23,9,4,2.5277777777777777,50.28819444444444,125.61125,8.0,0.1,0,216,2808,6264,1.0,496,1,1,0,1,0,0,1,0,1,0,0,1,0,0,0,0,1,0,0,0,0,0,0,0,0,1,0,0,0,1,0,0,0,0,1.0
58,5,2,2.380281690140845,49.3512676056338,120.35957746478874,14.2,0.28,213,0,3479,1491,1.0,371,0,1,1,0,0,0,0,1,0,0,1,1,0,0,0,0,0,0,0,1,0,0,0,0,0,0,1,0,0,0,0,0,1,0,0.005
67,10,4,2.619718309859155,48.67943661971831,130.28774647887323,7.1,0.23,213,0,2982,1846,1.0,497,1,1,1,0,0,1,0,0,1,0,0,1,0,0,0,0,0,0,1,0,0,0,0,0,0,0,1,0,0,0,1,0,0,0,1.0
44,6,3,2.6901408450704225,54.46830985915493,147.54169014084508,11.833333333333334,0.11,71,0,1136,1988,1.0,377,1,1,1,0,0,1,0,0,1,0,0,1,0,0,0,1,0,0,0,0,0,0,0,0,0,0,0,0,1,0,0,0,0,1,0.01
18,15,3,2.5694444444444446,48.08986111111111,125.26986111111113,4.8,0.28,216,0,3312,4752,1.0,371,0,1,0,1,0,1,0,0,0,0,1,0,0,0,1,0,1,0,0,0,0,0,0,0,0,1,0,0,0,1,0,0,0,0,0.005
18,3,0,2.492957746478873,55.64859154929578,139.25112676056338,23.666666666666668,0.29,0,355,1633,4686,1.0,375,1,1,0,0,1,1,0,0,1,0,0,1,0,0,0,1,0,0,0,0,1,0,0,0,0,0,0,0,0,0,1,0,0,0,0.015
32,2,0,2.464788732394366,50.547183098591546,124.5892957746479,35.5,0.1,213,0,3266,4828,1.0,504,1,1,1,0,0,1,0,0,1,0,0,0,0,1,0,0,0,0,1,0,0,0,1,0,0,0,0,0,0,0,0,1,0,0,0.99
40,8,0,2.5694444444444446,51.14111111111111,131.02708333333334,9.0,0.25,288,0,2232,7416,1.0,372,0,1,0,1,0,1,0,0,0,1,0,1,0,0,0,0,0,0,0,1,0,1,0,0,0,0,0,0,0,0,1,0,0,0,0.0
58,9,2,2.625,52.36180555555556,137.25597222222223,8.0,14.39511629107515,360,360,3312,1872,1.0,370,0,1,0,0,1,1,0,0,0,1,0,0,0,0,1,0,0,0,0,1,0,0,0,0,0,1,0,0,0,1,0,0,0,0,0.0
35,12,3,2.5416666666666665,51.54166666666666,128.4351388888889,6.0,0.03,0,216,3384,5544,1.0,495,1,1,0,1,0,1,0,0,0,1,0,1,0,0,0,0,1,0,0,0,0,1,0,0,0,0,0,0,0,0,0,0,0,1,0.995
50,14,3,2.5,47.84166666666667,116.30652777777776,5.142857142857143,14.842100821543855,360,144,1296,1368,1.0,370,0,1,0,0,1,0,1,0,1,0,0,0,0,1,0,0,1,0,0,0,0,0,0,0,0,0,1,0,0,0,0,0,1,0,0.0
27,7,1,2.430555555555556,53.42513888888889,130.2788888888889,10.285714285714286,0.29,72,0,2664,2232,1.0,371,1,1,0,1,0,1,0,0,1,0,0,0,0,0,1,1,0,0,0,0,0,0,0,0,0,1,0,0,0,0,1,0,0,0,0.0
40,2,0,2.492957746478873,51.988591549295776,126.49563380281693,35.5,0.08,142,0,1278,5964,1.0,373,0,1,0,1,0,1,0,0,0,0,1,0,0,1,0,0,0,0,0,1,0,0,0,0,1,0,0,0,0,0,0,1,0,0,0.0
55,6,4,2.563380281690141,48.01929577464789,120.5249295774648,11.833333333333334,14.850350359363466,213,284,3479,4118,1.0,370,0,1,1,0,0,0,0,1,0,0,1,0,0,0,1,0,0,0,0,1,0,0,1,0,0,0,0,0,0,0,0,0,0,1,0.0
32,10,4,2.5694444444444446,48.734722222222224,121.5325,7.199999999999999,0.14,0,216,1656,4968,1.0,504,1,1,0,1,0,0,1,0,0,0,1,1,0,0,0,0,0,0,1,0,0,0,0,0,0,1,0,0,0,0,0,0,0,1,0.995
55,5,1,2.611111111111111,53.534444444444446,137.10597222222222,14.4,0.08,144,0,1944,2952,1.0,397,0,1,0,0,1,0,1,0,1,0,0,0,0,0,1,0,0,0,0,1,0,0,0,1,0,0,0,0,0,0,0,0,0,1,0.0
55,12,4,2.507042253521127,53.374084507042255,136.6125352112676,5.916666666666667,6.984031468775303,355,497,1065,5893,1.0,381,1,1,1,0,0,0,0,1,0,0,1,0,0,1,0,0,0,1,0,0,0,0,0,1,0,0,0,0,0,0,1,0,0,0,0.005
41,10,1,2.6338028169014085,50.7112676056338,130.8812676056338,7.1,0.16,142,0,568,6177,1.0,371,1,1,1,0,0,1,0,0,0,0,1,0,0,0,1,0,0,1,0,0,0,0,1,0,0,0,0,0,0,0,0,0,0,1,0.005
31,3,3,2.422535211267605,54.34211267605634,130.51422535211267,23.666666666666668,0.03,284,0,2840,1491,1.0,370,1,1,1,0,0,0,1,0,0,0,1,0,0,0,1,0,1,0,0,0,0,0,0,0,1,0,0,0,0,0,0,1,0,0,0.005
37,15,4,2.464788732394366,51.73098591549296,125.50323943661972,4.733333333333333,0.22,0,142,2769,6958,1.0,496,0,1,0,1,0,0,1,0,0,1,0,0,0,1,0,0,0,1,0,0,0,0,1,0,0,0,0,0,0,1,0,0,0,0,0.99
54,4,1,2.4722222222222223,53.12027777777777,133.45055555555555,18.0,0.11,144,0,864,4176,1.0,372,1,1,1,0,0,1,0,0,1,0,0,1,0,0,0,1,0,0,0,0,0,0,0,0,1,0,0,0,0,1,0,0,0,0,0.005
20,9,0,2.5694444444444446,46.71166666666667,121.87861111111113,8.0,0.13,288,0,2448,5328,1.0,371,0,1,1,0,0,0,1,0,1,0,0,1,0,0,0,0,0,0,1,0,0,0,0,0,0,1,0,0,0,1,0,0,0,0,0.01
25,10,4,2.352112676056338,53.76915492957747,126.07563380281692,7.1,0.15,284,0,639,6390,1.0,505,0,1,0,1,0,1,0,0,1,0,0,0,1,0,0,0,0,0,1,0,0,0,0,0,0,0,1,0,0,1,0,0,0,0,1.0
51,11,4,2.5774647887323945,55.80295774647887,142.6957746478873,6.454545454545454,0.1,213,0,1988,1349,1.0,370,1,1,0,0,1,1,0,0,0,0,1,0,0,1,0,0,0,0,0,1,0,1,0,0,0,0,0,0,0,0,0,0,1,0,0.015
40,3,0,2.7746478873239435,49.77901408450704,134.4138028169014,23.666666666666668,13.281031919823771,639,426,426,3834,1.0,375,1,1,0,0,1,1,0,0,0,1,0,0,0,0,1,0,1,0,0,0,0,0,0,1,0,0,0,0,0,1,0,0,0,0,0.0
50,14,3,2.486111111111111,48.52013888888889,118.40472222222222,5.142857142857143,14.842100821543855,360,144,1296,1368,1.0,370,0,1,0,0,1,0,1,0,1,0,0,0,0,1,0,0,1,0,0,0,0,0,0,1,0,0,0,0,0,0,1,0,0,0,0.0
49,14,1,2.464788732394366,48.64507042253521,119.18169014084506,5.071428571428571,0.15,284,0,1491,7242,1.0,491,1,1,0,0,1,1,0,0,0,0,1,0,0,0,1,0,0,1,0,0,0,0,0,0,0,0,0,0,1,0,0,1,0,0,0.995
68,1,2,2.563380281690141,53.08056338028169,131.4643661971831,71.0,10.559115930120193,142,0,2627,3550,1.0,373,0,1,0,1,0,0,0,1,0,0,1,0,1,0,0,0,0,0,0,1,0,0,0,0,0,1,0,0,0,0,0,1,0,0,0.01
48,3,2,2.3472222222222223,48.61152777777778,113.2636111111111,24.0,0.11,288,0,3312,7416,1.0,375,0,1,0,1,0,0,1,0,0,1,0,0,1,0,0,0,0,0,1,0,0,0,0,0,0,0,1,0,0,0,1,0,0,0,0.01
27,6,4,2.4444444444444446,51.12375,125.05458333333334,12.0,0.25,0,144,1512,2664,1.0,496,1,1,0,0,1,0,1,0,0,0,1,0,1,0,0,1,0,0,0,0,1,0,0,0,0,0,0,0,0,0,1,0,0,0,0.98
60,10,3,2.6338028169014085,54.003098591549296,142.3376056338028,7.1,0.18,355,0,2982,2414,1.0,492,0,1,0,1,0,0,0,1,1,0,0,0,0,1,0,0,0,1,0,0,1,0,0,0,0,0,0,0,0,0,0,0,1,0,0.995
27,6,2,2.6619718309859155,47.55394366197183,127.46014084507044,11.833333333333334,0.14,0,71,1846,6177,1.0,371,0,1,0,0,1,0,0,1,1,0,0,0,1,0,0,0,0,1,0,0,0,0,0,0,0,0,0,1,0,0,0,0,0,1,0.005
62,1,2,2.5774647887323945,47.99014084507043,125.72422535211268,71.0,0.12,284,0,426,5325,1.0,505,1,1,1,0,0,0,1,0,0,1,0,0,0,0,1,1,0,0,0,0,0,0,1,0,0,0,0,0,0,1,0,0,0,0,0.99
20,13,1,2.3943661971830985,47.49774647887324,114.91661971830986,5.461538461538462,0.28,284,0,710,6461,1.0,370,0,1,0,0,1,1,0,0,1,0,0,0,0,1,0,0,1,0,0,0,0,1,0,0,0,0,0,0,0,0,0,0,0,1,0.0
66,11,2,2.5492957746478875,49.26901408450704,128.86577464788732,6.454545454545454,0.29,284,0,2343,6816,1.0,509,0,1,0,1,0,1,0,0,1,0,0,0,1,0,0,0,0,0,1,0,0,0,0,1,0,0,0,0,0,1,0,0,0,0,0.975
51,1,2,2.430555555555556,52.05916666666667,128.75208333333333,72.0,0.05,360,0,1512,6552,1.0,374,1,1,0,1,0,1,0,0,0,1,0,0,0,0,1,0,0,0,1,0,1,0,0,0,0,0,0,0,0,0,0,0,1,0,0.0
32,5,3,2.5416666666666665,51.42180555555555,130.2938888888889,14.4,0.23,216,0,1656,936,1.0,380,0,1,0,0,1,1,0,0,1,0,0,0,1,0,0,0,1,0,0,0,1,0,0,0,0,0,0,0,0,1,0,0,0,0,0.005
43,12,4,2.5774647887323945,55.00704225352113,141.32352112676057,5.916666666666667,0.07,213,0,1278,1278,1.0,498,0,1,0,0,1,0,1,0,1,0,0,0,0,1,0,0,0,0,1,0,0,0,0,0,0,0,1,0,0,1,0,0,0,0,0.99
28,10,2,2.507042253521127,51.72788732394366,132.56859154929575,7.1,0.02,0,213,3266,5183,1.0,370,1,1,1,0,0,0,0,1,0,0,1,0,1,0,0,0,1,0,0,0,0,1,0,0,0,0,0,0,0,0,1,0,0,0,0.0
36,14,1,2.9444444444444446,51.48602181728339,152.7641269679001,5.142857142857143,0.3226265756413843,129,85,1727,6330,0.5833333333333334,610,1,1,0,0,1,1,0,0,0,0,1,0,0,0,1,0,0,1,0,0,0,0,0,0,0,0,0,1,0,0,0,0,0,0,0.13
68,15,1,2.736111111111111,51.28402777777777,142.4872222222222,4.8,0.1,288,0,864,3672,1.0,371,1,1,1,0,0,0,1,0,0,0,1,1,0,0,0,1,0,0,0,0,0,0,0,1,0,0,0,0,0,0,0,1,0,0,0.005
63,10,4,3.0416666666666665,49.06597825082068,153.90364125410338,7.199999999999999,0.3143341069479557,162,57,1871,3886,0.6666666666666666,785,0,1,0,0,1,1,0,0,1,0,0,0,0,0,1,0,0,1,0,0,0,0,0,1,0,0,0,0,0,0,0,0,1,0,0.75
52,6,3,2.5,47.592083333333335,118.16041666666666,12.0,0.17,144,0,1368,1728,1.0,491,1,1,0,1,0,1,0,0,0,1,0,1,0,0,0,0,0,0,0,1,1,0,0,0,0,0,0,0,0,0,1,0,0,0,0.995
38,4,1,2.4507042253521125,47.34845070422535,115.8938028169014,17.75,0.06,284,0,1704,2840,1.0,492,1,1,1,0,0,1,0,0,1,0,0,1,0,0,0,1,0,0,0,0,0,0,0,1,0,0,0,0,0,1,0,0,0,0,0.99
27,4,1,2.4722222222222223,49.82138888888889,118.17986111111112,18.0,0.02,216,0,1512,5832,1.0,376,0,1,1,0,0,0,1,0,0,0,1,0,0,1,0,0,0,1,0,0,0,0,0,0,1,0,0,0,0,0,0,0,0,1,0.0
46,12,4,2.5277777777777777,49.76986111111111,122.81277777777778,6.0,0.07,0,288,2664,2736,1.0,491,0,1,0,0,1,1,0,0,1,0,0,1,0,0,0,0,0,1,0,0,0,1,0,0,0,0,0,0,0,0,1,0,0,0,0.99
45,9,3,2.4507042253521125,50.23788732394366,124.77788732394366,7.888888888888888,0.15,142,0,3408,6674,1.0,507,0,1,1,0,0,0,1,0,0,1,0,0,0,0,1,0,0,1,0,0,0,0,0,1,0,0,0,0,0,0,1,0,0,0,0.965
51,13,0,2.555555555555556,48.04958333333334,121.48138888888889,5.538461538461538,11.337021491248372,648,72,2808,1728,1.0,372,1,1,1,0,0,0,1,0,0,1,0,0,0,0,1,1,0,0,0,0,0,0,0,1,0,0,0,0,0,0,0,0,1,0,0.005
49,11,4,2.5211267605633805,45.75619718309859,112.04042253521126,6.454545454545454,10.416272228669367,213,355,2840,4615,1.0,390,0,1,0,1,0,0,0,1,0,1,0,1,0,0,0,0,0,0,0,1,0,0,0,0,1,0,0,0,0,0,1,0,0,0,0.005
40,8,3,2.486111111111111,50.72916666666666,128.67999999999998,9.0,12.152893382918927,216,144,936,4896,1.0,371,1,1,1,0,0,1,0,0,0,0,1,0,1,0,0,0,0,1,0,0,0,0,1,0,0,0,0,0,0,1,0,0,0,0,0.0
66,12,1,2.676056338028169,47.60845070422536,130.93028169014084,5.916666666666667,0.04,284,0,1136,7313,1.0,374,1,1,0,1,0,0,0,1,0,1,0,0,0,1,0,1,0,0,0,0,0,0,0,1,0,0,0,0,0,0,0,1,0,0,0.005
54,14,2,2.583333333333333,48.68208333333334,126.60333333333334,5.142857142857143,6.5933528789785125,648,216,792,1008,1.0,374,1,1,1,0,0,1,0,0,1,0,0,1,0,0,0,0,1,0,0,0,0,0,1,0,0,0,0,0,0,0,1,0,0,0,0.0
55,8,4,2.458333333333333,53.28805555555556,130.34597222222223,9.0,0.07,0,72,2880,2880,1.0,380,1,1,1,0,0,0,0,1,1,0,0,1,0,0,0,0,1,0,0,0,0,0,0,1,0,0,0,0,0,0,1,0,0,0,0.0
56,15,4,2.492957746478873,47.66309859154929,120.33394366197182,4.733333333333333,0.1,142,0,2059,5609,1.0,376,0,1,1,0,0,1,0,0,0,1,0,1,0,0,0,1,0,0,0,0,0,0,0,0,0,0,1,0,0,0,0,0,0,1,0.01
24,9,2,2.583333333333333,48.739583333333336,130.90152777777777,8.0,0.29,288,0,1728,1440,1.0,370,0,1,1,0,0,1,0,0,0,0,1,0,1,0,0,0,0,1,0,0,0,0,0,0,0,0,0,0,1,0,0,0,0,1,0.0
51,9,2,2.4507042253521125,52.80295774647888,128.83239436619718,7.888888888888888,0.14,213,0,1917,1278,1.0,380,0,1,0,0,1,0,0,1,1,0,0,0,0,0,1,1,0,0,0,0,0,0,1,0,0,0,0,0,0,0,0,0,1,0,0.02
19,13,3,2.583333333333333,45.553333333333335,116.67125,5.538461538461538,0.21,216,0,3456,5112,1.0,501,0,1,0,1,0,1,0,0,0,0,1,0,1,0,0,0,0,0,1,0,0,0,1,0,0,0,0,0,0,0,0,0,1,0,0.995
37,1,4,2.680555555555556,47.455000000000005,127.5513888888889,72.0,8.974730559275262,720,576,3024,3168,1.0,370,0,1,0,0,1,0,0,1,0,0,1,1,0,0,0,1,0,0,0,0,0,0,0,0,0,0,0,1,0,0,0,1,0,0,0.0
39,14,4,2.486111111111111,46.37305555555556,114.29916666666664,5.142857142857143,0.08,144,0,1152,6624,1.0,495,0,1,0,0,1,1,0,0,0,0,1,0,0,0,1,0,1,0,0,0,0,1,0,0,0,0,0,0,0,0,0,0,0,1,0.98
40,13,4,2.6944444444444446,48.56652777777778,131.72513888888886,5.538461538461538,0.25,144,0,2808,3024,1.0,370,1,1,0,1,0,0,0,1,0,0,1,1,0,0,0,0,0,0,1,0,0,0,0,0,1,0,0,0,0,0,0,1,0,0,0.005
56,7,1,2.3194444444444446,50.47013888888889,114.02166666666666,10.285714285714286,0.04,144,0,2088,6696,1.0,386,1,1,0,0,1,0,1,0,1,0,0,0,0,0,1,0,0,0,1,0,0,0,0,0,0,1,0,0,0,0,0,0,1,0,0.005
55,9,0,2.6944444444444446,51.48222222222222,137.6265277777778,8.0,8.151890842042395,144,216,1512,2736,1.0,377,1,1,0,0,1,0,0,1,0,1,0,1,0,0,0,0,0,0,1,0,0,1,0,0,0,0,0,0,0,1,0,0,0,0,0.0
45,1,0,2.3194444444444446,47.53805555555556,109.29722222222225,72.0,0.18,72,0,3312,7056,1.0,372,1,1,0,0,1,0,1,0,1,0,0,0,0,0,1,0,1,0,0,0,0,0,0,0,0,0,0,1,0,0,0,0,1,0,0.0
66,1,2,2.492957746478873,52.52,128.32887323943663,71.0,0.08,0,142,994,5254,1.0,372,1,1,0,0,1,0,1,0,1,0,0,0,0,1,0,1,0,0,0,0,0,0,0,0,0,0,0,1,0,1,0,0,0,0,0.0
35,3,4,2.5211267605633805,50.28746478873239,126.41140845070422,23.666666666666668,0.02,213,0,3195,4402,1.0,495,1,1,0,0,1,1,0,0,0,0,1,0,0,1,0,0,0,0,1,0,0,1,0,0,0,0,0,0,0,0,0,0,1,0,0.985
64,11,4,2.436619718309859,50.238591549295776,122.76830985915493,6.454545454545454,0.06,213,0,2059,6035,1.0,507,1,1,0,1,0,1,0,0,0,1,0,0,0,1,0,0,0,0,0,1,1,0,0,0,0,0,0,0,0,0,0,0,1,0,0.995
30,1,0,2.5416666666666665,49.88708333333333,129.19625000000002,72.0,0.15,0,216,3384,2016,1.0,373,1,1,0,1,0,0,0,1,1,0,0,0,1,0,0,0,0,1,0,0,0,0,0,0,0,0,1,0,0,0,1,0,0,0,0.005
46,14,2,2.5972222222222223,49.860416666666666,129.72930555555556,5.142857142857143,0.27,0,216,1080,2880,1.0,372,1,1,0,0,1,1,0,0,0,1,0,0,0,0,1,0,0,0,1,0,0,0,0,0,0,1,0,0,0,0,0,0,1,0,0.0
45,3,1,2.563380281690141,49.9612676056338,127.57732394366197,23.666666666666668,0.25,142,0,3408,1349,1.0,384,0,1,0,1,0,0,1,0,0,1,0,0,0,1,0,0,0,0,1,0,0,0,0,1,0,0,0,0,0,0,0,0,1,0,0.0
67,10,4,2.763888888888889,47.15833333333333,130.0643055555555,7.199999999999999,0.23,216,0,3024,1872,1.0,493,1,1,1,0,0,1,0,0,1,0,0,1,0,0,0,0,0,0,1,0,0,0,0,1,0,0,0,0,0,0,0,1,0,0,1.0
36,4,4,2.323943661971831,51.59901408450705,119.97521126760564,17.75,0.09,213,0,3337,7100,1.0,372,1,1,0,1,0,0,0,1,0,0,1,0,0,1,0,0,0,1,0,0,0,0,0,0,0,0,0,0,1,1,0,0,0,0,0.015
61,13,2,2.492957746478873,46.21661971830986,113.3181690140845,5.461538461538462,10.541547708051995,71,71,2982,4118,1.0,373,0,1,0,1,0,0,0,1,0,1,0,0,0,0,1,1,0,0,0,0,0,0,0,0,1,0,0,0,0,0,0,0,0,1,0.005
28,10,2,2.535211267605634,50.78535211267606,126.60788732394366,7.1,0.02,0,213,3266,5183,1.0,379,1,1,1,0,0,0,0,1,0,0,1,0,1,0,0,0,1,0,0,0,0,0,0,1,0,0,0,0,0,0,0,0,1,0,0.0
27,6,4,2.8732394366197185,51.28614347522701,148.1102948409238,11.833333333333334,0.3438854676848934,130,79,1490,2684,0.6056338028169014,565,1,1,0,0,1,0,1,0,0,0,1,0,1,0,0,1,0,0,0,0,0,0,0,1,0,0,0,0,0,0,0,0,0,0,0.75
70,1,0,2.6527777777777777,51.52986111111111,137.06930555555556,72.0,0.03,0,72,1512,1656,1.0,372,1,1,0,0,1,0,0,1,1,0,0,0,0,1,0,0,0,0,0,1,0,0,0,0,0,1,0,0,0,1,0,0,0,0,0.005
25,6,0,2.563380281690141,47.99239436619718,119.9180281690141,11.833333333333334,0.12,0,213,3053,4615,1.0,391,0,1,0,1,0,1,0,0,1,0,0,0,0,1,0,1,0,0,0,0,1,0,0,0,0,0,0,0,0,0,0,0,1,0,0.01
44,9,2,2.680555555555556,45.27430555555556,117.92763888888892,8.0,6.785057725304087,504,0,3312,5688,1.0,370,0,1,1,0,0,1,0,0,0,0,1,0,0,1,0,0,0,0,1,0,0,0,0,1,0,0,0,0,0,1,0,0,0,0,0.005
25,2,1,2.4788732394366195,55.35591549295775,132.72591549295777,35.5,0.05,355,0,3124,3976,1.0,497,0,1,0,0,1,1,0,0,0,1,0,1,0,0,0,0,0,1,0,0,0,0,0,0,0,1,0,0,0,1,0,0,0,0,0.985
37,1,4,2.647887323943662,49.545352112676056,135.02661971830986,71.0,8.974730559275262,710,568,2982,3124,1.0,374,0,1,0,0,1,0,0,1,0,0,1,1,0,0,0,1,0,0,0,0,0,0,1,0,0,0,0,0,0,0,1,0,0,0,0.0
58,1,0,2.352112676056338,47.28197183098592,111.773661971831,71.0,0.09,0,71,426,3976,1.0,376,1,1,0,1,0,1,0,0,0,1,0,1,0,0,0,0,0,0,0,1,0,0,0,0,0,0,0,1,0,1,0,0,0,0,0.01
21,9,0,2.4166666666666665,47.85944444444445,115.01666666666668,8.0,0.08,360,0,1728,5544,1.0,373,0,1,1,0,0,0,1,0,1,0,0,0,0,1,0,0,0,1,0,0,0,0,0,0,0,0,0,1,0,1,0,0,0,0,0.015
53,10,3,3.0277777777777777,51.701453585027416,155.65769408841558,7.199999999999999,0.306974583660705,117,101,719,5471,0.5138888888888888,768,0,1,0,1,0,0,1,0,0,0,1,0,0,1,0,1,0,0,0,0,1,0,0,0,0,0,0,0,0,0,0,0,0,0,0.135
30,12,3,2.4444444444444446,51.63638888888889,126.17902777777778,6.0,9.407550945435665,504,0,504,6192,1.0,372,0,1,1,0,0,0,1,0,0,0,1,0,0,1,0,0,1,0,0,0,0,1,0,0,0,0,0,0,0,0,0,1,0,0,0.0
38,8,2,2.323943661971831,47.56591549295774,111.00647887323944,8.875,11.0820626280203,213,497,355,1207,1.0,372,0,1,1,0,0,1,0,0,1,0,0,0,0,1,0,0,0,1,0,0,0,0,0,0,0,1,0,0,0,1,0,0,0,0,0.005
66,3,1,2.563380281690141,53.65169014084507,139.55774647887324,23.666666666666668,0.07,284,0,1136,5680,1.0,379,0,1,1,0,0,0,0,1,0,0,1,0,1,0,0,0,0,1,0,0,1,0,0,0,0,0,0,0,0,1,0,0,0,0,0.01
64,12,3,2.380281690140845,48.667605633802815,116.29056338028168,5.916666666666667,0.18,426,0,2201,5467,1.0,504,1,1,1,0,0,0,0,1,1,0,0,0,1,0,0,0,0,1,0,0,0,0,0,0,0,0,0,0,1,1,0,0,0,0,0.99
69,10,2,2.5694444444444446,47.703472222222224,129.9463888888889,7.199999999999999,11.988521437096658,288,720,1080,2952,1.0,371,0,1,0,0,1,0,0,1,1,0,0,1,0,0,0,0,0,0,0,1,0,0,0,0,0,1,0,0,0,1,0,0,0,0,0.0
46,14,2,3.0277777777777777,52.935276653003335,153.76471659835,5.142857142857143,0.3438483730396701,145,72,1079,2877,0.5972222222222222,905,1,1,0,0,1,1,0,0,0,1,0,0,0,0,1,0,0,0,1,0,0,0,0,0,0,1,0,0,0,0,0,0,0,0,0.1
43,10,0,2.583333333333333,55.12994515493863,142.38216737716087,7.199999999999999,0.3000428912396357,137,57,3311,2129,0.6111111111111112,917,0,1,0,0,1,0,0,1,0,1,0,0,0,0,1,1,0,0,0,0,0,0,0,0,0,1,0,0,0,0,0,0,0,0,0.075
70,3,2,2.583333333333333,47.37152777777778,122.70930555555556,24.0,0.25,216,0,1440,4536,1.0,492,1,1,0,1,0,0,0,1,0,0,1,0,0,0,1,0,0,1,0,0,1,0,0,0,0,0,0,0,0,0,0,1,0,0,0.985
37,13,0,2.5,51.990833333333335,128.33444444444444,5.538461538461538,13.203249225295048,720,360,1440,1872,1.0,376,1,1,0,0,1,0,0,1,0,0,1,0,0,1,0,0,0,1,0,0,0,1,0,0,0,0,0,0,0,0,0,0,0,1,0.0
68,1,4,2.833333333333333,47.02152777777778,132.15208333333334,72.0,0.21,288,0,3168,6480,1.0,491,1,1,0,1,0,0,1,0,0,1,0,1,0,0,0,0,0,0,0,1,0,0,0,0,0,0,0,1,0,0,0,0,1,0,0.975
25,6,4,2.5694444444444446,46.440694444444446,119.03888888888888,12.0,0.11,144,0,2016,1224,1.0,500,0,1,1,0,0,0,1,0,0,1,0,0,0,1,0,0,0,0,1,0,0,0,0,0,0,0,0,1,0,1,0,0,0,0,0.98
65,15,3,2.492957746478873,50.75816901408451,127.3987323943662,4.733333333333333,0.15,142,0,1207,3834,1.0,491,1,1,1,0,0,1,0,0,0,1,0,0,1,0,0,0,0,0,1,0,0,0,0,0,0,1,0,0,0,0,0,0,1,0,0.995
68,15,1,2.361111111111111,45.333194444444445,104.55277777777778,4.8,0.1,288,0,864,3672,1.0,372,1,1,1,0,0,0,1,0,0,0,1,1,0,0,0,1,0,0,0,0,0,0,0,0,1,0,0,0,0,0,0,1,0,0,0.0
23,3,4,2.4507042253521125,47.32323943661972,116.24422535211268,23.666666666666668,0.08,0,142,2059,6461,1.0,505,1,1,1,0,0,1,0,0,0,0,1,0,1,0,0,0,0,0,0,1,0,0,1,0,0,0,0,0,0,0,0,0,1,0,0.99
42,3,3,3.083333333333333,49.63796562889036,154.09278577555995,24.0,0.2189003286095725,158,80,1223,5043,0.6527777777777778,728,0,1,0,0,1,0,0,1,0,1,0,0,0,1,0,1,0,0,0,0,0,0,0,0,0,0,0,1,0,0,0,0,1,0,0.185
66,9,1,2.638888888888889,53.55736779610363,144.15557561053308,8.0,0.2666866597454967,128,66,2375,5227,0.6666666666666666,607,1,1,0,0,1,0,0,1,0,1,0,0,0,0,1,0,0,0,0,1,0,0,0,1,0,0,0,0,0,0,0,0,1,0,0.09
68,2,3,2.5416666666666665,52.72805555555556,129.32541666666668,36.0,0.08,0,72,864,1512,1.0,373,1,1,0,0,1,0,1,0,0,1,0,0,0,0,1,0,0,1,0,0,0,0,1,0,0,0,0,0,0,1,0,0,0,0,0.0
55,1,4,2.4788732394366195,46.16084507042254,115.58183098591547,71.0,0.22,71,0,2698,2840,1.0,371,0,1,1,0,0,0,1,0,1,0,0,1,0,0,0,0,0,1,0,0,1,0,0,0,0,0,0,0,0,0,1,0,0,0,0.005
56,6,1,2.5774647887323945,52.02492957746479,134.57690140845068,11.833333333333334,0.1,284,0,1278,2627,1.0,494,0,1,0,1,0,1,0,0,1,0,0,0,0,1,0,0,0,1,0,0,0,0,0,0,0,0,1,0,0,0,0,0,1,0,0.99
23,11,2,2.2816901408450705,47.55,108.01971830985914,6.454545454545454,0.18,0,426,1420,1775,1.0,490,0,1,0,0,1,0,0,1,0,1,0,0,0,1,0,1,0,0,0,0,0,0,0,0,0,0,0,0,1,0,0,1,0,0,0.985
53,6,4,2.680555555555556,48.58305555555555,133.29222222222222,12.0,0.06,0,144,504,1080,1.0,492,0,1,0,1,0,0,0,1,1,0,0,0,1,0,0,1,0,0,0,0,0,0,0,0,0,0,1,0,0,0,0,0,0,1,0.99
60,4,0,2.4166666666666665,50.250416666666666,122.58375,18.0,0.15,0,144,2016,4896,1.0,383,0,1,0,1,0,0,0,1,0,1,0,0,0,0,1,0,1,0,0,0,0,0,0,0,0,0,1,0,0,0,1,0,0,0,0.0
58,12,1,2.4788732394366195,50.34098591549296,124.29845070422536,5.916666666666667,0.18,71,0,639,4899,1.0,498,0,1,1,0,0,0,1,0,0,1,0,0,0,0,1,0,0,0,0,1,0,1,0,0,0,0,0,0,0,1,0,0,0,0,0.995
57,9,4,2.9166666666666665,52.71424500002467,151.67678055567887,8.0,0.2507961744646265,132,79,3671,3733,0.5972222222222222,677,0,1,0,0,1,1,0,0,1,0,0,0,1,0,0,0,0,0,1,0,0,0,1,0,0,0,0,0,0,0,0,0,0,0,0.835
56,15,4,2.605633802816901,50.00225352112676,128.20647887323943,4.733333333333333,0.1,142,0,2059,5609,1.0,372,0,1,1,0,0,1,0,0,0,1,0,1,0,0,0,1,0,0,0,0,0,0,0,0,0,1,0,0,0,1,0,0,0,0,0.0
25,1,2,2.5211267605633805,47.89732394366197,119.73535211267608,71.0,0.2,0,71,3053,2414,1.0,376,0,1,0,1,0,1,0,0,0,0,1,0,1,0,0,0,1,0,0,0,0,0,0,1,0,0,0,0,0,0,0,1,0,0,0.03
26,12,0,2.422535211267605,49.80605633802817,122.3312676056338,5.916666666666667,0.29,284,0,2840,6177,1.0,371,0,1,0,0,1,0,0,1,0,0,1,1,0,0,0,0,0,1,0,0,0,0,0,0,0,0,0,0,1,0,1,0,0,0,0.01
32,10,4,2.535211267605634,50.93732394366197,126.0330985915493,7.1,0.14,0,213,1633,4899,1.0,495,1,1,0,1,0,0,1,0,0,0,1,1,0,0,0,0,0,0,1,0,0,0,0,0,0,0,0,0,1,0,0,0,0,1,1.0
70,3,2,2.5774647887323945,49.76295774647888,127.77985915492958,23.666666666666668,0.25,213,0,1420,4473,1.0,494,1,1,0,1,0,0,0,1,0,0,1,0,0,0,1,0,0,1,0,0,0,0,1,0,0,0,0,0,0,1,0,0,0,0,0.98
34,1,0,2.2222222222222223,51.34319444444444,112.26125,72.0,11.431400866504926,504,144,3240,5832,1.0,389,0,1,0,1,0,0,1,0,0,0,1,0,0,1,0,0,1,0,0,0,0,1,0,0,0,0,0,0,0,1,0,0,0,0,0.005
27,10,1,2.535211267605634,49.17098591549296,124.41338028169017,7.1,0.22,142,0,1491,2130,1.0,502,0,1,0,1,0,0,0,1,0,1,0,0,1,0,0,0,0,0,1,0,0,0,0,1,0,0,0,0,0,0,0,0,0,1,0.995
56,15,4,3.0422535211267605,51.74605423797707,152.7292873744435,4.733333333333333,0.212787670183084,168,51,2058,5679,0.6056338028169014,440,0,1,1,0,0,1,0,0,0,1,0,1,0,0,0,1,0,0,0,0,0,0,1,0,0,0,0,0,0,0,0,0,0,0,0.105
25,11,3,3.267605633802817,50.61347862124772,164.9500133285319,6.454545454545454,0.2630963333423465,156,86,3265,3637,0.5774647887323944,492,0,1,0,0,1,0,1,0,1,0,0,0,1,0,0,0,1,0,0,0,1,0,0,0,0,0,0,0,0,0,0,0,0,0,0.12
48,13,3,2.830985915492957,48.2043661971831,133.76295774647886,5.461538461538462,0.0,0,71,2556,6532,1.0,370,1,1,1,0,0,0,1,0,0,1,0,0,0,0,1,0,1,0,0,0,0,0,1,0,0,0,0,0,0,0,0,0,0,1,0.015
21,3,4,2.625,52.07388888888889,136.20194444444445,24.0,0.14,0,216,2088,2376,1.0,375,0,1,0,0,1,0,1,0,0,0,1,0,0,1,0,0,0,1,0,0,1,0,0,0,0,0,0,0,0,0,0,1,0,0,0.01
48,11,0,2.507042253521127,53.18718309859155,134.2425352112676,6.454545454545454,11.7797599545946,497,568,426,5112,1.0,370,0,1,0,1,0,1,0,0,0,0,1,1,0,0,0,0,0,1,0,0,0,0,0,0,0,1,0,0,0,0,0,1,0,0,0.0
53,10,3,2.333333333333333,50.79541666666667,116.315,7.199999999999999,10.95217002357076,0,216,648,5256,1.0,371,0,1,0,1,0,0,1,0,0,0,1,0,0,1,0,1,0,0,0,0,0,0,0,1,0,0,0,0,0,0,0,0,1,0,0.0
48,1,0,3.013888888888889,47.66954961482247,147.24458734817875,72.0,0.2263139260684621,144,84,647,4749,0.6527777777777778,587,1,1,1,0,0,0,0,1,0,1,0,0,0,0,1,1,0,0,0,0,0,1,0,0,0,0,0,0,0,0,1,0,0,0,0.13
25,9,2,2.464788732394366,46.81661971830986,111.0750704225352,7.888888888888888,0.02,142,0,2627,1562,1.0,380,0,1,0,1,0,1,0,0,0,1,0,0,0,0,1,1,0,0,0,0,0,1,0,0,0,0,0,0,0,0,1,0,0,0,0.02
58,11,2,2.5492957746478875,50.91478873239436,131.99352112676056,6.454545454545454,0.18,0,213,1065,7171,1.0,494,0,1,0,0,1,0,0,1,0,1,0,0,0,0,1,0,1,0,0,0,0,0,0,0,1,0,0,0,0,1,0,0,0,0,0.995
29,12,0,2.5774647887323945,52.59704225352112,134.0019718309859,5.916666666666667,0.26,142,0,1846,4757,1.0,507,0,1,1,0,0,0,0,1,0,0,1,0,0,0,1,0,0,0,0,1,0,0,0,0,0,0,1,0,0,0,0,0,0,1,0.985
66,3,1,2.4788732394366195,48.85718309859155,124.24605633802815,23.666666666666668,0.07,284,0,1136,5680,1.0,374,0,1,1,0,0,0,0,1,0,0,1,0,1,0,0,0,0,1,0,0,0,0,1,0,0,0,0,0,0,0,0,0,0,1,0.005
63,4,0,2.619718309859155,57.4874647887324,151.0656338028169,17.75,0.08,142,0,1349,4686,1.0,375,0,1,0,0,1,0,0,1,0,0,1,0,1,0,0,0,0,0,0,1,0,1,0,0,0,0,0,0,0,0,0,1,0,0,0.015
65,7,1,2.535211267605634,50.73521126760563,128.06154929577465,10.142857142857142,0.18,0,142,568,6603,1.0,493,0,1,1,0,0,0,1,0,1,0,0,0,0,0,1,0,0,1,0,0,0,1,0,0,0,0,0,0,0,0,0,1,0,0,0.995
28,13,2,2.375,48.73791666666667,110.63263888888888,5.538461538461538,5.674058651816404,144,216,1368,720,1.0,372,1,1,0,0,1,0,0,1,0,0,1,0,0,1,0,0,0,0,0,1,0,0,0,0,0,1,0,0,0,0,0,0,1,0,0.0
68,5,1,2.5774647887323945,51.09014084507042,130.63985915492958,14.2,0.14,142,0,2414,3124,1.0,502,1,1,0,1,0,1,0,0,0,1,0,0,0,1,0,0,0,1,0,0,0,0,0,0,0,0,0,1,0,1,0,0,0,0,1.0
70,9,0,2.535211267605634,51.517042253521126,128.25647887323942,7.888888888888888,0.2,0,497,1065,2343,1.0,379,0,1,0,0,1,0,0,1,1,0,0,0,0,0,1,1,0,0,0,0,0,0,0,0,0,0,0,1,0,0,0,0,0,1,0.005
58,1,0,3.0972222222222223,50.88555188141357,162.19109641454318,72.0,0.2984235712355971,154,75,1727,2307,0.6666666666666666,808,1,1,1,0,0,0,0,1,0,1,0,0,0,0,1,0,1,0,0,0,0,0,0,0,0,0,0,1,0,0,1,0,0,0,0.77
37,1,3,2.4788732394366195,48.724366197183095,118.70267605633802,71.0,14.179033576724732,142,0,2627,1775,1.0,371,0,1,0,0,1,1,0,0,1,0,0,0,0,0,1,0,0,0,0,1,0,0,0,0,1,0,0,0,0,1,0,0,0,0,0.005
60,4,4,3.309859154929577,48.934830204256976,164.31917997195748,17.75,0.2612496050338907,189,52,1135,1793,0.4788732394366197,450,0,1,0,1,0,0,1,0,1,0,0,0,0,1,0,0,0,0,0,1,0,0,0,1,0,0,0,0,0,0,0,0,0,0,0.1
65,2,1,2.464788732394366,52.379295774647886,131.39140845070423,35.5,0.23,0,284,1775,6532,1.0,374,0,1,0,0,1,1,0,0,1,0,0,0,0,0,1,0,0,1,0,0,1,0,0,0,0,0,0,0,0,0,0,0,1,0,0.0
57,8,4,2.7222222222222223,48.75566295005428,130.21385739449872,9.0,0.3258236296043266,149,56,863,1275,0.6666666666666666,610,1,1,0,1,0,0,0,1,0,0,1,0,0,1,0,0,0,0,0,1,0,0,0,1,0,0,0,0,0,0,0,0,1,0,0.115
37,5,2,2.6338028169014085,51.13408450704225,136.0592957746479,14.2,10.56587716784563,213,71,2769,1846,1.0,370,0,1,0,1,0,0,1,0,1,0,0,1,0,0,0,0,1,0,0,0,0,0,0,0,1,0,0,0,0,0,0,0,1,0,0.0
50,14,3,2.5416666666666665,50.461666666666666,128.60069444444446,5.142857142857143,14.842100821543855,360,144,1296,1368,1.0,372,0,1,0,0,1,0,1,0,1,0,0,0,0,1,0,0,1,0,0,0,0,1,0,0,0,0,0,0,0,1,0,0,0,0,0.0
37,1,3,2.986111111111111,50.27417916094438,145.01767637172202,72.0,0.3494310218989546,167,47,2735,2012,0.6666666666666666,712,0,1,0,0,1,1,0,0,1,0,0,0,0,0,1,0,0,0,0,1,0,0,0,0,0,0,0,1,0,0,0,0,1,0,0.145
35,2,3,2.5774647887323945,49.53661971830986,127.1281690140845,35.5,0.25,142,0,710,2982,1.0,491,0,1,0,1,0,0,1,0,0,1,0,0,0,1,0,0,0,0,0,1,0,1,0,0,0,0,0,0,0,1,0,0,0,0,0.99
53,15,2,3.1527777777777777,49.56325167063911,157.52945279764,4.8,0.2619788273971812,165,68,1007,6558,0.5694444444444444,669,0,1,1,0,0,0,1,0,0,0,1,1,0,0,0,1,0,0,0,0,0,0,0,0,0,1,0,0,0,0,0,0,0,0,0.785
57,9,4,2.591549295774648,51.08943661971831,134.7769014084507,7.888888888888888,0.05,213,0,3621,3692,1.0,496,0,1,0,0,1,1,0,0,1,0,0,0,1,0,0,0,0,0,1,0,1,0,0,0,0,0,0,0,0,0,0,1,0,0,1.0
53,10,3,2.5277777777777777,48.94222222222223,119.5351388888889,7.199999999999999,10.95217002357076,0,216,648,5256,1.0,373,0,1,0,1,0,0,1,0,0,0,1,0,0,1,0,1,0,0,0,0,0,0,0,0,0,1,0,0,0,1,0,0,0,0,0.005
34,15,2,2.5694444444444446,49.89541666666666,128.38250000000002,4.8,0.07,288,0,1872,1944,1.0,502,1,1,0,1,0,0,1,0,0,0,1,1,0,0,0,0,1,0,0,0,0,0,0,0,0,0,1,0,0,0,0,0,0,1,0.995
25,1,3,2.486111111111111,48.05319444444444,116.17097222222222,72.0,0.17,504,0,3240,4176,1.0,375,1,1,0,0,1,0,1,0,0,0,1,1,0,0,0,1,0,0,0,0,0,0,1,0,0,0,0,0,0,0,0,0,1,0,0.0
40,6,0,2.708333333333333,50.10680555555555,140.22805555555556,12.0,0.26,288,0,3384,1728,1.0,370,0,1,0,1,0,0,1,0,0,0,1,0,1,0,0,0,0,0,1,0,0,0,0,0,0,0,0,1,0,0,0,0,1,0,0.0
22,2,3,2.513888888888889,51.93,135.9702777777778,36.0,0.24,0,360,1656,5904,1.0,502,0,1,0,1,0,0,1,0,0,1,0,0,0,1,0,0,0,0,0,1,1,0,0,0,0,0,0,0,0,1,0,0,0,0,0.995
40,10,4,2.5774647887323945,47.363098591549296,122.86028169014084,7.1,0.0,0,213,2272,6106,1.0,370,1,1,1,0,0,0,1,0,0,0,1,0,1,0,0,0,0,0,0,1,1,0,0,0,0,0,0,0,0,0,0,1,0,0,0.0
43,12,0,2.6338028169014085,51.78253521126761,134.60112676056335,5.916666666666667,0.08,355,0,2485,1349,1.0,502,0,1,0,0,1,0,1,0,0,0,1,0,0,0,1,0,0,0,0,1,0,0,0,0,0,0,0,0,1,0,0,0,0,1,0.99
69,11,3,2.5492957746478875,48.87591549295775,125.19957746478872,6.454545454545454,0.15,0,142,2556,5467,1.0,383,1,1,0,0,1,0,1,0,1,0,0,0,0,0,1,0,1,0,0,0,1,0,0,0,0,0,0,0,0,0,1,0,0,0,0.015
43,5,1,2.422535211267605,53.81042253521127,127.7161971830986,14.2,0.08,0,284,3124,5467,1.0,491,1,1,0,1,0,1,0,0,0,1,0,0,1,0,0,1,0,0,0,0,1,0,0,0,0,0,0,0,0,0,1,0,0,0,0.98
34,13,4,2.4166666666666665,49.146388888888886,115.67208333333332,5.538461538461538,0.09,144,0,3384,5256,1.0,387,1,1,0,0,1,1,0,0,0,1,0,1,0,0,0,0,0,1,0,0,0,0,0,0,0,0,0,1,0,0,0,0,0,1,0.01
41,11,4,2.422535211267605,49.27845070422535,118.36535211267606,6.454545454545454,0.26,71,0,2130,6248,1.0,383,1,1,0,0,1,1,0,0,0,1,0,0,0,1,0,0,0,0,1,0,0,0,0,1,0,0,0,0,0,0,1,0,0,0,0.005
67,9,1,2.583333333333333,47.50819444444445,121.48583333333332,8.0,0.16,144,0,2376,2592,1.0,517,1,1,0,1,0,0,0,1,0,1,0,0,0,0,1,0,0,1,0,0,0,0,0,0,1,0,0,0,0,1,0,0,0,0,0.995
48,13,3,2.3661971830985915,50.606056338028175,119.26605633802816,5.461538461538462,0.0,0,71,2556,6532,1.0,382,1,1,1,0,0,0,1,0,0,1,0,0,0,0,1,0,1,0,0,0,0,1,0,0,0,0,0,0,0,0,1,0,0,0,0.0
60,10,3,2.3472222222222223,50.81236111111112,117.6001388888889,7.199999999999999,0.18,360,0,3024,2448,1.0,495,0,1,0,1,0,0,0,1,1,0,0,0,0,1,0,0,0,1,0,0,0,0,0,0,1,0,0,0,0,1,0,0,0,0,0.985
23,11,2,2.380281690140845,48.61971830985915,114.37549295774647,6.454545454545454,0.18,0,426,1420,1775,1.0,494,0,1,0,0,1,0,0,1,0,1,0,0,0,1,0,1,0,0,0,0,1,0,0,0,0,0,0,0,0,0,0,1,0,0,0.98
38,1,2,2.4722222222222223,52.77847222222223,130.41819444444445,72.0,0.0,216,0,2232,4968,1.0,503,0,1,0,1,0,1,0,0,0,0,1,0,0,1,0,1,0,0,0,0,0,0,0,0,0,0,1,0,0,0,1,0,0,0,0.98
70,9,0,2.464788732394366,52.85943661971831,131.48028169014086,7.888888888888888,0.2,0,497,1065,2343,1.0,371,0,1,0,0,1,0,0,1,1,0,0,0,0,0,1,1,0,0,0,0,0,0,0,0,0,1,0,0,0,0,0,0,1,0,0.0
64,7,1,2.805555555555556,47.26708333333333,130.00555555555556,10.285714285714286,0.19,144,0,720,2736,1.0,493,0,1,0,0,1,0,1,0,0,1,0,0,1,0,0,0,1,0,0,0,0,0,0,0,0,0,0,1,0,0,1,0,0,0,0.975
40,11,2,2.5277777777777777,52.27,128.7213888888889,6.545454545454546,9.767799181160909,0,216,1224,3240,1.0,372,1,1,0,0,1,1,0,0,0,0,1,0,1,0,0,1,0,0,0,0,0,0,0,0,0,0,0,0,1,0,0,0,0,1,0.005
40,6,2,2.638888888888889,49.738194444444446,128.8723611111111,12.0,9.955841494925746,288,360,3384,7128,1.0,377,1,1,0,0,1,1,0,0,0,1,0,0,0,0,1,0,0,0,0,1,0,0,1,0,0,0,0,0,0,0,0,1,0,0,0.0
36,5,4,2.513888888888889,48.39375,123.4525,14.4,6.181456079389093,648,72,720,5256,1.0,372,0,1,1,0,0,1,0,0,0,0,1,0,0,1,0,0,0,0,1,0,0,0,0,1,0,0,0,0,0,1,0,0,0,0,0.0
40,12,4,2.611111111111111,51.295138888888886,137.30569444444444,6.0,0.0,144,0,3672,3600,1.0,493,0,1,1,0,0,0,1,0,0,0,1,0,0,1,0,0,0,0,0,1,0,0,1,0,0,0,0,0,0,0,0,0,0,1,0.985
53,3,4,2.638888888888889,49.51416666666667,128.62555555555556,24.0,0.13,0,288,1224,4752,1.0,370,1,1,0,0,1,1,0,0,0,0,1,0,1,0,0,1,0,0,0,0,0,0,0,0,0,0,0,0,1,0,0,0,1,0,0.0
37,9,4,2.638888888888889,51.00055555555556,136.39944444444444,8.0,0.25,216,0,648,5112,1.0,371,1,1,0,1,0,0,1,0,0,0,1,1,0,0,0,0,0,0,0,1,0,0,0,0,0,1,0,0,0,1,0,0,0,0,0.005
61,15,3,2.5492957746478875,49.15774647887324,123.9556338028169,4.733333333333333,6.043439896799889,71,284,1491,5964,1.0,370,1,1,0,0,1,1,0,0,0,1,0,0,1,0,0,0,0,1,0,0,0,0,0,0,0,0,1,0,0,0,0,0,0,1,0.0
61,8,1,2.605633802816901,51.72281690140845,132.26605633802816,8.875,0.17,355,0,2769,1917,1.0,493,1,1,0,0,1,0,1,0,0,1,0,0,0,1,0,0,1,0,0,0,0,0,0,0,1,0,0,0,0,0,0,1,0,0,0.98
25,1,2,2.486111111111111,49.049166666666665,121.42666666666666,72.0,0.13,216,0,1512,4968,1.0,499,0,1,1,0,0,0,0,1,0,0,1,1,0,0,0,0,0,0,1,0,0,0,0,0,0,0,0,0,1,0,1,0,0,0,1.0
51,1,2,2.5492957746478875,50.32760563380282,131.60323943661973,71.0,0.05,355,0,1491,6461,1.0,372,1,1,0,1,0,1,0,0,0,1,0,0,0,0,1,0,0,0,1,0,0,0,0,0,0,0,0,1,0,1,0,0,0,0,0.0
50,14,3,2.4444444444444446,47.344027777777775,112.07916666666668,5.142857142857143,14.842100821543855,360,144,1296,1368,1.0,373,0,1,0,0,1,0,1,0,1,0,0,0,0,1,0,0,1,0,0,0,1,0,0,0,0,0,0,0,0,1,0,0,0,0,0.0
41,10,1,2.5972222222222223,52.775416666666665,138.34333333333333,7.199999999999999,0.16,144,0,576,6264,1.0,375,1,1,1,0,0,1,0,0,0,0,1,0,0,0,1,0,0,1,0,0,0,1,0,0,0,0,0,0,0,0,0,0,0,1,0.005
27,7,1,2.361111111111111,48.73513888888888,111.33902777777776,10.285714285714286,0.29,72,0,2664,2232,1.0,378,1,1,0,1,0,1,0,0,1,0,0,0,0,0,1,1,0,0,0,0,0,0,0,0,0,0,0,0,1,0,0,1,0,0,0.015
34,10,4,2.4788732394366195,52.40507042253522,130.49971830985916,7.1,13.629738377996562,284,71,1988,1207,1.0,375,1,1,0,1,0,1,0,0,0,0,1,1,0,0,0,0,0,1,0,0,0,0,0,0,0,0,0,0,1,0,0,0,0,1,0.005
58,12,1,2.9722222222222223,50.65534174539171,152.24837539362522,6.0,0.304349692760788,136,79,647,5105,0.5694444444444444,651,0,1,1,0,0,0,1,0,0,1,0,0,0,0,1,0,0,0,0,1,0,0,0,1,0,0,0,0,0,0,0,0,0,0,0.81
59,13,1,2.5211267605633805,47.31704225352113,114.09788732394364,5.461538461538462,0.02,142,0,639,5822,1.0,370,0,1,0,0,1,0,1,0,0,0,1,0,0,0,1,0,1,0,0,0,0,0,1,0,0,0,0,0,0,1,0,0,0,0,0.0
32,2,1,2.676056338028169,48.86619718309859,130.63267605633803,35.5,0.13,426,0,3337,5325,1.0,371,0,1,0,0,1,0,0,1,0,1,0,0,0,1,0,0,1,0,0,0,0,0,0,0,1,0,0,0,0,0,0,1,0,0,0.0
47,3,4,2.591549295774648,49.97830985915493,128.9649295774648,23.666666666666668,0.06,284,0,639,1775,1.0,493,0,1,0,1,0,1,0,0,1,0,0,0,0,0,1,0,1,0,0,0,1,0,0,0,0,0,0,0,0,0,1,0,0,0,0.99
38,8,2,2.5774647887323945,51.86338028169014,131.6161971830986,8.875,11.0820626280203,213,497,355,1207,1.0,372,0,1,1,0,0,1,0,0,1,0,0,0,0,1,0,0,0,1,0,0,0,0,0,0,0,1,0,0,0,0,0,0,1,0,0.0
19,9,3,2.309859154929577,47.09661971830986,114.22718309859157,7.888888888888888,0.03,0,71,1775,1917,1.0,380,1,1,1,0,0,1,0,0,0,0,1,0,1,0,0,0,0,0,1,0,0,0,1,0,0,0,0,0,0,0,1,0,0,0,0.035
68,3,3,2.5,52.97888888888889,128.50361111111113,24.0,0.04,288,0,648,3384,1.0,370,0,1,1,0,0,0,1,0,0,0,1,0,1,0,0,0,0,0,1,0,0,0,0,0,0,0,1,0,0,0,0,1,0,0,0.015
49,2,0,2.458333333333333,51.129444444444445,127.92958333333334,36.0,0.11,288,0,2808,2232,1.0,372,1,1,0,0,1,0,0,1,1,0,0,1,0,0,0,1,0,0,0,0,0,0,0,1,0,0,0,0,0,1,0,0,0,0,0.0
50,7,3,2.6666666666666665,51.24111111111111,135.7627777777778,10.285714285714286,0.03,144,0,2808,6264,1.0,388,1,1,1,0,0,0,1,0,0,0,1,0,0,1,0,0,0,0,0,1,0,0,0,0,0,0,0,1,0,1,0,0,0,0,0.01
40,15,3,3.013888888888889,45.84955142070536,139.2105348813046,4.8,0.337368808325974,132,90,2807,1868,0.6666666666666666,858,0,1,0,0,1,0,0,1,1,0,0,0,0,0,1,0,0,1,0,0,1,0,0,0,0,0,0,0,0,0,0,0,1,0,0.785
24,10,3,2.5694444444444446,51.49319444444444,132.46625,7.199999999999999,0.17,0,144,1584,5616,1.0,495,1,1,0,0,1,0,1,0,0,0,1,0,0,0,1,0,0,0,0,1,0,0,0,1,0,0,0,0,0,0,0,0,0,1,1.0
41,11,2,2.492957746478873,47.3143661971831,111.1656338028169,6.454545454545454,0.28,0,142,1704,4828,1.0,375,1,1,1,0,0,0,1,0,0,1,0,1,0,0,0,0,0,0,0,1,0,0,1,0,0,0,0,0,0,0,0,0,1,0,0.005
19,8,2,2.3661971830985915,50.5943661971831,119.48957746478874,8.875,0.29,71,0,1917,1491,1.0,371,1,1,1,0,0,0,0,1,0,0,1,0,0,1,0,0,0,0,0,1,0,0,0,0,1,0,0,0,0,0,1,0,0,0,0.005
18,3,3,2.5774647887323945,49.9187323943662,130.9567605633803,23.666666666666668,0.3,284,0,1704,5538,1.0,507,0,1,0,1,0,1,0,0,0,1,0,0,0,0,1,1,0,0,0,0,0,0,0,0,0,0,0,1,0,0,1,0,0,0,0.995
33,8,0,2.611111111111111,49.9175,131.26708333333332,9.0,11.40714310886413,360,144,3096,2232,1.0,374,0,1,1,0,0,0,0,1,1,0,0,0,0,0,1,0,0,1,0,0,0,0,0,0,0,0,0,0,1,0,0,1,0,0,0.0
32,7,1,2.5211267605633805,49.21929577464789,125.05732394366196,10.142857142857142,0.05,213,0,781,4189,1.0,492,0,1,0,0,1,1,0,0,1,0,0,0,0,0,1,0,0,1,0,0,0,0,0,0,0,0,0,1,0,0,0,0,0,1,1.0
51,9,2,2.763888888888889,51.35916666666667,139.91944444444445,8.0,0.14,216,0,1944,1296,1.0,374,0,1,0,0,1,0,0,1,1,0,0,0,0,0,1,1,0,0,0,0,0,0,0,0,0,0,1,0,0,0,0,0,0,1,0.025
35,14,1,2.388888888888889,50.615138888888886,121.44388888888888,5.142857142857143,0.05,432,0,3456,4896,1.0,374,1,1,0,1,0,0,1,0,1,0,0,0,0,0,1,1,0,0,0,0,0,0,1,0,0,0,0,0,0,0,0,0,1,0,0.005
64,7,1,2.507042253521127,52.04816901408451,131.5187323943662,10.142857142857142,0.19,142,0,710,2698,1.0,503,0,1,0,0,1,0,1,0,0,1,0,0,1,0,0,0,1,0,0,0,0,0,0,0,0,0,0,0,1,0,0,1,0,0,0.985
50,7,1,2.6338028169014085,47.72,126.5892957746479,10.142857142857142,0.14,142,0,2840,3266,1.0,378,1,1,0,1,0,0,1,0,0,0,1,0,0,1,0,1,0,0,0,0,0,0,0,0,0,0,1,0,0,0,0,1,0,0,0.005
66,1,2,2.971830985915493,50.28175490681389,147.5302703770081,71.0,0.2628565558909402,132,94,993,5321,0.5774647887323944,566,1,1,0,0,1,0,1,0,1,0,0,0,0,1,0,1,0,0,0,0,0,1,0,0,0,0,0,0,0,0,0,0,0,0,0.11
40,15,3,2.4507042253521125,52.186056338028166,129.68521126760564,4.733333333333333,0.16,426,0,2769,2059,1.0,501,0,1,0,0,1,0,0,1,1,0,0,0,0,0,1,0,0,1,0,0,0,0,0,1,0,0,0,0,0,1,0,0,0,0,0.985
20,13,1,2.535211267605634,45.98901408450704,114.54140845070422,5.461538461538462,0.28,284,0,710,6461,1.0,372,0,1,0,0,1,1,0,0,1,0,0,0,0,1,0,0,1,0,0,0,0,0,0,0,0,0,1,0,0,1,0,0,0,0,0.005
68,2,3,2.486111111111111,52.15569444444444,130.73819444444445,36.0,0.08,0,72,864,1512,1.0,370,1,1,0,0,1,0,1,0,0,1,0,0,0,0,1,0,0,1,0,0,0,0,0,0,1,0,0,0,0,0,0,0,0,1,0.0
21,5,4,2.4788732394366195,48.62140845070422,121.05732394366196,14.2,0.28,71,0,852,6674,1.0,393,0,1,0,1,0,1,0,0,1,0,0,0,1,0,0,0,1,0,0,0,0,0,0,0,0,0,0,1,0,0,1,0,0,0,0.005
34,13,4,2.611111111111111,51.77902777777778,135.73777777777778,5.538461538461538,0.09,144,0,3384,5256,1.0,372,1,1,0,0,1,1,0,0,0,1,0,1,0,0,0,0,0,1,0,0,0,0,0,1,0,0,0,0,0,0,0,0,1,0,0.0
49,14,4,2.619718309859155,48.60647887323944,127.28323943661972,5.071428571428571,0.22,142,0,1988,1917,1.0,491,1,1,1,0,0,0,0,1,0,1,0,1,0,0,0,0,1,0,0,0,0,0,0,0,1,0,0,0,0,0,0,0,0,1,0.995
40,3,0,2.430555555555556,49.13513888888889,121.77569444444444,24.0,13.281031919823771,648,432,432,3888,1.0,376,1,1,0,0,1,1,0,0,0,1,0,0,0,0,1,0,1,0,0,0,1,0,0,0,0,0,0,0,0,0,0,0,0,1,0.0
45,6,4,2.486111111111111,52.08486111111111,132.16152777777776,12.0,10.205508242254684,0,504,1800,5472,1.0,375,1,1,0,1,0,1,0,0,0,0,1,0,0,0,1,0,0,1,0,0,0,0,0,0,0,0,0,0,1,1,0,0,0,0,0.0
36,3,0,2.788732394366197,49.47521126760563,140.85197183098592,23.666666666666668,0.21,0,284,3266,2698,1.0,383,1,1,0,0,1,1,0,0,1,0,0,0,1,0,0,0,0,0,0,1,0,0,1,0,0,0,0,0,0,0,0,1,0,0,0.01
61,2,4,2.2777777777777777,46.35,105.87986111111113,36.0,0.24,216,0,2664,6120,1.0,497,1,1,1,0,0,0,1,0,0,0,1,0,0,1,0,0,0,1,0,0,0,0,0,1,0,0,0,0,0,1,0,0,0,0,0.97
22,14,0,2.380281690140845,47.680281690140845,114.02267605633804,5.071428571428571,0.02,71,0,2840,1775,1.0,377,0,1,1,0,0,1,0,0,1,0,0,0,0,0,1,0,0,1,0,0,0,0,0,1,0,0,0,0,0,0,0,0,0,1,0.005
31,8,4,2.888888888888889,50.548577366800686,147.05253765595762,9.0,0.3247613047035972,157,56,3527,5965,0.5833333333333334,680,1,1,1,0,0,0,1,0,1,0,0,0,1,0,0,0,1,0,0,0,0,0,0,1,0,0,0,0,0,0,0,0,0,0,0.085
43,12,2,2.507042253521127,50.2074647887324,125.69957746478872,5.916666666666667,0.12,213,0,3053,2627,1.0,520,1,1,0,1,0,0,1,0,1,0,0,0,0,1,0,0,0,0,0,1,0,0,0,0,0,0,1,0,0,0,0,0,0,1,1.0
28,13,2,2.507042253521127,51.4056338028169,127.10253521126762,5.461538461538462,5.674058651816404,142,213,1349,710,1.0,379,1,1,0,0,1,0,0,1,0,0,1,0,0,1,0,0,0,0,0,1,0,0,0,1,0,0,0,0,0,1,0,0,0,0,0.0
52,9,1,2.5492957746478875,48.30380281690141,123.4361971830986,7.888888888888888,0.11,142,0,1491,5538,1.0,372,1,1,0,0,1,0,0,1,0,0,1,1,0,0,0,0,0,0,0,1,0,0,0,1,0,0,0,0,0,0,1,0,0,0,0.0
52,10,0,2.9027777777777777,51.62126034423508,146.78852394339765,7.199999999999999,0.3456469607962471,131,84,3239,3372,0.5555555555555556,597,0,1,1,0,0,0,1,0,0,0,1,0,1,0,0,1,0,0,0,0,0,0,0,0,0,0,0,1,0,0,0,0,0,0,0.115
36,5,4,2.676056338028169,48.37915492957747,127.36352112676056,14.2,6.181456079389093,639,71,710,5183,1.0,370,0,1,1,0,0,1,0,0,0,0,1,0,0,1,0,0,0,0,1,0,0,0,0,0,0,0,1,0,0,1,0,0,0,0,0.0
52,7,1,2.2816901408450705,49.60140845070422,115.62352112676056,10.142857142857142,0.2,142,0,1704,1349,1.0,372,1,1,0,1,0,0,1,0,1,0,0,1,0,0,0,0,0,0,0,1,0,1,0,0,0,0,0,0,0,0,0,1,0,0,0.02
35,9,4,2.788732394366197,47.04901408450704,132.24816901408448,7.888888888888888,0.27,284,0,3408,6532,1.0,374,1,1,1,0,0,1,0,0,0,1,0,0,0,1,0,0,0,1,0,0,0,0,0,0,1,0,0,0,0,0,0,0,1,0,0.005
40,6,0,2.9444444444444446,48.219313919860994,139.72308064847186,12.0,0.2380874063539963,175,53,3383,1649,0.5972222222222222,858,0,1,0,1,0,0,1,0,0,0,1,0,1,0,0,0,0,0,1,0,0,0,1,0,0,0,0,0,0,0,0,0,0,0,0.11
39,4,0,2.5211267605633805,53.027323943661976,132.44985915492958,17.75,0.18,142,0,852,5822,1.0,491,1,1,0,1,0,1,0,0,0,0,1,0,0,1,0,0,1,0,0,0,0,0,0,0,1,0,0,0,0,0,0,0,1,0,0.985
33,12,1,2.704225352112676,52.85084507042253,146.31014084507044,5.916666666666667,0.09,0,142,2911,4473,1.0,371,1,1,1,0,0,0,1,0,1,0,0,1,0,0,0,0,0,0,1,0,0,0,0,0,1,0,0,0,0,0,0,0,1,0,0.0
49,11,4,2.5492957746478875,49.29295774647888,128.57507042253522,6.454545454545454,10.416272228669367,213,355,2840,4615,1.0,373,0,1,0,1,0,0,0,1,0,1,0,1,0,0,0,0,0,0,0,1,0,0,0,0,0,0,0,0,1,1,0,0,0,0,0.0
18,3,3,2.6944444444444446,53.81972222222223,138.0701388888889,24.0,0.3,288,0,1728,5616,1.0,513,0,1,0,1,0,1,0,0,0,1,0,0,0,0,1,1,0,0,0,0,0,1,0,0,0,0,0,0,0,0,0,0,1,0,0.985
34,15,2,2.611111111111111,49.476527777777775,128.42083333333332,4.8,0.07,288,0,1872,1944,1.0,495,1,1,0,1,0,0,1,0,0,0,1,1,0,0,0,0,1,0,0,0,1,0,0,0,0,0,0,0,0,0,1,0,0,0,1.0
33,5,4,2.4166666666666665,45.730694444444445,109.57513888888889,14.4,0.13,0,288,864,1872,1.0,379,0,1,1,0,0,0,1,0,0,1,0,0,0,0,1,0,1,0,0,0,0,0,0,0,0,1,0,0,0,0,0,1,0,0,0.01
57,11,2,3.0972222222222223,51.08562292121674,153.68520625455005,6.545454545454546,0.2705915726106602,150,80,3455,6702,0.6111111111111112,687,1,1,0,0,1,0,0,1,0,0,1,0,0,0,1,0,1,0,0,0,0,0,0,1,0,0,0,0,0,0,0,0,0,0,0.165
31,3,3,2.619718309859155,52.433661971830986,136.6532394366197,23.666666666666668,0.03,284,0,2840,1491,1.0,372,1,1,1,0,0,0,1,0,0,0,1,0,0,0,1,0,1,0,0,0,0,0,0,0,0,0,0,1,0,0,1,0,0,0,0.005
41,3,3,2.7916666666666665,50.92305555555556,136.42694444444444,24.0,7.683813403410544,72,504,3384,3168,1.0,373,1,1,0,1,0,1,0,0,1,0,0,1,0,0,0,1,0,0,0,0,1,0,0,0,0,0,0,0,0,0,1,0,0,0,0.0
32,2,0,2.4788732394366195,46.82549295774648,117.25309859154927,35.5,5.848132087047908,710,0,710,5467,1.0,372,0,1,0,1,0,0,1,0,0,0,1,0,0,1,0,0,0,0,0,1,0,0,0,0,0,0,0,0,1,0,0,0,1,0,0.0
41,10,1,2.680555555555556,45.121944444444445,122.15208333333334,7.199999999999999,0.16,144,0,576,6264,1.0,372,1,1,1,0,0,1,0,0,0,0,1,0,0,0,1,0,0,1,0,0,0,1,0,0,0,0,0,0,0,1,0,0,0,0,0.005
55,5,1,2.605633802816901,49.43943661971831,131.53281690140844,14.2,0.08,142,0,1917,2911,1.0,370,0,1,0,0,1,0,1,0,1,0,0,0,0,0,1,0,0,0,0,1,0,1,0,0,0,0,0,0,0,1,0,0,0,0,0.0
64,7,0,2.958333333333333,55.14902915340384,158.18361386236325,10.285714285714286,0.3391920232995311,152,65,2807,1363,0.5833333333333334,786,1,1,1,0,0,1,0,0,0,0,1,1,0,0,0,1,0,0,0,0,0,0,0,1,0,0,0,0,0,0,0,0,0,0,0.12
49,3,1,2.6619718309859155,46.767042253521126,123.06394366197183,23.666666666666668,0.26,0,71,3408,6461,1.0,372,0,1,0,0,1,1,0,0,0,1,0,0,0,1,0,0,1,0,0,0,0,0,1,0,0,0,0,0,0,0,1,0,0,0,0.0
21,1,2,2.492957746478873,49.38098591549296,124.29802816901407,71.0,0.02,0,71,2556,1704,1.0,370,0,1,1,0,0,0,0,1,1,0,0,0,0,1,0,1,0,0,0,0,0,1,0,0,0,0,0,0,0,0,0,0,1,0,0.005
36,3,0,2.486111111111111,47.85125,120.8697222222222,24.0,0.21,0,288,3312,2736,1.0,374,1,1,0,0,1,1,0,0,1,0,0,0,1,0,0,0,0,0,0,1,0,0,0,0,0,0,1,0,0,0,1,0,0,0,0.0
61,8,1,3.0277777777777777,55.97130180853801,173.31012015380114,9.0,0.2260339068927517,166,51,2807,1797,0.6111111111111112,591,1,1,0,0,1,0,1,0,0,1,0,0,0,1,0,0,1,0,0,0,0,1,0,0,0,0,0,0,0,0,0,0,0,0,0.84
29,14,4,2.6527777777777777,47.82541666666666,127.3325,5.142857142857143,0.03,144,0,1296,6984,1.0,371,1,1,1,0,0,0,1,0,0,0,1,0,1,0,0,0,0,0,0,1,0,0,0,0,0,0,0,0,1,1,0,0,0,0,0.015
60,10,3,2.5277777777777777,54.56166666666667,141.86208333333332,7.199999999999999,0.18,360,0,3024,2448,1.0,491,0,1,0,1,0,0,0,1,1,0,0,0,0,1,0,0,0,1,0,0,0,0,0,1,0,0,0,0,0,0,0,0,1,0,1.0
57,6,0,2.986111111111111,47.56437809583633,142.0372284138949,12.0,0.281152187235777,155,76,1583,1005,0.5555555555555556,586,1,1,0,0,1,0,1,0,0,1,0,0,0,0,1,0,0,0,1,0,0,0,0,0,0,0,0,1,0,0,0,0,0,0,0.1
32,7,1,2.619718309859155,48.92774647887324,132.5301408450704,10.142857142857142,0.05,213,0,781,4189,1.0,503,0,1,0,0,1,1,0,0,1,0,0,0,0,0,1,0,0,1,0,0,0,0,0,0,0,1,0,0,0,1,0,0,0,0,0.995
65,15,2,2.5416666666666665,53.09888888888889,134.14708333333334,4.8,0.03,0,144,2880,2232,1.0,379,1,1,0,1,0,0,0,1,0,0,1,0,0,1,0,0,0,0,1,0,0,0,0,1,0,0,0,0,0,0,0,0,0,1,0.0
22,14,4,2.7746478873239435,51.6274647887324,141.32295774647886,5.071428571428571,0.2,213,0,2698,5112,1.0,498,1,1,0,1,0,1,0,0,0,1,0,1,0,0,0,0,1,0,0,0,0,1,0,0,0,0,0,0,0,0,0,1,0,0,0.995
55,5,1,3.014084507042253,49.84981312018782,147.70638680375592,14.2,0.2945989108373616,148,74,1916,2981,0.5915492957746479,574,0,1,0,0,1,0,1,0,1,0,0,0,0,0,1,0,0,0,0,1,0,0,0,1,0,0,0,0,0,0,0,0,0,0,0.095
48,3,2,2.5277777777777777,54.19486111111112,136.95277777777778,24.0,0.11,288,0,3312,7416,1.0,381,0,1,0,1,0,0,1,0,0,1,0,0,1,0,0,0,0,0,1,0,1,0,0,0,0,0,0,0,0,0,0,0,0,1,0.0
27,10,1,2.333333333333333,49.961666666666666,116.8309722222222,7.199999999999999,0.22,144,0,1512,2160,1.0,490,0,1,0,1,0,0,0,1,0,1,0,0,1,0,0,0,0,0,1,0,0,0,0,0,0,1,0,0,0,0,0,1,0,0,0.995
56,6,1,2.732394366197183,52.39267605633803,146.81,11.833333333333334,0.1,284,0,1278,2627,1.0,492,0,1,0,1,0,1,0,0,1,0,0,0,0,1,0,0,0,1,0,0,0,0,1,0,0,0,0,0,0,0,0,0,1,0,0.995
54,1,2,2.375,50.29944444444445,121.75347222222224,72.0,0.01,72,0,3168,6624,1.0,371,0,1,1,0,0,1,0,0,1,0,0,1,0,0,0,0,1,0,0,0,0,0,0,0,0,0,0,1,0,0,1,0,0,0,0.005
49,2,0,2.535211267605634,48.78732394366197,123.73450704225353,35.5,0.11,284,0,2769,2201,1.0,371,1,1,0,0,1,0,0,1,1,0,0,1,0,0,0,1,0,0,0,0,0,0,0,0,0,0,1,0,0,0,1,0,0,0,0.005
21,9,0,2.625,51.33166666666667,133.28430555555553,8.0,0.01,288,0,1800,4248,1.0,378,1,1,0,0,1,0,1,0,0,0,1,1,0,0,0,0,0,1,0,0,0,1,0,0,0,0,0,0,0,0,0,0,0,1,0.01
58,9,2,2.507042253521127,49.53887323943663,124.273661971831,7.888888888888888,14.395116291075151,355,355,3266,1846,1.0,374,0,1,0,0,1,1,0,0,0,1,0,0,0,0,1,0,0,0,0,1,0,1,0,0,0,0,0,0,0,0,0,1,0,0,0.0
69,13,4,2.464788732394366,50.08267605633802,123.40450704225351,5.461538461538462,0.16,0,355,1704,4544,1.0,374,1,1,0,1,0,1,0,0,1,0,0,0,0,1,0,0,1,0,0,0,0,1,0,0,0,0,0,0,0,1,0,0,0,0,0.0
51,1,3,2.5211267605633805,48.11154929577465,121.78478873239436,71.0,5.800870915786277,639,426,2272,2982,1.0,373,0,1,0,0,1,1,0,0,0,1,0,0,0,1,0,0,1,0,0,0,0,0,0,0,0,0,0,0,1,0,0,1,0,0,0.0
36,5,4,2.5416666666666665,50.38513888888889,129.35222222222222,14.4,6.181456079389093,648,72,720,5256,1.0,374,0,1,1,0,0,1,0,0,0,0,1,0,0,1,0,0,0,0,1,0,0,1,0,0,0,0,0,0,0,0,1,0,0,0,0.0
50,6,4,2.436619718309859,47.56507042253521,112.13591549295774,11.833333333333334,0.04,213,0,1704,3479,1.0,373,1,1,0,0,1,1,0,0,1,0,0,0,1,0,0,0,0,1,0,0,0,0,0,0,1,0,0,0,0,0,1,0,0,0,0.005
60,5,4,2.676056338028169,50.59295774647888,135.10591549295776,14.2,0.02,71,0,3479,3692,1.0,492,0,1,0,1,0,0,1,0,1,0,0,1,0,0,0,0,0,1,0,0,0,0,0,0,0,0,1,0,0,0,0,0,1,0,0.995
35,12,3,3.014084507042253,48.8260108951873,144.83662423485768,5.916666666666667,0.2810320218510709,132,85,3336,5465,0.5211267605633803,551,1,1,0,1,0,1,0,0,0,1,0,1,0,0,0,0,1,0,0,0,0,0,0,1,0,0,0,0,0,0,0,0,0,0,0.775
30,1,0,2.4444444444444446,48.88291666666667,114.66680555555556,72.0,0.15,0,216,3384,2016,1.0,383,1,1,0,1,0,0,0,1,1,0,0,0,1,0,0,0,0,1,0,0,0,0,1,0,0,0,0,0,0,0,0,1,0,0,0.005
58,2,4,2.555555555555556,48.941805555555554,124.23597222222222,36.0,14.23906493009916,288,576,1224,4176,1.0,371,1,1,0,1,0,1,0,0,0,0,1,0,1,0,0,0,0,0,1,0,0,0,0,0,0,0,0,1,0,1,0,0,0,0,0.0
35,9,4,3.0422535211267605,51.95987494755462,163.1551178004103,7.888888888888888,0.2284826403622223,148,67,3407,6461,0.6901408450704225,531,1,1,1,0,0,1,0,0,0,1,0,0,0,1,0,0,0,1,0,0,0,0,0,0,0,0,0,1,0,0,1,0,0,0,0.095
47,3,4,2.4788732394366195,51.5856338028169,127.30535211267606,23.666666666666668,0.06,284,0,639,1775,1.0,504,0,1,0,1,0,1,0,0,1,0,0,0,0,0,1,0,1,0,0,0,0,0,1,0,0,0,0,0,0,1,0,0,0,0,1.0
46,14,3,2.887323943661972,48.78649928482256,137.72032251330708,5.071428571428571,0.3064398422249269,149,71,2768,1623,0.6056338028169014,432,0,1,1,0,0,0,1,0,1,0,0,0,1,0,0,0,0,1,0,0,0,0,0,0,0,1,0,0,0,0,0,0,0,0,0.07
21,1,0,2.8194444444444446,46.57139530899738,129.97724148254773,72.0,0.2867675866215853,143,66,2951,5744,0.6388888888888888,781,0,1,1,0,0,0,0,1,1,0,0,1,0,0,0,0,0,0,1,0,0,0,0,0,0,1,0,0,0,0,0,0,0,0,0.805
40,15,3,2.4166666666666665,51.16097222222223,119.37847222222224,4.8,0.16,432,0,2808,2088,1.0,491,0,1,0,0,1,0,0,1,1,0,0,0,0,0,1,0,0,1,0,0,0,0,0,0,0,1,0,0,0,0,0,0,1,0,0.985
64,12,2,2.9722222222222223,48.88572432732338,146.67647853752567,6.0,0.3202720735950717,158,58,1727,2803,0.5138888888888888,838,0,1,0,1,0,0,0,1,0,1,0,1,0,0,0,0,0,0,1,0,0,0,0,1,0,0,0,0,0,0,0,0,0,0,0.125
33,1,2,2.422535211267605,51.63154929577465,127.94845070422537,71.0,0.04,142,0,2982,4047,1.0,372,1,1,0,0,1,0,0,1,1,0,0,0,0,1,0,0,1,0,0,0,0,0,0,1,0,0,0,0,0,0,0,0,0,1,0.0
49,14,4,2.943661971830986,48.26605633802816,141.81408450704225,5.071428571428571,0.22,142,0,1988,1917,1.0,492,1,1,1,0,0,0,0,1,0,1,0,1,0,0,0,0,1,0,0,0,0,0,0,0,0,0,0,1,0,0,0,0,1,0,0.99
45,3,1,2.380281690140845,50.28732394366197,118.12267605633802,23.666666666666668,0.25,142,0,3408,1349,1.0,374,0,1,0,1,0,0,1,0,0,1,0,0,0,1,0,0,0,0,1,0,0,0,0,0,0,0,1,0,0,1,0,0,0,0,0.0
60,1,2,2.805555555555556,52.245694444444446,143.86833333333334,72.0,0.03,0,144,2592,6768,1.0,490,1,1,0,0,1,0,0,1,0,1,0,0,1,0,0,1,0,0,0,0,0,1,0,0,0,0,0,0,0,0,1,0,0,0,0.96
25,15,1,2.4027777777777777,51.11763888888888,125.08486111111112,4.8,0.29,0,432,720,6984,1.0,370,0,1,0,1,0,0,0,1,0,0,1,0,1,0,0,1,0,0,0,0,0,0,1,0,0,0,0,0,0,0,1,0,0,0,0.0
62,14,3,2.5492957746478875,47.76098591549296,123.76140845070422,5.071428571428571,0.27,71,0,3337,2201,1.0,373,1,1,0,1,0,0,1,0,0,1,0,1,0,0,0,0,0,0,0,1,0,0,0,0,0,0,0,0,1,0,0,0,1,0,0.02
56,7,1,3.3661971830985915,49.8687421434588,162.88777572615106,10.142857142857142,0.326822507440198,165,79,2058,6697,0.6338028169014085,428,1,1,0,0,1,0,1,0,1,0,0,0,0,0,1,0,0,0,1,0,0,0,0,0,0,0,0,1,0,0,0,0,0,0,0.055
36,4,4,2.9577464788732395,53.08322748796572,148.2358676983418,17.75,0.3187414091083,168,50,3336,7093,0.5633802816901409,531,1,1,0,1,0,0,0,1,0,0,1,0,0,1,0,0,0,1,0,0,0,0,0,1,0,0,0,0,0,0,0,0,0,0,0.14
37,1,4,2.458333333333333,49.281666666666666,120.36180555555556,72.0,8.974730559275262,720,576,3024,3168,1.0,372,0,1,0,0,1,0,0,1,0,0,1,1,0,0,0,1,0,0,0,0,0,0,1,0,0,0,0,0,0,0,0,1,0,0,0.0
57,12,3,2.4722222222222223,53.36986111111111,134.32777777777778,6.0,0.01,216,0,2304,7272,1.0,380,0,1,1,0,0,0,1,0,0,0,1,1,0,0,0,1,0,0,0,0,0,1,0,0,0,0,0,0,0,0,0,0,0,1,0.01
57,10,1,2.704225352112676,48.5443661971831,129.5980281690141,7.1,0.17,213,0,2414,4757,1.0,502,1,1,0,1,0,1,0,0,1,0,0,0,0,0,1,0,0,1,0,0,1,0,0,0,0,0,0,0,0,0,1,0,0,0,0.995
32,2,1,2.464788732394366,47.26450704225353,115.48309859154928,35.5,0.13,426,0,3337,5325,1.0,371,0,1,0,0,1,0,0,1,0,1,0,0,0,1,0,0,1,0,0,0,0,0,0,0,1,0,0,0,0,0,1,0,0,0,0.0
43,12,0,2.563380281690141,51.75408450704225,131.58830985915495,5.916666666666667,0.08,355,0,2485,1349,1.0,495,0,1,0,0,1,0,1,0,0,0,1,0,0,0,1,0,0,0,0,1,0,1,0,0,0,0,0,0,0,0,0,1,0,0,0.985
32,2,0,2.563380281690141,52.07718309859155,129.19225352112676,35.5,0.1,213,0,3266,4828,1.0,490,1,1,1,0,0,1,0,0,1,0,0,0,0,1,0,0,0,0,1,0,0,0,0,0,0,0,0,1,0,0,0,1,0,0,0.995
66,11,1,2.958333333333333,50.96967521044931,151.06245084179724,6.545454545454546,0.3471557425102858,164,60,3023,7337,0.5555555555555556,687,1,1,0,1,0,1,0,0,0,0,1,1,0,0,0,0,0,1,0,0,0,0,1,0,0,0,0,0,0,0,0,0,0,0,0.775
60,1,2,2.507042253521127,48.1643661971831,121.78704225352112,71.0,0.03,0,142,2556,6674,1.0,493,1,1,0,0,1,0,0,1,0,1,0,0,1,0,0,1,0,0,0,0,0,0,0,0,0,0,1,0,0,0,0,1,0,0,0.975
29,2,3,2.5492957746478875,49.53169014084507,123.94028169014084,35.5,11.112086948137222,568,426,1633,4544,1.0,371,1,1,1,0,0,1,0,0,0,0,1,0,1,0,0,0,0,1,0,0,0,0,1,0,0,0,0,0,0,0,0,0,0,1,0.0
44,15,3,2.6527777777777777,48.09902777777778,128.3141666666667,4.8,0.13,0,216,1512,5760,1.0,494,1,1,0,0,1,0,1,0,0,0,1,1,0,0,0,1,0,0,0,0,0,0,0,1,0,0,0,0,0,0,0,0,1,0,0.99
54,4,1,2.380281690140845,49.058873239436615,116.65281690140846,17.75,0.11,142,0,852,4118,1.0,374,1,1,1,0,0,1,0,0,1,0,0,1,0,0,0,1,0,0,0,0,0,0,1,0,0,0,0,0,0,0,0,0,1,0,0.0
42,5,1,2.5416666666666665,52.58583333333333,136.52652777777777,14.4,5.925676610997473,360,216,1800,1944,1.0,375,1,1,0,1,0,1,0,0,0,0,1,0,0,0,1,0,0,0,1,0,0,0,0,1,0,0,0,0,0,1,0,0,0,0,0.0
70,1,0,2.436619718309859,51.95098591549296,127.7749295774648,71.0,0.03,0,71,1491,1633,1.0,370,1,1,0,0,1,0,0,1,1,0,0,0,0,1,0,0,0,0,0,1,0,1,0,0,0,0,0,0,0,0,0,0,1,0,0.0
66,11,2,2.486111111111111,50.62486111111111,124.43569444444444,6.545454545454546,5.520176522913397,504,72,3240,4464,1.0,371,1,1,0,0,1,1,0,0,0,1,0,0,0,1,0,0,0,1,0,0,0,0,0,0,0,1,0,0,0,0,0,1,0,0,0.0
70,6,1,2.458333333333333,46.25861111111111,112.95125,12.0,7.593953421698728,360,432,3384,792,1.0,380,0,1,1,0,0,1,0,0,0,0,1,0,0,0,1,0,0,0,1,0,0,0,0,0,0,0,0,0,1,1,0,0,0,0,0.0
57,14,4,2.422535211267605,51.9543661971831,123.93,5.071428571428571,0.11,284,0,1349,6248,1.0,374,1,1,1,0,0,1,0,0,0,1,0,0,1,0,0,0,0,0,0,1,0,0,0,0,0,1,0,0,0,0,1,0,0,0,0.005
46,9,3,2.5972222222222223,50.355555555555554,126.19208333333331,8.0,0.23,144,0,3672,6840,1.0,372,0,1,1,0,0,1,0,0,0,0,1,0,1,0,0,0,0,0,0,1,0,1,0,0,0,0,0,0,0,0,0,1,0,0,0.005
36,4,4,2.7464788732394365,44.23788732394366,120.3238028169014,17.75,0.09,213,0,3337,7100,1.0,375,1,1,0,1,0,0,0,1,0,0,1,0,0,1,0,0,0,1,0,0,0,0,0,0,0,0,0,0,1,0,0,0,1,0,0.005
47,5,3,2.492957746478873,48.64535211267606,121.44014084507042,14.2,0.08,0,142,568,6035,1.0,500,1,1,1,0,0,0,0,1,1,0,0,1,0,0,0,0,0,1,0,0,0,1,0,0,0,0,0,0,0,0,0,1,0,0,0.98
56,7,3,2.23943661971831,48.96338028169014,113.03112676056338,10.142857142857142,0.28,0,142,2698,5254,1.0,375,1,1,0,1,0,0,0,1,1,0,0,0,0,0,1,1,0,0,0,0,0,0,0,0,0,0,0,0,1,1,0,0,0,0,0.005
35,14,1,2.430555555555556,48.785138888888895,121.4247222222222,5.142857142857143,0.05,432,0,3456,4896,1.0,378,1,1,0,1,0,0,1,0,1,0,0,0,0,0,1,1,0,0,0,0,0,0,0,0,0,0,0,1,0,0,0,1,0,0,0.0
30,14,1,2.3943661971830985,49.10887323943662,121.41985915492955,5.071428571428571,0.25,71,0,2698,5609,1.0,501,1,1,1,0,0,0,1,0,1,0,0,0,0,1,0,0,0,1,0,0,1,0,0,0,0,0,0,0,0,0,1,0,0,0,0.995
40,2,0,2.788732394366197,46.8525352112676,129.16197183098592,35.5,0.08,142,0,1278,5964,1.0,370,0,1,0,1,0,1,0,0,0,0,1,0,0,1,0,0,0,0,0,1,0,0,0,0,0,1,0,0,0,0,0,1,0,0,0.005
25,10,4,2.4166666666666665,47.56722222222223,116.39486111111113,7.199999999999999,0.15,288,0,648,6480,1.0,491,0,1,0,1,0,1,0,0,1,0,0,0,1,0,0,0,0,0,1,0,1,0,0,0,0,0,0,0,0,0,1,0,0,0,1.0
25,9,4,2.9859154929577465,53.77140806201918,159.36816784802937,7.888888888888888,0.2279478277217459,144,78,1774,5605,0.5633802816901409,519,1,1,0,1,0,1,0,0,0,1,0,0,1,0,0,0,0,1,0,0,0,1,0,0,0,0,0,0,0,0,0,0,0,0,0.815
40,12,1,2.458333333333333,50.00263888888889,126.08875,6.0,0.24,288,0,2880,1296,1.0,494,0,1,0,0,1,1,0,0,0,0,1,0,0,0,1,0,0,0,1,0,0,0,0,0,0,0,1,0,0,0,0,0,0,1,0.98
70,7,1,2.6901408450704225,46.90633802816901,126.64028169014084,10.142857142857142,0.26,142,0,710,4402,1.0,375,1,1,0,0,1,0,0,1,0,1,0,0,0,1,0,0,0,0,0,1,1,0,0,0,0,0,0,0,0,0,0,0,0,1,0.01
43,12,0,2.436619718309859,44.77788732394366,107.94394366197184,5.916666666666667,0.08,355,0,2485,1349,1.0,502,0,1,0,0,1,0,1,0,0,0,1,0,0,0,1,0,0,0,0,1,0,0,0,0,0,0,0,0,1,0,1,0,0,0,0.98
40,6,1,2.563380281690141,54.28338028169014,140.0981690140845,11.833333333333334,0.14,142,0,2982,4473,1.0,374,1,1,0,1,0,0,0,1,1,0,0,0,0,0,1,0,0,1,0,0,0,0,0,0,0,0,0,1,0,1,0,0,0,0,0.005
62,15,2,2.436619718309859,49.23901408450705,116.71211267605634,4.733333333333333,0.08,71,0,1491,4544,1.0,394,0,1,0,0,1,0,1,0,0,0,1,0,1,0,0,0,0,0,0,1,0,0,0,0,0,1,0,0,0,1,0,0,0,0,0.0
48,1,0,2.305555555555556,48.645833333333336,109.39013888888888,72.0,0.17,0,216,648,4752,1.0,371,1,1,1,0,0,0,0,1,0,1,0,0,0,0,1,1,0,0,0,0,1,0,0,0,0,0,0,0,0,0,1,0,0,0,0.02
40,12,1,3.2777777777777777,47.53239254687141,153.11814986283647,6.0,0.2787986230312837,189,45,2879,1241,0.5833333333333334,871,0,1,0,0,1,1,0,0,0,0,1,0,0,0,1,0,0,0,1,0,0,0,1,0,0,0,0,0,0,0,0,0,0,0,0.865
29,2,3,2.9444444444444446,48.4952331243551,142.38625492862084,36.0,0.2868382488204737,146,68,3671,6833,0.5972222222222222,723,0,1,0,1,0,1,0,0,0,1,0,0,0,0,1,1,0,0,0,0,1,0,0,0,0,0,0,0,0,0,0,0,0,0,0.1
44,9,2,2.388888888888889,49.97625,120.90277777777776,8.0,6.785057725304087,504,0,3312,5688,1.0,377,0,1,1,0,0,1,0,0,0,0,1,0,0,1,0,0,0,0,1,0,0,0,0,0,0,0,0,0,1,0,1,0,0,0,0.0
62,12,1,3.180555555555556,51.6818669361417,160.77913441123349,6.0,0.2764899883731655,164,75,2951,3609,0.6111111111111112,875,1,1,0,0,1,0,1,0,0,0,1,0,0,1,0,1,0,0,0,0,0,0,0,1,0,0,0,0,0,0,0,0,0,0,0.73
34,8,4,2.7777777777777777,51.86580609193887,143.7824182758166,9.0,0.2726062665128029,144,60,1367,1925,0.625,874,0,1,1,0,0,1,0,0,0,0,1,0,0,1,0,0,0,0,0,1,1,0,0,0,0,0,0,0,0,0,0,0,0,0,0.14
48,6,1,3.0972222222222223,49.521490068294526,149.23655353821692,12.0,0.2498480335522102,169,62,3599,3316,0.6666666666666666,784,0,1,0,0,1,0,1,0,0,1,0,0,0,1,0,0,1,0,0,0,1,0,0,0,0,0,0,0,0,0,1,0,0,0,0.1
21,10,2,3.013888888888889,50.87556391616877,149.20556391616876,7.199999999999999,0.3403885696913931,155,66,1007,6048,0.6527777777777778,620,0,1,1,0,0,1,0,0,1,0,0,0,1,0,0,0,1,0,0,0,0,0,0,1,0,0,0,0,0,0,1,0,0,0,0.1
23,9,4,2.6619718309859155,48.6274647887324,131.6069014084507,7.888888888888888,0.1,0,213,2769,6177,1.0,493,1,1,0,1,0,0,1,0,1,0,0,1,0,0,0,0,1,0,0,0,0,0,0,1,0,0,0,0,0,0,1,0,0,0,1.0
35,9,4,2.430555555555556,50.88986111111112,120.29944444444445,8.0,0.27,288,0,3456,6624,1.0,370,1,1,1,0,0,1,0,0,0,1,0,0,0,1,0,0,0,1,0,0,0,0,0,0,0,0,0,1,0,1,0,0,0,0,0.005
58,13,1,2.625,52.78125,137.64569444444444,5.538461538461538,12.497540224720405,576,216,576,2664,1.0,377,1,1,0,0,1,0,1,0,0,1,0,0,0,1,0,0,0,0,0,1,0,0,0,0,0,1,0,0,0,0,0,0,1,0,0.0
28,13,2,2.4507042253521125,53.38239436619718,133.85591549295776,5.461538461538462,5.674058651816404,142,213,1349,710,1.0,370,1,1,0,0,1,0,0,1,0,0,1,0,0,1,0,0,0,0,0,1,0,0,1,0,0,0,0,0,0,0,1,0,0,0,0.0
23,5,0,2.375,49.81541666666666,118.50513888888888,14.4,10.441826594846464,144,720,2016,1224,1.0,370,0,1,0,0,1,1,0,0,1,0,0,0,1,0,0,0,0,0,0,1,0,0,0,0,0,0,1,0,0,0,0,0,1,0,0.0
20,2,1,2.535211267605634,49.14042253521127,124.11295774647888,35.5,0.09,355,0,2627,3408,1.0,373,0,1,0,0,1,0,1,0,0,0,1,0,0,1,0,0,0,0,0,1,0,0,0,1,0,0,0,0,0,0,0,0,0,1,0.0
42,4,2,2.625,50.06791666666666,132.88347222222222,18.0,0.23,216,0,1728,1440,1.0,379,0,1,1,0,0,0,0,1,0,0,1,0,0,1,0,1,0,0,0,0,0,0,0,0,0,0,1,0,0,0,0,0,1,0,0.0
62,14,3,2.915492957746479,50.689296394487705,146.5805640001215,5.071428571428571,0.2412100702887582,157,59,3336,2336,0.6056338028169014,439,1,1,0,1,0,0,1,0,0,1,0,1,0,0,0,0,0,0,0,1,1,0,0,0,0,0,0,0,0,0,0,0,0,0,0.055
23,11,2,2.4444444444444446,52.15777777777778,125.44125,6.545454545454546,0.18,0,432,1440,1800,1.0,502,0,1,0,0,1,0,0,1,0,1,0,0,0,1,0,1,0,0,0,0,1,0,0,0,0,0,0,0,0,0,0,1,0,0,0.98
46,12,4,2.507042253521127,52.42943661971831,133.68901408450705,5.916666666666667,0.07,0,284,2627,2698,1.0,490,0,1,0,0,1,1,0,0,1,0,0,1,0,0,0,0,0,1,0,0,0,0,0,0,0,1,0,0,0,0,0,0,1,0,0.995
52,1,0,2.6527777777777777,50.57986111111112,135.9790277777778,72.0,0.3,144,0,1872,7344,1.0,498,0,1,1,0,0,1,0,0,1,0,0,0,0,1,0,1,0,0,0,0,1,0,0,0,0,0,0,0,0,0,1,0,0,0,0.985
54,13,0,2.9722222222222223,49.12976511230706,146.97022466905855,5.538461538461538,0.2557022193919518,145,72,3455,4316,0.5416666666666666,592,0,1,1,0,0,0,0,1,0,1,0,0,1,0,0,0,0,0,1,0,1,0,0,0,0,0,0,0,0,0,0,0,0,0,0.13
48,10,4,2.458333333333333,50.47847222222222,127.0761111111111,7.199999999999999,13.396364307572856,0,288,432,864,1.0,375,1,1,0,0,1,0,1,0,1,0,0,0,1,0,0,1,0,0,0,0,1,0,0,0,0,0,0,0,0,0,0,0,0,1,0.0
34,13,4,2.647887323943662,51.58070422535212,137.84225352112676,5.461538461538462,0.09,142,0,3337,5183,1.0,370,1,1,0,0,1,1,0,0,0,1,0,1,0,0,0,0,0,1,0,0,0,0,0,1,0,0,0,0,0,0,1,0,0,0,0.0
42,13,0,2.3661971830985915,48.98295774647888,113.7787323943662,5.461538461538462,5.584120139568189,426,355,2130,2130,1.0,370,0,1,0,1,0,0,1,0,0,1,0,0,0,0,1,0,0,1,0,0,1,0,0,0,0,0,0,0,0,0,0,0,1,0,0.0
55,5,1,2.352112676056338,48.62422535211268,115.36718309859154,14.2,0.08,142,0,1917,2911,1.0,372,0,1,0,0,1,0,1,0,1,0,0,0,0,0,1,0,0,0,0,1,0,0,0,0,0,0,0,0,1,1,0,0,0,0,0.01
35,2,3,2.507042253521127,45.64281690140845,113.7469014084507,35.5,0.25,142,0,710,2982,1.0,494,0,1,0,1,0,0,1,0,0,1,0,0,0,1,0,0,0,0,0,1,0,0,1,0,0,0,0,0,0,1,0,0,0,0,0.985
38,4,0,2.5694444444444446,52.21458333333333,135.08208333333334,18.0,0.16,144,0,3384,2592,1.0,491,1,1,0,1,0,0,0,1,0,0,1,1,0,0,0,0,0,1,0,0,0,0,1,0,0,0,0,0,0,0,0,0,0,1,0.975
50,13,0,2.647887323943662,50.99309859154929,132.61309859154932,5.461538461538462,0.03,284,0,568,5893,1.0,380,0,1,0,0,1,0,0,1,0,0,1,1,0,0,0,0,0,0,1,0,0,0,0,0,0,1,0,0,0,0,0,0,0,1,0.0
46,4,2,2.736111111111111,52.81486111111112,139.61333333333334,18.0,0.15,72,0,2736,6984,1.0,379,1,1,0,1,0,0,0,1,0,0,1,1,0,0,0,0,0,1,0,0,0,0,0,0,1,0,0,0,0,1,0,0,0,0,0.005
62,6,2,2.583333333333333,50.95555555555555,134.05597222222224,12.0,0.25,216,0,2448,4248,1.0,372,0,1,0,0,1,0,1,0,0,1,0,0,1,0,0,0,0,1,0,0,0,0,0,0,0,0,0,1,0,0,1,0,0,0,0.01
61,6,3,2.6338028169014085,47.62915492957747,119.96338028169014,11.833333333333334,0.19,284,0,2982,1846,1.0,380,1,1,1,0,0,1,0,0,0,1,0,0,1,0,0,0,0,0,0,1,0,0,1,0,0,0,0,0,0,0,0,0,1,0,0.01
31,13,4,2.638888888888889,51.03736111111111,134.45333333333332,5.538461538461538,0.16,144,0,3096,5184,1.0,374,0,1,1,0,0,0,1,0,0,1,0,0,0,1,0,1,0,0,0,0,0,0,0,0,0,0,0,1,0,0,0,0,1,0,0.005
26,15,3,2.5277777777777777,52.41194444444445,137.78861111111112,4.8,0.09,216,0,1656,2736,1.0,373,1,1,0,0,1,0,0,1,1,0,0,0,0,1,0,1,0,0,0,0,0,0,0,1,0,0,0,0,0,0,1,0,0,0,0.0
70,9,0,2.4166666666666665,51.89305555555556,126.38222222222224,8.0,0.2,0,504,1080,2376,1.0,376,0,1,0,0,1,0,0,1,1,0,0,0,0,0,1,1,0,0,0,0,0,0,0,0,0,0,0,1,0,1,0,0,0,0,0.0
47,8,1,2.323943661971831,48.45718309859155,111.00943661971831,8.875,12.707630080622156,0,71,781,2769,1.0,371,0,1,1,0,0,1,0,0,0,1,0,1,0,0,0,1,0,0,0,0,0,0,0,0,0,0,0,1,0,0,0,0,1,0,0.0
61,8,1,2.5277777777777777,50.75194444444444,129.48458333333332,9.0,0.17,360,0,2808,1944,1.0,512,1,1,0,0,1,0,1,0,0,1,0,0,0,1,0,0,1,0,0,0,0,0,0,0,0,0,0,0,1,0,0,0,0,1,0.99
68,1,2,3.0972222222222223,49.44598413473854,150.21671431673192,72.0,0.2526727665369781,158,74,2951,7347,0.6527777777777778,819,0,1,0,0,1,1,0,0,0,1,0,1,0,0,0,0,0,0,0,1,0,0,0,0,0,1,0,0,0,0,0,0,0,0,0.11
44,11,0,2.430555555555556,49.33083333333334,120.34347222222222,6.545454545454546,0.22,216,0,2736,7056,1.0,370,1,1,0,0,1,1,0,0,1,0,0,0,0,0,1,0,0,0,1,0,1,0,0,0,0,0,0,0,0,0,0,0,0,1,0.015
68,11,1,2.718309859154929,49.604207627885216,140.55262288365563,6.454545454545454,0.3007232106755358,127,73,3265,5018,0.6338028169014085,557,1,1,1,0,0,0,1,0,0,1,0,0,1,0,0,1,0,0,0,0,0,0,0,0,0,1,0,0,0,0,0,0,1,0,0.21
55,1,4,2.408450704225352,53.62126760563381,130.75450704225352,71.0,0.22,71,0,2698,2840,1.0,375,0,1,1,0,0,0,1,0,1,0,0,1,0,0,0,0,0,1,0,0,0,0,0,0,0,1,0,0,0,0,1,0,0,0,0.015
57,9,3,2.680555555555556,50.85527777777778,136.25722222222225,8.0,0.08,144,0,1440,2448,1.0,491,1,1,0,0,1,0,0,1,0,0,1,0,0,1,0,1,0,0,0,0,0,0,0,0,0,0,0,0,1,1,0,0,0,0,0.97
22,15,2,2.5277777777777777,49.545138888888886,125.01611111111112,4.8,0.1,360,0,2736,2736,1.0,372,0,1,0,1,0,0,1,0,1,0,0,0,1,0,0,0,0,1,0,0,0,0,0,1,0,0,0,0,0,0,0,0,1,0,0.005
68,11,1,2.676056338028169,50.94380281690141,134.8018309859155,6.454545454545454,0.22,213,0,3266,5041,1.0,370,1,1,1,0,0,0,1,0,0,1,0,0,1,0,0,1,0,0,0,0,0,0,1,0,0,0,0,0,0,1,0,0,0,0,0.0
26,15,3,2.619718309859155,52.960281690140846,142.0812676056338,4.733333333333333,0.09,213,0,1633,2698,1.0,376,1,1,0,0,1,0,0,1,1,0,0,0,0,1,0,1,0,0,0,0,0,0,0,0,0,0,1,0,0,0,0,0,0,1,0.0
55,4,4,2.638888888888889,51.31486111111112,133.49222222222224,18.0,6.927618209488768,360,432,432,4824,1.0,372,0,1,0,1,0,0,0,1,0,1,0,1,0,0,0,0,0,0,1,0,0,0,0,0,0,0,1,0,0,0,0,1,0,0,0.0
63,4,2,2.611111111111111,50.66638888888889,131.61166666666665,18.0,0.19,0,360,504,2448,1.0,372,1,1,1,0,0,1,0,0,0,1,0,0,0,1,0,0,0,0,0,1,0,0,0,0,1,0,0,0,0,0,0,0,0,1,0.005
68,5,1,2.5774647887323945,53.25338028169013,142.38197183098592,14.2,0.14,142,0,2414,3124,1.0,493,1,1,0,1,0,1,0,0,0,1,0,0,0,1,0,0,0,1,0,0,0,0,0,0,1,0,0,0,0,0,0,1,0,0,1.0
23,11,2,2.6338028169014085,53.601126760563375,140.7212676056338,6.454545454545454,0.18,0,426,1420,1775,1.0,491,0,1,0,0,1,0,0,1,0,1,0,0,0,1,0,1,0,0,0,0,0,0,0,0,1,0,0,0,0,0,0,1,0,0,0.98
22,14,0,2.6527777777777777,55.17125,148.03680555555556,5.142857142857143,0.02,72,0,2880,1800,1.0,371,0,1,1,0,0,1,0,0,1,0,0,0,0,0,1,0,0,1,0,0,0,1,0,0,0,0,0,0,0,0,1,0,0,0,0.02
29,14,4,2.676056338028169,46.63760563380281,129.86549295774648,5.071428571428571,0.28,284,0,2201,2769,1.0,372,1,1,0,1,0,0,1,0,1,0,0,0,0,1,0,0,0,0,1,0,0,0,0,0,0,1,0,0,0,1,0,0,0,0,0.015
34,3,1,2.5492957746478875,50.99774647887324,129.4412676056338,23.666666666666668,0.07,284,0,3266,4828,1.0,378,1,1,0,1,0,0,0,1,0,0,1,0,1,0,0,1,0,0,0,0,0,1,0,0,0,0,0,0,0,0,0,0,0,1,0.015
34,15,2,2.5774647887323945,51.51380281690141,134.5757746478873,4.733333333333333,0.07,284,0,1846,1917,1.0,498,1,1,0,1,0,0,1,0,0,0,1,1,0,0,0,0,1,0,0,0,0,0,0,0,0,0,0,0,1,0,0,1,0,0,1.0
27,6,2,2.333333333333333,49.08875,113.9475,12.0,0.14,0,72,1872,6264,1.0,375,0,1,0,0,1,0,0,1,1,0,0,0,1,0,0,0,0,1,0,0,0,0,0,1,0,0,0,0,0,1,0,0,0,0,0.0
25,10,3,3.140845070422535,47.59714731683732,154.01784926024288,7.1,0.3259150488623709,159,65,3052,3200,0.4225352112676056,577,1,1,0,0,1,0,0,1,1,0,0,0,0,1,0,0,1,0,0,0,0,0,1,0,0,0,0,0,0,0,0,0,0,0,0.105
25,1,3,2.619718309859155,47.74056338028169,127.21154929577466,71.0,0.17,497,0,3195,4118,1.0,382,1,1,0,0,1,0,1,0,0,0,1,1,0,0,0,1,0,0,0,0,1,0,0,0,0,0,0,0,0,0,0,0,1,0,0.0
41,11,4,2.3472222222222223,46.0425,106.51875,6.545454545454546,0.26,72,0,2160,6336,1.0,375,1,1,0,0,1,1,0,0,0,1,0,0,0,1,0,0,0,0,1,0,0,0,0,0,0,0,1,0,0,0,0,0,1,0,0.01
70,1,1,2.7746478873239435,48.38661971830986,136.19098591549294,71.0,0.02,0,213,639,6532,1.0,370,1,1,0,0,1,0,0,1,1,0,0,0,0,0,1,1,0,0,0,0,0,0,0,1,0,0,0,0,0,0,1,0,0,0,0.0
28,10,1,2.3943661971830985,45.38492957746479,110.3074647887324,7.1,0.07,213,0,1704,3692,1.0,370,1,1,1,0,0,1,0,0,1,0,0,0,0,0,1,1,0,0,0,0,0,0,1,0,0,0,0,0,0,0,0,1,0,0,0.0
35,12,3,2.6666666666666665,50.45902777777778,133.99708333333334,6.0,0.03,0,216,3384,5544,1.0,494,1,1,0,1,0,1,0,0,0,1,0,1,0,0,0,0,1,0,0,0,0,0,0,0,0,0,0,0,1,0,1,0,0,0,1.0
32,5,3,2.555555555555556,48.73430555555555,126.23625,14.4,0.23,216,0,1656,936,1.0,381,0,1,0,0,1,1,0,0,1,0,0,0,1,0,0,0,1,0,0,0,0,0,0,0,1,0,0,0,0,0,0,1,0,0,0.005
45,3,1,2.408450704225352,47.77464788732394,116.74450704225352,23.666666666666668,0.25,142,0,3408,1349,1.0,378,0,1,0,1,0,0,1,0,0,1,0,0,0,1,0,0,0,0,1,0,0,0,0,0,1,0,0,0,0,0,0,0,0,1,0.005
24,2,4,2.833333333333333,53.31875,151.9393055555555,36.0,10.783070662780508,576,576,2160,1944,1.0,372,0,1,0,0,1,0,0,1,0,0,1,0,1,0,0,0,1,0,0,0,0,0,0,0,0,1,0,0,0,0,1,0,0,0,0.005
42,13,0,2.352112676056338,46.56732394366197,108.73014084507042,5.461538461538462,5.584120139568189,426,355,2130,2130,1.0,375,0,1,0,1,0,0,1,0,0,1,0,0,0,0,1,0,0,1,0,0,0,0,0,0,0,0,1,0,0,1,0,0,0,0,0.0
52,9,1,2.3943661971830985,45.75549295774648,106.99225352112676,7.888888888888888,0.11,142,0,1491,5538,1.0,370,1,1,0,0,1,0,0,1,0,0,1,1,0,0,0,0,0,0,0,1,0,0,0,0,0,1,0,0,0,0,1,0,0,0,0.0
46,14,3,2.3194444444444446,50.40833333333333,117.86319444444445,5.142857142857143,0.28,0,72,2808,1512,1.0,379,0,1,1,0,0,0,1,0,1,0,0,0,1,0,0,0,0,1,0,0,0,1,0,0,0,0,0,0,0,0,1,0,0,0,0.01
33,7,4,2.3943661971830985,48.09084507042254,115.12774647887323,10.142857142857142,0.29,71,0,2130,2343,1.0,370,0,1,0,0,1,0,1,0,1,0,0,0,0,0,1,0,0,0,1,0,0,0,0,0,1,0,0,0,0,1,0,0,0,0,0.005
44,9,2,2.6619718309859155,51.6956338028169,137.16845070422536,7.888888888888888,6.785057725304087,497,0,3266,5609,1.0,386,0,1,1,0,0,1,0,0,0,0,1,0,0,1,0,0,0,0,1,0,0,0,0,0,0,0,0,0,1,0,0,1,0,0,0.005
31,4,4,2.5774647887323945,49.99929577464789,129.2932394366197,17.75,0.18,0,142,1562,7171,1.0,383,1,1,1,0,0,0,0,1,1,0,0,1,0,0,0,0,0,0,0,1,0,0,0,1,0,0,0,0,0,0,0,0,0,1,0.0
35,2,1,2.513888888888889,54.78236111111111,138.44208333333333,36.0,0.04,144,0,2160,1008,1.0,503,0,1,0,0,1,0,0,1,0,1,0,0,0,1,0,1,0,0,0,0,1,0,0,0,0,0,0,0,0,1,0,0,0,0,0.99
68,15,1,2.76056338028169,54.988028169014086,148.61492957746478,4.733333333333333,0.1,284,0,852,3621,1.0,376,1,1,1,0,0,0,1,0,0,0,1,1,0,0,0,1,0,0,0,0,0,0,0,0,0,0,0,0,1,0,0,1,0,0,0.01
31,4,4,2.930555555555556,48.94992688048842,146.51741218021988,18.0,0.2604704124048119,137,80,1583,7334,0.5,626,1,1,1,0,0,0,0,1,1,0,0,1,0,0,0,0,0,0,0,1,1,0,0,0,0,0,0,0,0,0,0,0,0,0,0.135
57,2,1,2.591549295774648,51.92661971830986,134.1525352112676,35.5,0.05,0,142,1562,2130,1.0,377,0,1,0,1,0,1,0,0,0,1,0,0,0,1,0,0,0,0,0,1,0,0,0,0,0,0,1,0,0,0,0,0,1,0,0.01
27,6,4,2.492957746478873,49.190563380281695,121.53098591549296,11.833333333333334,0.25,0,142,1491,2627,1.0,503,1,1,0,0,1,0,1,0,0,0,1,0,1,0,0,1,0,0,0,0,0,1,0,0,0,0,0,0,0,0,0,0,1,0,0.985
31,8,4,2.4722222222222223,49.59569444444444,123.36027777777778,9.0,11.492813938658998,72,504,3456,5760,1.0,382,1,1,1,0,0,0,1,0,1,0,0,0,1,0,0,0,1,0,0,0,0,0,0,1,0,0,0,0,0,0,0,1,0,0,0.0
41,10,4,2.680555555555556,53.89944444444445,146.15222222222224,7.199999999999999,0.25,0,288,1008,1584,1.0,370,0,1,0,1,0,1,0,0,0,1,0,1,0,0,0,0,0,0,0,1,0,0,0,1,0,0,0,0,0,1,0,0,0,0,0.005
52,9,3,2.888888888888889,52.00453011353954,139.68161344687286,8.0,0.2190372830084842,142,72,2375,6111,0.5277777777777778,637,1,1,1,0,0,0,1,0,1,0,0,1,0,0,0,0,0,1,0,0,0,0,1,0,0,0,0,0,0,0,0,0,0,0,0.88
53,4,2,2.3472222222222223,50.23291666666667,120.82791666666668,18.0,0.23,144,0,864,6696,1.0,380,1,1,0,0,1,0,0,1,1,0,0,0,0,0,1,0,0,1,0,0,0,0,0,1,0,0,0,0,0,0,0,0,1,0,0.01
19,8,2,2.513888888888889,52.109722222222224,130.9775,9.0,0.29,72,0,1944,1512,1.0,373,1,1,1,0,0,0,0,1,0,0,1,0,0,1,0,0,0,0,0,1,0,0,0,0,1,0,0,0,0,0,0,0,0,1,0.005
48,3,2,2.986111111111111,46.790320384749634,142.09512782091556,24.0,0.2674668355127084,149,83,3311,7340,0.6111111111111112,860,0,1,0,1,0,0,1,0,0,1,0,0,1,0,0,0,0,0,1,0,1,0,0,0,0,0,0,0,0,0,0,0,0,0,0.06
59,11,2,2.3943661971830985,54.63985915492957,128.07605633802817,6.454545454545454,0.06,0,284,923,6390,1.0,371,0,1,1,0,0,0,1,0,0,0,1,1,0,0,0,0,0,0,1,0,0,0,0,0,0,0,0,1,0,0,0,0,1,0,0.035
53,8,3,2.676056338028169,47.57239436619718,128.06422535211266,8.875,0.01,284,0,3479,4260,1.0,492,0,1,0,0,1,0,1,0,1,0,0,0,0,1,0,1,0,0,0,0,0,0,0,1,0,0,0,0,0,0,0,1,0,0,0.99
46,10,1,3.2777777777777777,46.50619214472648,155.33929405696574,7.199999999999999,0.3061007237059308,145,95,2735,1743,0.7083333333333334,839,0,1,0,0,1,1,0,0,0,0,1,0,0,0,1,0,0,0,0,1,0,1,0,0,0,0,0,0,0,0,1,0,0,0,0.09
66,9,1,2.464788732394366,47.17830985915493,117.93971830985916,7.888888888888888,0.23,0,142,2343,5112,1.0,376,1,1,0,0,1,0,0,1,0,1,0,0,0,0,1,0,0,0,0,1,0,0,0,1,0,0,0,0,0,1,0,0,0,0,0.005
49,6,0,2.4166666666666665,49.44986111111111,117.98597222222222,12.0,9.298732098924075,288,720,1368,6696,1.0,373,0,1,1,0,0,0,0,1,0,0,1,0,0,0,1,0,0,1,0,0,0,0,0,0,1,0,0,0,0,0,1,0,0,0,0.0
22,15,4,2.436619718309859,49.42070422535211,120.27985915492958,4.733333333333333,0.04,142,0,3479,2627,1.0,383,1,1,1,0,0,1,0,0,1,0,0,0,0,0,1,0,0,0,0,1,1,0,0,0,0,0,0,0,0,0,0,0,1,0,0.0
31,5,4,2.4722222222222223,47.83541666666667,120.67083333333332,14.4,0.03,144,0,1368,1584,1.0,490,1,1,0,1,0,0,1,0,1,0,0,0,0,1,0,0,0,0,0,1,1,0,0,0,0,0,0,0,0,0,1,0,0,0,0.99
24,9,2,2.513888888888889,52.84902777777778,131.46625,8.0,0.29,288,0,1728,1440,1.0,375,0,1,1,0,0,1,0,0,0,0,1,0,1,0,0,0,0,1,0,0,0,0,1,0,0,0,0,0,0,0,0,1,0,0,0.0
70,1,2,2.7464788732394365,44.97718309859155,124.32154929577464,71.0,0.19,426,0,1633,4544,1.0,372,0,1,1,0,0,1,0,0,1,0,0,0,0,1,0,0,0,1,0,0,0,0,0,0,0,0,0,1,0,1,0,0,0,0,0.01
49,5,3,2.8028169014084505,47.06197183098592,132.06845070422537,14.2,0.03,213,0,2556,4615,1.0,493,1,1,0,0,1,0,0,1,1,0,0,1,0,0,0,1,0,0,0,0,1,0,0,0,0,0,0,0,0,0,1,0,0,0,0.98
56,6,1,3.138888888888889,47.6774464528244,148.84820448634417,12.0,0.334298237881046,152,76,1295,2597,0.6805555555555556,646,0,1,0,1,0,1,0,0,1,0,0,0,0,1,0,0,0,1,0,0,0,1,0,0,0,0,0,0,0,0,1,0,0,0,0.725
64,11,4,2.563380281690141,51.72549295774648,132.3445070422535,6.454545454545454,0.06,213,0,2059,6035,1.0,495,1,1,0,1,0,1,0,0,0,1,0,0,0,1,0,0,0,0,0,1,0,0,0,1,0,0,0,0,0,0,0,0,0,1,0.99
32,12,1,2.8028169014084505,51.50267605633803,142.29816901408452,5.916666666666667,0.22,142,0,994,2627,1.0,496,1,1,0,0,1,0,1,0,0,1,0,0,0,0,1,1,0,0,0,0,0,0,0,0,0,0,1,0,0,0,0,0,0,1,0.95
40,7,2,2.4788732394366195,49.50126760563381,123.4887323943662,10.142857142857142,0.09,71,0,3337,3337,1.0,379,1,1,1,0,0,1,0,0,1,0,0,0,1,0,0,0,0,1,0,0,0,0,0,0,0,0,0,1,0,0,0,0,1,0,0.005
44,15,2,2.563380281690141,49.63901408450704,125.89,4.733333333333333,0.06,213,0,2343,3976,1.0,491,1,1,0,0,1,0,0,1,0,0,1,0,0,0,1,0,1,0,0,0,0,0,0,0,0,1,0,0,0,1,0,0,0,0,0.99
35,6,2,2.4722222222222223,46.58013888888889,115.69611111111112,12.0,0.16,0,72,936,7056,1.0,370,1,1,1,0,0,0,1,0,0,1,0,0,0,0,1,0,0,0,0,1,0,0,0,0,0,0,1,0,0,0,1,0,0,0,0.0
45,6,4,2.5694444444444446,53.00569444444445,133.82625,12.0,10.205508242254684,0,504,1800,5472,1.0,372,1,1,0,1,0,1,0,0,0,0,1,0,0,0,1,0,0,1,0,0,0,0,0,0,1,0,0,0,0,1,0,0,0,0,0.0
50,9,2,2.605633802816901,48.56887323943662,123.62323943661973,7.888888888888888,0.22,355,0,1136,3408,1.0,373,1,1,1,0,0,0,1,0,0,0,1,1,0,0,0,1,0,0,0,0,1,0,0,0,0,0,0,0,0,1,0,0,0,0,0.0
35,2,4,2.333333333333333,50.69166666666667,118.44166666666666,36.0,6.744251972501145,216,432,1512,1800,1.0,374,1,1,0,1,0,1,0,0,0,0,1,1,0,0,0,1,0,0,0,0,0,0,0,1,0,0,0,0,0,0,0,0,0,1,0.0
54,14,2,2.3661971830985915,52.14887323943663,127.66732394366198,5.071428571428571,6.5933528789785125,639,213,781,994,1.0,370,1,1,1,0,0,1,0,0,1,0,0,1,0,0,0,0,1,0,0,0,0,0,0,1,0,0,0,0,0,0,1,0,0,0,0.0
58,5,2,2.5416666666666665,51.83930555555556,128.11166666666665,14.4,0.28,216,0,3528,1512,1.0,371,0,1,1,0,0,0,0,1,0,0,1,1,0,0,0,0,0,0,0,1,0,0,0,0,1,0,0,0,0,0,0,0,0,1,0.005
34,8,4,2.638888888888889,50.78888888888889,133.93555555555557,9.0,9.187651188921814,360,144,1296,1728,1.0,379,0,1,1,0,0,1,0,0,0,0,1,0,0,1,0,0,0,0,0,1,0,0,0,0,0,0,0,1,0,0,0,1,0,0,0.0
48,13,3,2.763888888888889,53.864245094896205,146.20368953934064,5.538461538461538,0.3517065630485982,159,46,2591,6750,0.6666666666666666,664,1,1,1,0,0,0,1,0,0,1,0,0,0,0,1,0,1,0,0,0,0,1,0,0,0,0,0,0,0,0,1,0,0,0,0.15
18,13,0,2.555555555555556,49.45041666666666,127.04680555555557,5.538461538461538,0.18,288,0,2304,6120,1.0,382,1,1,0,0,1,0,1,0,0,0,1,0,1,0,0,0,1,0,0,0,0,1,0,0,0,0,0,0,0,0,0,0,1,0,0.0
33,8,0,2.458333333333333,46.12611111111111,115.09930555555556,9.0,11.40714310886413,360,144,3096,2232,1.0,372,0,1,1,0,0,0,0,1,1,0,0,0,0,0,1,0,0,1,0,0,0,0,0,0,0,0,0,0,1,0,0,1,0,0,0.0
31,8,4,2.430555555555556,51.14680555555556,125.28986111111112,9.0,0.13,144,0,3096,4680,1.0,378,0,1,0,0,1,1,0,0,0,0,1,1,0,0,0,0,0,0,1,0,0,0,0,0,1,0,0,0,0,0,0,0,0,1,0.0
23,9,3,2.6666666666666665,49.51638888888888,129.4275,8.0,0.18,360,0,2592,3816,1.0,524,1,1,0,1,0,1,0,0,0,1,0,0,0,0,1,0,0,0,1,0,0,0,0,0,0,0,1,0,0,0,1,0,0,0,0.99
45,13,3,2.422535211267605,47.95014084507042,118.12676056338027,5.461538461538462,0.15,142,0,3479,5325,1.0,374,0,1,0,1,0,1,0,0,0,1,0,0,0,0,1,0,0,1,0,0,0,0,1,0,0,0,0,0,0,0,0,1,0,0,0.0
26,5,1,2.4788732394366195,48.87845070422535,122.88267605633804,14.2,0.18,0,213,1207,2485,1.0,492,1,1,1,0,0,0,1,0,1,0,0,1,0,0,0,0,0,0,1,0,0,1,0,0,0,0,0,0,0,0,1,0,0,0,0.96
49,6,2,2.4788732394366195,47.17845070422536,118.82774647887324,11.833333333333334,9.366820202264352,497,71,710,2201,1.0,373,1,1,1,0,0,1,0,0,0,0,1,0,0,1,0,0,1,0,0,0,1,0,0,0,0,0,0,0,0,0,1,0,0,0,0.005
60,5,4,2.408450704225352,44.672676056338034,112.00887323943662,14.2,0.02,71,0,3479,3692,1.0,494,0,1,0,1,0,0,1,0,1,0,0,1,0,0,0,0,0,1,0,0,0,0,1,0,0,0,0,0,0,0,0,0,1,0,0.985
22,15,4,2.3380281690140845,52.81492957746479,125.06901408450705,4.733333333333333,0.04,142,0,3479,2627,1.0,370,1,1,1,0,0,1,0,0,1,0,0,0,0,0,1,0,0,0,0,1,0,0,0,0,0,0,0,0,1,0,0,0,1,0,0.005
33,5,4,2.5694444444444446,49.59972222222222,125.06611111111113,14.4,0.13,0,288,864,1872,1.0,371,0,1,1,0,0,0,1,0,0,1,0,0,0,0,1,0,1,0,0,0,1,0,0,0,0,0,0,0,0,0,0,1,0,0,0.0
53,15,2,2.6666666666666665,52.64652777777778,137.32027777777776,4.8,0.04,0,216,1008,6552,1.0,498,0,1,1,0,0,0,1,0,0,0,1,1,0,0,0,1,0,0,0,0,0,0,0,0,0,1,0,0,0,0,0,0,1,0,0.995
62,14,3,2.458333333333333,49.747638888888886,124.39208333333332,5.142857142857143,0.27,72,0,3384,2232,1.0,370,1,1,0,1,0,0,1,0,0,1,0,1,0,0,0,0,0,0,0,1,1,0,0,0,0,0,0,0,0,0,0,0,1,0,0.005
25,2,1,2.507042253521127,51.22352112676056,127.96760563380283,35.5,0.05,355,0,3124,3976,1.0,499,0,1,0,0,1,1,0,0,0,1,0,1,0,0,0,0,0,1,0,0,0,0,0,0,0,0,0,1,0,0,0,1,0,0,1.0
32,2,0,2.492957746478873,46.52647887323944,117.13830985915492,35.5,0.1,213,0,3266,4828,1.0,490,1,1,1,0,0,1,0,0,1,0,0,0,0,1,0,0,0,0,1,0,0,0,0,0,0,0,0,1,0,0,1,0,0,0,0.99
52,9,3,2.4507042253521125,47.852112676056336,117.9774647887324,7.888888888888888,0.25,142,0,2343,5964,1.0,505,1,1,1,0,0,0,1,0,1,0,0,1,0,0,0,0,0,1,0,0,0,1,0,0,0,0,0,0,0,0,0,0,0,1,0.985
45,6,0,2.5774647887323945,51.48845070422535,134.4645070422535,11.833333333333334,12.092511217609008,213,426,1207,3621,1.0,371,0,1,0,0,1,1,0,0,0,1,0,1,0,0,0,0,0,0,0,1,0,0,0,0,0,0,1,0,0,0,0,0,0,1,0.0
56,15,3,2.2777777777777777,52.965555555555554,119.03277777777778,4.8,0.17,216,0,3672,5184,1.0,490,0,1,0,0,1,0,0,1,0,0,1,0,0,1,0,0,0,0,0,1,0,0,0,1,0,0,0,0,0,0,0,1,0,0,0.99
56,15,4,2.375,52.74861111111111,121.67833333333334,4.8,0.1,144,0,2088,5688,1.0,370,0,1,1,0,0,1,0,0,0,1,0,1,0,0,0,1,0,0,0,0,1,0,0,0,0,0,0,0,0,0,0,0,1,0,0.005
50,13,0,2.5972222222222223,47.842777777777776,126.02791666666668,5.538461538461538,0.03,288,0,576,5976,1.0,370,0,1,0,0,1,0,0,1,0,0,1,1,0,0,0,0,0,0,1,0,0,0,0,0,0,0,0,1,0,0,0,0,0,1,0.005
22,6,2,2.583333333333333,46.43402777777778,121.01069444444444,12.0,0.02,0,288,2736,4248,1.0,377,1,1,0,1,0,0,1,0,0,0,1,0,1,0,0,0,0,1,0,0,0,0,0,0,0,0,1,0,0,0,0,1,0,0,0.0
68,1,4,2.5492957746478875,48.042112676056334,124.3418309859155,71.0,0.01,284,0,781,5680,1.0,384,0,1,1,0,0,0,0,1,0,0,1,1,0,0,0,0,0,0,1,0,0,0,0,0,0,0,0,1,0,0,1,0,0,0,0.0
52,1,0,3.0,57.45629623885544,170.1041664943441,72.0,0.2840321080732449,175,45,1871,7413,0.6388888888888888,640,0,1,1,0,0,1,0,0,1,0,0,0,0,1,0,1,0,0,0,0,0,0,0,0,0,0,0,1,0,0,0,0,1,0,0.85
70,9,4,2.680555555555556,47.5802031510907,129.77366500882766,8.0,0.245991832460351,127,68,1367,4006,0.6527777777777778,873,1,1,0,1,0,0,1,0,0,1,0,0,0,1,0,0,0,0,0,1,0,0,1,0,0,0,0,0,0,0,0,0,0,0,0.845
44,9,1,2.605633802816901,51.87056338028169,131.13478873239436,7.888888888888888,0.08,426,0,1562,4260,1.0,389,0,1,0,1,0,1,0,0,0,0,1,0,1,0,0,0,1,0,0,0,0,0,1,0,0,0,0,0,0,0,1,0,0,0,0.01
44,15,3,2.352112676056338,52.80788732394366,126.81605633802818,4.733333333333333,0.13,0,213,1491,5680,1.0,496,1,1,0,0,1,0,1,0,0,0,1,1,0,0,0,1,0,0,0,0,0,0,0,0,0,0,1,0,0,0,0,1,0,0,1.0
21,1,3,2.535211267605634,47.59070422535211,120.42732394366196,71.0,6.493395409035405,639,213,710,923,1.0,375,1,1,0,1,0,0,1,0,0,1,0,0,0,0,1,0,1,0,0,0,0,0,0,1,0,0,0,0,0,0,1,0,0,0,0.0
20,3,2,2.555555555555556,52.56958333333333,138.46402777777777,24.0,0.08,0,216,2232,5040,1.0,376,1,1,0,0,1,0,1,0,0,1,0,0,1,0,0,0,0,0,1,0,0,1,0,0,0,0,0,0,0,0,0,0,0,1,0.0
35,2,4,2.6666666666666665,49.761944444444445,132.61722222222224,36.0,6.744251972501145,216,432,1512,1800,1.0,383,1,1,0,1,0,1,0,0,0,0,1,1,0,0,0,1,0,0,0,0,0,1,0,0,0,0,0,0,0,1,0,0,0,0,0.0
21,5,4,2.458333333333333,52.961666666666666,129.92958333333334,14.4,0.28,72,0,864,6768,1.0,375,0,1,0,1,0,1,0,0,1,0,0,0,1,0,0,0,1,0,0,0,0,0,0,0,0,0,1,0,0,0,0,0,1,0,0.01
33,4,1,2.2816901408450705,46.62901408450704,104.80802816901408,17.75,0.15,0,284,2059,2769,1.0,371,1,1,0,0,1,1,0,0,0,1,0,0,1,0,0,0,0,1,0,0,0,0,0,0,1,0,0,0,0,0,0,1,0,0,0.01
44,15,2,2.408450704225352,53.99985915492958,131.69267605633803,4.733333333333333,0.06,213,0,2343,3976,1.0,496,1,1,0,0,1,0,0,1,0,0,1,0,0,0,1,0,1,0,0,0,0,0,0,0,0,0,0,1,0,0,0,0,0,1,0.995
36,3,0,2.680555555555556,52.76916666666667,144.31611111111113,24.0,0.21,0,288,3312,2736,1.0,370,1,1,0,0,1,1,0,0,1,0,0,0,1,0,0,0,0,0,0,1,1,0,0,0,0,0,0,0,0,0,0,0,0,1,0.01
60,1,0,3.084507042253521,50.00022289630557,150.89664297570974,71.0,0.2689090055065504,182,55,1490,4193,0.7323943661971831,484,1,1,1,0,0,0,0,1,1,0,0,1,0,0,0,0,0,0,1,0,0,0,0,1,0,0,0,0,0,0,0,0,1,0,0.175
64,14,1,2.5,45.7875,116.4511111111111,5.142857142857143,0.13,0,144,2448,1728,1.0,370,1,1,1,0,0,0,1,0,0,0,1,0,1,0,0,0,0,0,1,0,0,0,0,0,0,0,0,1,0,0,0,0,0,1,0.005
45,1,0,2.555555555555556,46.501666666666665,121.8126388888889,72.0,0.18,72,0,3312,7056,1.0,370,1,1,0,0,1,0,1,0,1,0,0,0,0,0,1,0,1,0,0,0,0,0,0,1,0,0,0,0,0,0,0,0,1,0,0.005
19,13,3,3.013888888888889,50.45039322369283,152.8227308918301,5.538461538461538,0.3576874596117826,145,78,3455,5111,0.5416666666666666,710,0,1,0,1,0,1,0,0,0,0,1,0,1,0,0,0,0,0,1,0,0,0,1,0,0,0,0,0,0,0,0,0,0,0,0.805
21,3,4,2.6944444444444446,45.955416666666665,124.10208333333334,24.0,0.14,0,216,2088,2376,1.0,383,0,1,0,0,1,0,1,0,0,0,1,0,0,1,0,0,0,1,0,0,0,0,0,1,0,0,0,0,0,0,0,0,1,0,0.005
23,7,4,2.680555555555556,48.58472222222222,131.91805555555555,10.285714285714286,6.967388763654297,72,0,1224,4824,1.0,371,1,1,0,0,1,0,0,1,0,1,0,0,1,0,0,1,0,0,0,0,0,0,0,1,0,0,0,0,0,1,0,0,0,0,0.0
49,14,1,3.0277777777777777,55.24761150758953,163.67941706314508,5.142857142857143,0.3488573744482913,171,52,1511,7273,0.6666666666666666,671,1,1,0,0,1,1,0,0,0,0,1,0,0,0,1,0,0,1,0,0,0,0,1,0,0,0,0,0,0,0,0,0,1,0,0.815
41,11,2,2.2916666666666665,49.345416666666665,113.80125,6.545454545454546,0.28,0,144,1728,4896,1.0,372,1,1,1,0,0,0,1,0,0,1,0,1,0,0,0,0,0,0,0,1,0,0,0,0,1,0,0,0,0,1,0,0,0,0,0.01
62,1,3,2.6527777777777777,53.04972222222222,140.02791666666667,72.0,0.01,144,0,432,4104,1.0,370,1,1,0,0,1,0,0,1,0,0,1,0,0,0,1,0,1,0,0,0,0,0,0,0,1,0,0,0,0,0,0,1,0,0,0.01
39,4,0,2.375,47.96083333333333,112.26902777777778,18.0,0.18,144,0,864,5904,1.0,500,1,1,0,1,0,1,0,0,0,0,1,0,0,1,0,0,1,0,0,0,0,0,0,0,0,0,1,0,0,0,0,0,0,1,0.985
66,12,1,2.458333333333333,47.378194444444446,109.05944444444444,6.0,0.04,288,0,1152,7416,1.0,379,1,1,0,1,0,0,0,1,0,1,0,0,0,1,0,1,0,0,0,0,0,0,1,0,0,0,0,0,0,0,0,1,0,0,0.03
26,4,2,2.619718309859155,49.694225352112674,127.893661971831,17.75,0.21,284,0,852,3195,1.0,406,0,1,0,0,1,0,1,0,0,1,0,1,0,0,0,0,0,1,0,0,0,0,0,1,0,0,0,0,0,0,0,0,1,0,0.005
40,8,3,2.6338028169014085,49.800563380281694,131.5805633802817,8.875,12.152893382918927,213,142,923,4828,1.0,371,1,1,1,0,0,1,0,0,0,0,1,0,1,0,0,0,0,1,0,0,0,0,1,0,0,0,0,0,0,1,0,0,0,0,0.0
24,2,4,2.5492957746478875,48.0630985915493,122.24394366197184,35.5,10.783070662780508,568,568,2130,1917,1.0,370,0,1,0,0,1,0,0,1,0,0,1,0,1,0,0,0,1,0,0,0,0,0,1,0,0,0,0,0,0,0,0,1,0,0,0.0
37,11,3,2.583333333333333,51.75013888888889,130.5413888888889,6.545454545454546,0.09,0,288,2088,4104,1.0,381,1,1,1,0,0,1,0,0,1,0,0,1,0,0,0,0,0,0,0,1,0,0,0,0,0,1,0,0,0,0,0,0,0,1,0.0
25,10,1,2.583333333333333,46.82277777777777,120.12972222222224,7.199999999999999,0.09,216,0,2448,6552,1.0,382,1,1,1,0,0,1,0,0,0,1,0,1,0,0,0,0,0,0,1,0,0,0,0,0,0,0,0,0,1,0,0,0,1,0,0.0
32,2,0,2.535211267605634,49.38042253521128,126.65718309859156,35.5,5.848132087047908,710,0,710,5467,1.0,370,0,1,0,1,0,0,1,0,0,0,1,0,0,1,0,0,0,0,0,1,0,0,0,0,0,0,0,1,0,1,0,0,0,0,0.0
34,15,2,2.6338028169014085,48.70845070422536,131.24239436619715,4.733333333333333,0.07,284,0,1846,1917,1.0,503,1,1,0,1,0,0,1,0,0,0,1,1,0,0,0,0,1,0,0,0,1,0,0,0,0,0,0,0,0,0,0,1,0,0,1.0
52,7,1,2.6666666666666665,48.80861111111111,129.87861111111113,10.285714285714286,0.2,144,0,1728,1368,1.0,373,1,1,0,1,0,0,1,0,1,0,0,1,0,0,0,0,0,0,0,1,0,0,0,0,1,0,0,0,0,1,0,0,0,0,0.005
31,2,0,2.4507042253521125,52.01,120.90394366197184,35.5,10.871398822095117,0,0,639,781,1.0,384,1,1,1,0,0,0,0,1,0,0,1,0,0,0,1,0,0,1,0,0,0,0,0,0,0,0,1,0,0,0,0,0,0,1,0.0
49,14,4,2.555555555555556,47.90111111111111,123.05666666666669,5.142857142857143,0.22,144,0,2016,1944,1.0,500,1,1,1,0,0,0,0,1,0,1,0,1,0,0,0,0,1,0,0,0,0,0,1,0,0,0,0,0,0,0,0,1,0,0,1.0
21,1,2,2.763888888888889,50.23722222222222,138.29527777777778,72.0,9.921265665388862,72,648,3240,1800,1.0,376,0,1,0,1,0,0,1,0,0,1,0,0,0,1,0,0,1,0,0,0,0,0,1,0,0,0,0,0,0,0,0,0,0,1,0.005
57,11,2,2.507042253521127,42.72450704225352,107.58859154929576,6.454545454545454,9.012593227967535,426,142,3337,6390,1.0,370,1,1,0,0,1,0,0,1,0,0,1,0,0,0,1,0,1,0,0,0,0,0,0,0,0,0,0,1,0,0,0,0,1,0,0.005
57,9,3,2.4788732394366195,50.17816901408451,122.0649295774648,7.888888888888888,0.08,142,0,1420,2414,1.0,497,1,1,0,0,1,0,0,1,0,0,1,0,0,1,0,1,0,0,0,0,0,0,0,0,0,1,0,0,0,0,0,0,1,0,0.99
25,10,1,2.555555555555556,49.14138888888888,121.24930555555557,7.199999999999999,0.09,216,0,2448,6552,1.0,372,1,1,1,0,0,1,0,0,0,1,0,1,0,0,0,0,0,0,1,0,1,0,0,0,0,0,0,0,0,0,0,0,1,0,0.0
56,7,1,2.535211267605634,50.79507042253521,124.6987323943662,10.142857142857142,0.04,142,0,2059,6603,1.0,376,1,1,0,0,1,0,1,0,1,0,0,0,0,0,1,0,0,0,1,0,1,0,0,0,0,0,0,0,0,0,0,1,0,0,0.0
66,9,3,2.6666666666666665,52.22930555555556,139.69361111111112,8.0,0.22,288,0,1800,2952,1.0,491,1,1,0,1,0,0,0,1,1,0,0,0,1,0,0,0,0,0,0,1,0,1,0,0,0,0,0,0,0,1,0,0,0,0,0.995
21,1,0,2.4444444444444446,54.41291666666667,131.84902777777776,72.0,0.26,288,0,2952,5832,1.0,502,0,1,1,0,0,0,0,1,1,0,0,1,0,0,0,0,0,0,1,0,1,0,0,0,0,0,0,0,0,0,1,0,0,0,0.98
19,11,0,2.295774647887324,51.52323943661972,116.6798591549296,6.454545454545454,0.25,0,142,1278,4189,1.0,370,1,1,0,0,1,0,1,0,1,0,0,1,0,0,0,0,0,0,1,0,1,0,0,0,0,0,0,0,0,0,1,0,0,0,0.01
28,10,2,2.4027777777777777,47.07208333333333,117.57972222222222,7.199999999999999,0.02,0,216,3312,5256,1.0,374,1,1,1,0,0,0,0,1,0,0,1,0,1,0,0,0,1,0,0,0,0,0,1,0,0,0,0,0,0,1,0,0,0,0,0.0
67,10,4,2.6666666666666665,53.98791666666667,142.9975,7.199999999999999,0.23,216,0,3024,1872,1.0,492,1,1,1,0,0,1,0,0,1,0,0,1,0,0,0,0,0,0,1,0,0,1,0,0,0,0,0,0,0,0,0,0,0,1,0.995
49,11,4,2.5277777777777777,52.441944444444445,131.43263888888887,6.545454545454546,10.416272228669367,216,360,2880,4680,1.0,374,0,1,0,1,0,0,0,1,0,1,0,1,0,0,0,0,0,0,0,1,0,1,0,0,0,0,0,0,0,0,1,0,0,0,0.0
57,14,4,2.486111111111111,46.63319444444445,117.9811111111111,5.142857142857143,0.11,288,0,1368,6336,1.0,375,1,1,1,0,0,1,0,0,0,1,0,0,1,0,0,0,0,0,0,1,0,0,0,0,0,1,0,0,0,0,0,0,1,0,0.015
61,6,3,2.625,53.795,139.15180555555557,12.0,0.19,288,0,3024,1872,1.0,373,1,1,1,0,0,1,0,0,0,1,0,0,1,0,0,0,0,0,0,1,0,1,0,0,0,0,0,0,0,0,0,0,0,1,0.015
28,10,2,2.436619718309859,50.28366197183099,121.78028169014084,7.1,0.02,0,213,3266,5183,1.0,371,1,1,1,0,0,0,0,1,0,0,1,0,1,0,0,0,1,0,0,0,0,0,0,0,0,0,1,0,0,0,0,1,0,0,0.01
25,1,2,2.4722222222222223,49.28763888888889,121.74944444444444,72.0,0.13,216,0,1512,4968,1.0,493,0,1,1,0,0,0,0,1,0,0,1,1,0,0,0,0,0,0,1,0,1,0,0,0,0,0,0,0,0,0,0,0,0,1,0.985
48,5,4,2.680555555555556,49.56958333333333,130.0609722222222,14.4,0.18,144,0,936,3240,1.0,372,0,1,1,0,0,1,0,0,0,0,1,0,0,1,0,0,0,0,0,1,0,0,0,0,0,0,0,0,1,0,0,0,0,1,0.01
54,4,4,2.535211267605634,45.67943661971831,117.78464788732391,17.75,0.01,213,0,3337,4757,1.0,386,1,1,1,0,0,0,0,1,1,0,0,0,0,1,0,0,1,0,0,0,1,0,0,0,0,0,0,0,0,1,0,0,0,0,0.0
64,14,1,2.611111111111111,50.93111111111111,136.01694444444445,5.142857142857143,0.13,0,144,2448,1728,1.0,379,1,1,1,0,0,0,1,0,0,0,1,0,1,0,0,0,0,0,1,0,0,0,0,0,0,1,0,0,0,0,0,0,1,0,0.0
35,2,1,2.4444444444444446,52.36569444444444,131.20375,36.0,0.03,72,0,2304,4032,1.0,373,0,1,0,0,1,1,0,0,0,0,1,0,0,1,0,0,1,0,0,0,0,0,0,0,1,0,0,0,0,0,0,0,0,1,0.005
66,1,2,2.5774647887323945,52.62690140845071,137.94915492957745,71.0,0.08,0,142,994,5254,1.0,371,1,1,0,0,1,0,1,0,1,0,0,0,0,1,0,1,0,0,0,0,0,1,0,0,0,0,0,0,0,0,0,0,1,0,0.005
30,4,0,2.619718309859155,53.61704225352113,137.53436619718312,17.75,0.18,284,0,2982,2485,1.0,493,1,1,0,1,0,0,1,0,0,1,0,0,1,0,0,0,0,0,1,0,0,0,0,0,1,0,0,0,0,0,1,0,0,0,0.985
70,10,3,2.5211267605633805,46.77112676056338,121.80605633802816,7.1,10.90247589322198,0,639,3124,6532,1.0,370,1,1,0,1,0,0,0,1,0,0,1,0,0,0,1,0,0,0,0,1,0,0,0,0,0,0,0,0,1,0,1,0,0,0,0.0
35,2,3,2.3380281690140845,49.28676056338029,114.4587323943662,35.5,0.25,142,0,710,2982,1.0,522,0,1,0,1,0,0,1,0,0,1,0,0,0,1,0,0,0,0,0,1,0,0,0,0,0,1,0,0,0,0,0,0,1,0,0.985
48,8,0,2.6527777777777777,50.20222222222222,136.50944444444443,9.0,0.03,144,0,2016,4176,1.0,371,0,1,1,0,0,0,1,0,0,1,0,1,0,0,0,0,0,0,0,1,1,0,0,0,0,0,0,0,0,0,1,0,0,0,0.0
68,11,1,2.763888888888889,51.465833333333336,140.16472222222222,6.545454545454546,0.22,216,0,3312,5112,1.0,370,1,1,1,0,0,0,1,0,0,1,0,0,1,0,0,1,0,0,0,0,1,0,0,0,0,0,0,0,0,0,1,0,0,0,0.005
33,12,3,2.507042253521127,48.212112676056336,119.93478873239438,5.916666666666667,0.15,71,0,1278,5396,1.0,374,1,1,0,0,1,0,0,1,0,0,1,0,0,1,0,1,0,0,0,0,0,1,0,0,0,0,0,0,0,0,0,0,0,1,0.0
25,10,4,2.708333333333333,50.67402777777777,135.45319444444442,7.199999999999999,0.15,288,0,648,6480,1.0,491,0,1,0,1,0,1,0,0,1,0,0,0,1,0,0,0,0,0,1,0,0,0,0,0,0,0,1,0,0,1,0,0,0,0,0.995
65,15,3,2.5211267605633805,50.5243661971831,127.82718309859156,4.733333333333333,0.15,142,0,1207,3834,1.0,490,1,1,1,0,0,1,0,0,0,1,0,0,1,0,0,0,0,0,1,0,0,0,1,0,0,0,0,0,0,1,0,0,0,0,0.995
52,9,3,2.535211267605634,47.88830985915493,125.35464788732396,7.888888888888888,0.25,142,0,2343,5964,1.0,491,1,1,1,0,0,0,1,0,1,0,0,1,0,0,0,0,0,1,0,0,1,0,0,0,0,0,0,0,0,0,0,1,0,0,0.98
35,14,1,2.6666666666666665,51.69416666666667,134.07805555555558,5.142857142857143,0.05,432,0,3456,4896,1.0,375,1,1,0,1,0,0,1,0,1,0,0,0,0,0,1,1,0,0,0,0,0,0,0,0,1,0,0,0,0,0,1,0,0,0,0.01
48,10,4,2.375,52.40013888888889,123.22125,7.199999999999999,13.396364307572856,0,288,432,864,1.0,377,1,1,0,0,1,0,1,0,1,0,0,0,1,0,0,1,0,0,0,0,0,0,1,0,0,0,0,0,0,0,1,0,0,0,0.0
34,9,2,2.486111111111111,51.42138888888889,129.6075,8.0,14.663665891596189,576,0,1728,5328,1.0,374,0,1,1,0,0,1,0,0,1,0,0,0,1,0,0,0,0,1,0,0,0,0,0,1,0,0,0,0,0,1,0,0,0,0,0.0
61,11,4,2.492957746478873,48.20140845070423,120.08154929577466,6.454545454545454,0.22,71,0,3124,7100,1.0,374,0,1,0,1,0,1,0,0,1,0,0,0,0,1,0,0,0,0,1,0,0,0,0,0,0,0,1,0,0,0,0,0,0,1,0.02
20,3,2,2.638888888888889,48.1875,125.65097222222224,24.0,0.08,0,216,2232,5040,1.0,372,1,1,0,0,1,0,1,0,0,1,0,0,1,0,0,0,0,0,1,0,0,0,0,0,0,1,0,0,0,0,0,0,0,1,0.005
26,14,0,2.611111111111111,47.67055555555556,126.61458333333331,5.142857142857143,0.06,288,0,1152,2952,1.0,370,1,1,0,1,0,0,1,0,0,0,1,0,1,0,0,0,0,1,0,0,0,0,0,0,0,0,1,0,0,0,0,0,0,1,0.0
31,12,1,2.4722222222222223,51.60652777777778,127.78444444444445,6.0,0.17,288,0,504,6048,1.0,372,0,1,1,0,0,1,0,0,0,1,0,1,0,0,0,0,1,0,0,0,0,1,0,0,0,0,0,0,0,0,0,1,0,0,0.01
41,3,3,2.388888888888889,57.248333333333335,139.20916666666665,24.0,7.683813403410544,72,504,3384,3168,1.0,383,1,1,0,1,0,1,0,0,1,0,0,1,0,0,0,1,0,0,0,0,0,0,0,0,1,0,0,0,0,1,0,0,0,0,0.01
68,1,4,2.2253521126760565,53.87323943661972,121.67267605633803,71.0,0.21,284,0,3124,6390,1.0,502,1,1,0,1,0,0,1,0,0,1,0,1,0,0,0,0,0,0,0,1,0,0,0,1,0,0,0,0,0,0,1,0,0,0,0.98
58,1,1,2.605633802816901,50.92014084507042,132.16774647887323,71.0,0.03,0,355,1562,4899,1.0,503,1,1,1,0,0,0,1,0,1,0,0,0,0,1,0,1,0,0,0,0,0,0,0,0,0,0,1,0,0,0,0,1,0,0,0.985
24,2,0,2.535211267605634,50.182676056338025,127.06169014084506,35.5,0.27,142,0,2343,6745,1.0,371,0,1,1,0,0,0,0,1,1,0,0,0,1,0,0,0,1,0,0,0,0,0,0,0,0,0,0,1,0,1,0,0,0,0,0.005
41,3,3,2.3472222222222223,53.33916666666667,127.67930555555556,24.0,7.683813403410544,72,504,3384,3168,1.0,370,1,1,0,1,0,1,0,0,1,0,0,1,0,0,0,1,0,0,0,0,0,0,0,0,0,0,1,0,0,1,0,0,0,0,0.0
50,7,1,2.430555555555556,48.12458333333333,117.87944444444445,10.285714285714286,0.14,144,0,2880,3312,1.0,374,1,1,0,1,0,0,1,0,0,0,1,0,0,1,0,1,0,0,0,0,0,0,0,1,0,0,0,0,0,0,0,0,0,1,0.015
37,8,4,2.5774647887323945,53.03478873239437,136.4454929577465,8.875,0.18,213,0,3479,2911,1.0,375,0,1,1,0,0,1,0,0,1,0,0,0,0,0,1,0,0,1,0,0,0,0,0,0,0,0,1,0,0,0,0,0,1,0,0.015
23,3,4,2.464788732394366,53.079577464788734,128.31112676056338,23.666666666666668,0.08,0,142,2059,6461,1.0,515,1,1,1,0,0,1,0,0,0,0,1,0,1,0,0,0,0,0,0,1,0,0,0,0,0,0,1,0,0,0,1,0,0,0,0.99
37,13,0,2.3472222222222223,49.19888888888889,114.70527777777778,5.538461538461538,13.203249225295048,720,360,1440,1872,1.0,371,1,1,0,0,1,0,0,1,0,0,1,0,0,1,0,0,0,1,0,0,0,0,0,0,0,0,1,0,0,0,0,0,0,1,0.0
29,6,0,2.361111111111111,47.74222222222223,119.90138888888887,12.0,0.29,0,360,1368,5040,1.0,501,1,1,0,1,0,0,1,0,1,0,0,0,0,0,1,0,0,0,1,0,0,0,0,0,1,0,0,0,0,1,0,0,0,0,0.995
44,14,4,2.555555555555556,52.35041666666667,132.02069444444444,5.142857142857143,14.913690070988231,648,576,1368,5544,1.0,371,0,1,0,1,0,1,0,0,1,0,0,1,0,0,0,0,0,0,0,1,0,0,0,1,0,0,0,0,0,0,0,0,1,0,0.0
25,10,1,2.9444444444444446,49.69118115580724,146.09173791186615,7.199999999999999,0.2909263734028743,142,81,2447,6545,0.6111111111111112,811,1,1,1,0,0,1,0,0,0,1,0,1,0,0,0,0,0,0,1,0,0,0,0,0,0,1,0,0,0,0,0,0,0,0,0.12
53,6,4,2.563380281690141,50.8774647887324,131.62154929577463,11.833333333333334,0.06,0,142,497,1065,1.0,491,0,1,0,1,0,0,0,1,1,0,0,0,1,0,0,1,0,0,0,0,0,0,0,0,0,0,1,0,0,0,0,0,0,1,1.0
26,4,4,2.380281690140845,53.99957746478873,128.23253521126762,17.75,0.21,142,0,1846,5041,1.0,527,1,1,0,0,1,1,0,0,1,0,0,0,0,1,0,0,0,0,0,1,0,0,0,0,0,1,0,0,0,0,0,1,0,0,0.985
49,6,1,2.6666666666666665,46.67527777777778,123.04805555555556,12.0,0.15,432,0,1008,5616,1.0,372,1,1,1,0,0,0,0,1,1,0,0,0,0,1,0,0,1,0,0,0,0,0,1,0,0,0,0,0,0,1,0,0,0,0,0.0
62,1,3,2.638888888888889,50.55458333333333,128.0826388888889,72.0,0.01,144,0,432,4104,1.0,376,1,1,0,0,1,0,0,1,0,0,1,0,0,0,1,0,1,0,0,0,0,0,0,0,0,0,1,0,0,0,0,0,1,0,0.0
42,13,2,2.436619718309859,47.9930985915493,116.75352112676056,5.461538461538462,0.01,426,0,497,7384,1.0,370,0,1,0,0,1,1,0,0,0,0,1,0,1,0,0,0,0,1,0,0,0,0,0,0,1,0,0,0,0,0,0,0,0,1,0.01
55,1,4,2.507042253521127,50.24267605633803,127.15211267605632,71.0,0.22,71,0,2698,2840,1.0,379,0,1,1,0,0,0,1,0,1,0,0,1,0,0,0,0,0,1,0,0,0,0,0,0,0,0,0,0,1,0,0,0,1,0,0.005
40,10,3,2.75,51.99611111111111,143.50722222222225,7.199999999999999,0.14,0,144,2376,4968,1.0,370,1,1,0,0,1,0,0,1,0,0,1,0,1,0,0,0,0,0,0,1,0,0,1,0,0,0,0,0,0,0,0,0,1,0,0.015
63,1,0,2.5972222222222223,46.83402777777778,119.72680555555556,72.0,0.04,0,288,3528,6912,1.0,376,0,1,0,1,0,0,0,1,1,0,0,0,0,0,1,0,0,0,1,0,0,0,0,0,1,0,0,0,0,1,0,0,0,0,0.005
34,3,1,2.9444444444444446,49.60691508671141,151.9094659024012,24.0,0.2775616837663139,164,56,3311,4816,0.6944444444444444,807,1,1,0,1,0,0,0,1,0,0,1,0,1,0,0,1,0,0,0,0,0,0,0,0,0,1,0,0,0,0,0,0,1,0,0.115
57,8,4,2.5694444444444446,50.49430555555556,126.73194444444444,9.0,0.25,72,0,864,1152,1.0,370,1,1,0,1,0,0,0,1,0,0,1,0,0,1,0,0,0,0,0,1,0,1,0,0,0,0,0,0,0,1,0,0,0,0,0.0
55,12,4,3.263888888888889,55.254835797286354,172.75872468617524,6.0,0.2495004370663236,179,67,1151,6210,0.6111111111111112,717,1,1,1,0,0,0,0,1,0,0,1,0,0,1,0,0,0,1,0,0,0,0,0,0,0,0,0,1,0,0,0,0,0,0,0.09
55,6,4,2.4027777777777777,49.701388888888886,121.865,12.0,14.850350359363468,216,288,3528,4176,1.0,370,0,1,1,0,0,0,0,1,0,0,1,0,0,0,1,0,0,0,0,1,0,1,0,0,0,0,0,0,0,1,0,0,0,0,0.0
57,8,4,2.513888888888889,51.84638888888889,130.4463888888889,9.0,0.25,72,0,864,1152,1.0,372,1,1,0,1,0,0,0,1,0,0,1,0,0,1,0,0,0,0,0,1,0,0,0,0,0,0,1,0,0,1,0,0,0,0,0.005
57,2,1,2.6527777777777777,53.33263888888889,142.34083333333334,36.0,0.05,0,144,1584,2160,1.0,374,0,1,0,1,0,1,0,0,0,1,0,0,0,1,0,0,0,0,0,1,0,0,0,0,1,0,0,0,0,1,0,0,0,0,0.0
34,15,3,2.6901408450704225,49.78140845070423,135.94169014084508,4.733333333333333,0.17,0,142,1917,3550,1.0,371,0,1,0,1,0,0,1,0,0,0,1,0,1,0,0,0,1,0,0,0,0,0,0,0,0,0,0,1,0,0,0,0,0,1,0.015
47,9,2,2.4444444444444446,51.25736111111112,126.70347222222222,8.0,0.09,144,0,936,1584,1.0,375,1,1,0,1,0,1,0,0,1,0,0,1,0,0,0,0,1,0,0,0,0,1,0,0,0,0,0,0,0,0,1,0,0,0,0.0
66,15,4,2.507042253521127,50.054084507042255,119.81943661971832,4.733333333333333,11.526385894687447,710,355,994,4047,1.0,372,1,1,1,0,0,1,0,0,1,0,0,0,0,0,1,0,0,1,0,0,0,0,0,0,0,0,0,0,1,0,1,0,0,0,0.0
51,13,3,2.305555555555556,53.02111111111111,121.62916666666666,5.538461538461538,0.08,288,0,3672,1080,1.0,374,1,1,0,1,0,0,1,0,0,1,0,1,0,0,0,1,0,0,0,0,1,0,0,0,0,0,0,0,0,0,0,1,0,0,0.01
50,12,2,2.361111111111111,50.453472222222224,117.4973611111111,6.0,0.19,288,0,1512,2520,1.0,373,0,1,0,1,0,0,0,1,1,0,0,0,0,0,1,0,1,0,0,0,0,0,0,0,0,0,0,1,0,0,0,1,0,0,0.015
28,13,2,2.708333333333333,52.840833333333336,143.3022222222222,5.538461538461538,5.674058651816404,144,216,1368,720,1.0,374,1,1,0,0,1,0,0,1,0,0,1,0,0,1,0,0,0,0,0,1,0,0,1,0,0,0,0,0,0,0,1,0,0,0,0.01
54,15,1,2.5694444444444446,49.75208333333333,134.93402777777777,4.8,8.864371006316826,576,144,2592,3456,1.0,371,0,1,0,1,0,1,0,0,1,0,0,0,1,0,0,0,0,0,1,0,0,0,0,0,1,0,0,0,0,0,0,0,1,0,0.0
35,12,3,2.430555555555556,49.32597222222222,124.16166666666666,6.0,0.03,0,216,3384,5544,1.0,496,1,1,0,1,0,1,0,0,0,1,0,1,0,0,0,0,1,0,0,0,0,0,0,0,1,0,0,0,0,0,1,0,0,0,0.99
68,11,4,2.4166666666666665,49.223055555555554,116.42611111111113,6.545454545454546,0.07,72,0,2880,1728,1.0,491,1,1,1,0,0,0,1,0,0,0,1,0,0,1,0,0,0,1,0,0,0,0,0,0,0,0,0,1,0,1,0,0,0,0,0.985
38,1,2,2.583333333333333,50.27222222222222,129.1786111111111,72.0,0.0,216,0,2232,4968,1.0,494,0,1,0,1,0,1,0,0,0,0,1,0,0,1,0,1,0,0,0,0,0,0,0,1,0,0,0,0,0,0,1,0,0,0,0.99
23,4,0,2.788732394366197,50.56098591549296,136.43408450704226,17.75,0.23,71,0,1775,2485,1.0,370,0,1,0,0,1,0,1,0,0,1,0,0,0,1,0,0,0,1,0,0,0,0,1,0,0,0,0,0,0,0,0,1,0,0,0.02
46,4,4,2.4444444444444446,49.50625,119.65027777777776,18.0,0.01,216,0,1872,6192,1.0,375,1,1,1,0,0,1,0,0,0,0,1,0,0,0,1,1,0,0,0,0,1,0,0,0,0,0,0,0,0,1,0,0,0,0,0.005
43,12,4,2.408450704225352,49.32183098591549,116.80901408450706,5.916666666666667,0.07,213,0,1278,1278,1.0,502,0,1,0,0,1,0,1,0,1,0,0,0,0,1,0,0,0,0,1,0,0,0,0,0,0,1,0,0,0,1,0,0,0,0,0.995
35,2,0,2.638888888888889,50.64069444444445,137.01597222222222,36.0,13.246025698199697,72,144,2232,6768,1.0,372,0,1,1,0,0,1,0,0,0,1,0,0,0,0,1,0,0,1,0,0,0,0,0,1,0,0,0,0,0,0,0,0,0,1,0.0
60,6,2,2.763888888888889,52.54555555555555,146.685,12.0,0.12,360,0,3096,2016,1.0,372,0,1,0,1,0,0,1,0,0,0,1,0,0,1,0,0,0,0,1,0,0,0,0,0,0,0,1,0,0,0,0,1,0,0,0.015
54,1,2,2.4788732394366195,47.45633802816901,117.04394366197184,71.0,0.01,71,0,3124,6532,1.0,372,0,1,1,0,0,1,0,0,1,0,0,1,0,0,0,0,1,0,0,0,0,1,0,0,0,0,0,0,0,0,0,0,1,0,0.005
54,4,1,2.4788732394366195,51.25,125.28323943661972,17.75,0.11,142,0,852,4118,1.0,370,1,1,1,0,0,1,0,0,1,0,0,1,0,0,0,1,0,0,0,0,0,1,0,0,0,0,0,0,0,1,0,0,0,0,0.005
40,7,2,2.486111111111111,46.79388888888889,113.63680555555555,10.285714285714286,0.09,72,0,3384,3384,1.0,373,1,1,1,0,0,1,0,0,1,0,0,0,1,0,0,0,0,1,0,0,0,0,0,1,0,0,0,0,0,0,0,0,1,0,0.0
70,6,1,2.380281690140845,49.62366197183098,117.9449295774648,11.833333333333334,7.593953421698728,355,426,3337,781,1.0,373,0,1,1,0,0,1,0,0,0,0,1,0,0,0,1,0,0,0,1,0,0,1,0,0,0,0,0,0,0,0,1,0,0,0,0.0
52,12,4,2.638888888888889,51.05444444444444,131.96069444444444,6.0,0.2,360,0,432,7272,1.0,504,0,1,0,0,1,1,0,0,1,0,0,0,0,0,1,0,0,0,0,1,1,0,0,0,0,0,0,0,0,1,0,0,0,0,0.99
66,9,1,2.625,53.81972222222223,141.0601388888889,8.0,0.23,0,144,2376,5184,1.0,374,1,1,0,0,1,0,0,1,0,1,0,0,0,0,1,0,0,0,0,1,0,0,0,0,0,1,0,0,0,0,0,0,1,0,0.0
44,14,4,2.430555555555556,47.00722222222223,112.78388888888888,5.142857142857143,14.913690070988231,648,576,1368,5544,1.0,373,0,1,0,1,0,1,0,0,1,0,0,1,0,0,0,0,0,0,0,1,0,0,0,0,0,0,1,0,0,0,0,1,0,0,0.0
34,1,0,3.138888888888889,49.62035453673439,161.61274490589415,72.0,0.3116861231459018,130,100,3311,6053,0.625,755,0,1,0,1,0,0,1,0,0,0,1,0,0,1,0,0,1,0,0,0,0,0,0,0,0,1,0,0,0,0,0,0,0,0,0.085
22,14,4,2.591549295774648,49.93380281690141,134.7201408450704,5.071428571428571,0.2,213,0,2698,5112,1.0,491,1,1,0,1,0,1,0,0,0,1,0,1,0,0,0,0,1,0,0,0,0,1,0,0,0,0,0,0,0,0,0,0,1,0,0.995
64,13,3,2.458333333333333,51.30041666666667,128.15180555555557,5.538461538461538,0.29,288,0,648,4824,1.0,509,1,1,0,1,0,0,1,0,0,0,1,0,1,0,0,0,1,0,0,0,0,0,0,0,1,0,0,0,0,0,0,1,0,0,0.99
39,4,0,2.638888888888889,50.3175,129.64583333333334,18.0,0.18,144,0,864,5904,1.0,514,1,1,0,1,0,1,0,0,0,0,1,0,0,1,0,0,1,0,0,0,0,0,0,1,0,0,0,0,0,0,0,1,0,0,0.985
43,6,1,2.535211267605634,48.73070422535211,125.50676056338028,11.833333333333334,0.11,142,0,2414,5396,1.0,381,1,1,0,0,1,1,0,0,0,1,0,0,1,0,0,0,0,0,1,0,0,0,0,0,1,0,0,0,0,0,0,1,0,0,0.0
18,15,3,2.464788732394366,51.135211267605634,125.84338028169016,4.733333333333333,0.28,213,0,3266,4686,1.0,380,0,1,0,1,0,1,0,0,0,0,1,0,0,0,1,0,1,0,0,0,0,0,0,0,0,0,1,0,0,0,0,0,0,1,0.0
25,15,1,2.6944444444444446,50.22819444444444,129.16625,4.8,0.29,0,432,720,6984,1.0,372,0,1,0,1,0,0,0,1,0,0,1,0,1,0,0,1,0,0,0,0,0,0,0,0,0,1,0,0,0,0,1,0,0,0,0.0
36,4,4,2.5492957746478875,49.51211267605634,121.14647887323945,17.75,0.09,213,0,3337,7100,1.0,378,1,1,0,1,0,0,0,1,0,0,1,0,0,1,0,0,0,1,0,0,0,1,0,0,0,0,0,0,0,0,1,0,0,0,0.005
40,6,0,2.5277777777777777,51.98041666666667,129.04208333333335,12.0,0.26,288,0,3384,1728,1.0,370,0,1,0,1,0,0,1,0,0,0,1,0,1,0,0,0,0,0,1,0,0,0,0,0,0,1,0,0,0,0,1,0,0,0,0.005
52,9,3,2.732394366197183,51.3656338028169,139.48507042253522,7.888888888888888,0.25,142,0,2343,5964,1.0,510,1,1,1,0,0,0,1,0,1,0,0,1,0,0,0,0,0,1,0,0,0,0,1,0,0,0,0,0,0,0,0,0,1,0,0.995
29,14,4,2.887323943661972,50.77311509205336,148.89610583954038,5.071428571428571,0.2368650157457724,147,61,1277,6947,0.5492957746478874,565,1,1,1,0,0,0,1,0,0,0,1,0,1,0,0,0,0,0,0,1,0,1,0,0,0,0,0,0,0,0,0,0,0,0,0.11
51,13,0,2.492957746478873,50.83591549295775,125.912676056338,5.461538461538462,11.337021491248372,639,71,2769,1704,1.0,379,1,1,1,0,0,0,1,0,0,1,0,0,0,0,1,1,0,0,0,0,0,0,0,0,0,0,0,1,0,1,0,0,0,0,0.0
40,2,0,2.4722222222222223,51.503194444444446,127.30708333333334,36.0,0.08,144,0,1296,6048,1.0,371,0,1,0,1,0,1,0,0,0,0,1,0,0,1,0,0,0,0,0,1,0,0,0,0,0,1,0,0,0,0,0,1,0,0,0.0
63,14,3,2.352112676056338,46.34056338028169,110.5105633802817,5.071428571428571,0.05,71,0,2840,852,1.0,373,1,1,0,1,0,0,1,0,1,0,0,1,0,0,0,0,0,0,0,1,0,1,0,0,0,0,0,0,0,0,0,1,0,0,0.0
59,1,2,2.958333333333333,48.8673545530064,143.73553588124142,72.0,0.2317225375530723,159,52,1727,5610,0.6805555555555556,812,1,1,0,0,1,0,1,0,0,0,1,0,0,0,1,0,0,0,0,1,0,0,0,1,0,0,0,0,0,0,0,0,1,0,0.105
54,15,1,3.236111111111111,52.02445402714193,166.6958620814258,4.8,0.283810708421067,167,73,2663,3686,0.5972222222222222,706,0,1,0,1,0,1,0,0,1,0,0,0,1,0,0,0,0,0,1,0,0,0,0,0,0,0,0,1,0,0,0,0,0,0,0.145
45,2,4,3.055555555555556,51.27621092029538,159.85067701451487,36.0,0.3244844402800744,175,52,575,1728,0.6527777777777778,690,0,1,1,0,0,1,0,0,0,1,0,0,0,0,1,0,0,0,1,0,0,0,0,1,0,0,0,0,0,0,0,0,1,0,0.12
69,13,4,2.986111111111111,50.84226703139024,145.48296147583468,5.538461538461538,0.3076266838288961,162,57,1727,4462,0.6388888888888888,666,1,1,0,1,0,1,0,0,1,0,0,0,0,1,0,0,1,0,0,0,0,0,1,0,0,0,0,0,0,0,0,0,0,0,0.165
66,9,1,2.5277777777777777,54.22958333333334,138.53847222222225,8.0,0.23,0,144,2376,5184,1.0,376,1,1,0,0,1,0,0,1,0,1,0,0,0,0,1,0,0,0,0,1,1,0,0,0,0,0,0,0,0,1,0,0,0,0,0.01
59,3,4,3.305555555555556,52.73924230376561,177.6898734964201,24.0,0.2499061010773776,171,76,3095,5708,0.5972222222222222,597,0,1,0,0,1,0,0,1,0,0,1,0,1,0,0,0,0,1,0,0,0,1,0,0,0,0,0,0,0,0,0,0,0,0,0.15
43,4,1,2.458333333333333,47.17041666666667,117.54861111111111,18.0,0.28,288,0,1944,5400,1.0,375,0,1,0,1,0,0,1,0,0,1,0,1,0,0,0,0,0,0,1,0,0,1,0,0,0,0,0,0,0,0,0,0,0,1,0.01
45,5,4,2.507042253521127,47.64295774647888,121.38028169014083,14.2,0.06,213,0,1633,7171,1.0,372,0,1,0,0,1,0,0,1,1,0,0,0,0,0,1,0,1,0,0,0,0,0,0,0,0,0,0,1,0,0,0,0,0,1,0.005
24,10,3,2.436619718309859,51.874084507042255,127.91690140845073,7.1,0.17,0,142,1562,5538,1.0,518,1,1,0,0,1,0,1,0,0,0,1,0,0,0,1,0,0,0,0,1,0,0,0,0,1,0,0,0,0,1,0,0,0,0,0.99
33,10,1,2.4027777777777777,48.94013888888889,114.28416666666664,7.199999999999999,0.16,72,0,1368,6480,1.0,500,1,1,1,0,0,0,1,0,1,0,0,0,0,1,0,0,0,1,0,0,0,0,0,0,0,0,0,0,1,0,0,0,0,1,1.0
61,6,3,2.486111111111111,49.90444444444445,124.74513888888887,12.0,0.19,288,0,3024,1872,1.0,371,1,1,1,0,0,1,0,0,0,1,0,0,1,0,0,0,0,0,0,1,0,0,0,1,0,0,0,0,0,0,1,0,0,0,0.015
68,11,1,2.6666666666666665,48.813472222222224,134.44875,6.545454545454546,0.22,216,0,3312,5112,1.0,374,1,1,1,0,0,0,1,0,0,1,0,0,1,0,0,1,0,0,0,0,0,0,0,0,1,0,0,0,0,0,0,0,1,0,0.0
68,1,2,2.6527777777777777,49.99472222222222,134.79958333333332,72.0,0.25,288,0,2952,7416,1.0,370,0,1,0,0,1,1,0,0,0,1,0,1,0,0,0,0,0,0,0,1,1,0,0,0,0,0,0,0,0,0,0,1,0,0,0.015
52,1,4,2.9444444444444446,50.27238634151228,149.5578282385801,72.0,0.2596935214433453,149,66,3599,5826,0.6111111111111112,773,0,1,1,0,0,0,1,0,0,0,1,1,0,0,0,0,1,0,0,0,0,0,0,0,0,0,0,1,0,0,0,0,0,0,0.77
24,12,2,2.5492957746478875,51.57507042253521,131.03436619718312,5.916666666666667,0.3,142,0,426,1136,1.0,372,1,1,0,1,0,1,0,0,0,0,1,0,0,1,0,0,0,0,0,1,0,1,0,0,0,0,0,0,0,0,0,0,0,1,0.02
54,15,1,2.591549295774648,52.45464788732394,138.766338028169,4.733333333333333,8.864371006316826,568,142,2556,3408,1.0,370,0,1,0,1,0,1,0,0,1,0,0,0,1,0,0,0,0,0,1,0,0,0,0,0,0,0,0,1,0,0,1,0,0,0,0.0
67,9,1,2.4722222222222223,53.64680555555556,135.9704166666667,8.0,0.16,144,0,2376,2592,1.0,492,1,1,0,1,0,0,0,1,0,1,0,0,0,0,1,0,0,1,0,0,1,0,0,0,0,0,0,0,0,1,0,0,0,0,0.995
25,2,1,2.625,58.01736111111112,151.13902777777778,36.0,0.05,360,0,3168,4032,1.0,497,0,1,0,0,1,1,0,0,0,1,0,1,0,0,0,0,0,1,0,0,0,0,0,0,1,0,0,0,0,0,0,1,0,0,0.945
18,3,0,3.263888888888889,48.90724763426793,155.94221039356188,24.0,0.3391866668312331,154,89,1655,4622,0.5416666666666666,675,1,1,0,0,1,1,0,0,1,0,0,1,0,0,0,1,0,0,0,0,0,0,1,0,0,0,0,0,0,0,0,0,0,0,0.055
38,1,2,2.555555555555556,46.50125,117.60513888888887,72.0,0.0,216,0,2232,4968,1.0,503,0,1,0,1,0,1,0,0,0,0,1,0,0,1,0,1,0,0,0,0,0,0,0,0,1,0,0,0,0,0,0,0,1,0,0.985
48,3,0,2.422535211267605,52.56253521126761,129.1766197183099,23.666666666666668,0.3,142,0,3266,3195,1.0,497,1,1,1,0,0,0,0,1,0,1,0,0,0,0,1,0,0,0,0,1,0,1,0,0,0,0,0,0,0,0,1,0,0,0,0.995
46,4,4,2.5774647887323945,51.79746478873239,132.11661971830986,17.75,0.01,213,0,1846,6106,1.0,373,1,1,1,0,0,1,0,0,0,0,1,0,0,0,1,1,0,0,0,0,0,1,0,0,0,0,0,0,0,1,0,0,0,0,0.01
60,4,4,2.625,48.36111111111112,127.75319444444445,18.0,0.02,0,216,1152,1800,1.0,372,0,1,0,1,0,0,1,0,1,0,0,0,0,1,0,0,0,0,0,1,0,1,0,0,0,0,0,0,0,0,0,0,0,1,0.005
37,1,4,2.422535211267605,50.27380281690141,123.02774647887324,71.0,8.974730559275262,710,568,2982,3124,1.0,370,0,1,0,0,1,0,0,1,0,0,1,1,0,0,0,1,0,0,0,0,0,0,0,0,0,0,1,0,0,1,0,0,0,0,0.0
36,5,4,2.436619718309859,54.000845070422535,133.6669014084507,14.2,6.181456079389093,639,71,710,5183,1.0,379,0,1,1,0,0,1,0,0,0,0,1,0,0,1,0,0,0,0,1,0,0,0,0,0,1,0,0,0,0,0,1,0,0,0,0.0
61,15,3,2.333333333333333,47.76611111111111,110.80833333333334,4.8,6.043439896799889,72,288,1512,6048,1.0,373,1,1,0,0,1,1,0,0,0,1,0,0,1,0,0,0,0,1,0,0,0,0,0,0,1,0,0,0,0,0,1,0,0,0,0.0
46,14,2,2.513888888888889,49.37625,127.76083333333334,5.142857142857143,0.27,0,216,1080,2880,1.0,373,1,1,0,0,1,1,0,0,0,1,0,0,0,0,1,0,0,0,1,0,0,0,0,0,0,0,1,0,0,0,0,1,0,0,0.005
54,4,1,2.4788732394366195,44.31422535211267,111.31591549295776,17.75,0.11,142,0,852,4118,1.0,373,1,1,1,0,0,1,0,0,1,0,0,1,0,0,0,1,0,0,0,0,1,0,0,0,0,0,0,0,0,0,1,0,0,0,0.015
53,10,3,2.4507042253521125,47.941126760563385,115.0187323943662,7.1,10.95217002357076,0,213,639,5183,1.0,378,0,1,0,1,0,0,1,0,0,0,1,0,0,1,0,1,0,0,0,0,0,0,0,0,0,0,1,0,0,0,0,1,0,0,0.005
18,15,3,2.591549295774648,48.69985915492958,125.81788732394364,4.733333333333333,0.28,213,0,3266,4686,1.0,372,0,1,0,1,0,1,0,0,0,0,1,0,0,0,1,0,1,0,0,0,0,0,0,0,0,0,0,1,0,0,0,0,0,1,0.0
69,13,4,2.430555555555556,46.24472222222222,113.18916666666668,5.538461538461538,0.16,0,360,1728,4608,1.0,378,1,1,0,1,0,1,0,0,1,0,0,0,0,1,0,0,1,0,0,0,1,0,0,0,0,0,0,0,0,1,0,0,0,0,0.0
62,15,2,2.4166666666666665,48.01125,113.88458333333334,4.8,0.08,72,0,1512,4608,1.0,396,0,1,0,0,1,0,1,0,0,0,1,0,1,0,0,0,0,0,0,1,0,0,0,0,1,0,0,0,0,0,0,0,1,0,0.0
19,13,3,2.611111111111111,46.888333333333335,119.8313888888889,5.538461538461538,0.21,216,0,3456,5112,1.0,501,0,1,0,1,0,1,0,0,0,0,1,0,1,0,0,0,0,0,1,0,0,0,0,0,0,1,0,0,0,0,0,1,0,0,0.995
30,12,3,2.5,48.33347222222223,125.06625,6.0,9.407550945435665,504,0,504,6192,1.0,371,0,1,1,0,0,0,1,0,0,0,1,0,0,1,0,0,1,0,0,0,0,0,0,0,0,0,0,1,0,0,1,0,0,0,0.0
56,5,3,2.5694444444444446,49.59430555555556,129.42819444444444,14.4,0.12,72,0,3672,5688,1.0,496,0,1,1,0,0,0,1,0,0,0,1,1,0,0,0,1,0,0,0,0,0,0,0,0,0,0,1,0,0,0,0,0,1,0,0.99
32,8,0,2.513888888888889,51.36013888888888,127.6440277777778,9.0,0.08,216,0,3600,5688,1.0,372,0,1,0,1,0,1,0,0,0,1,0,0,0,0,1,0,0,0,0,1,0,0,0,0,0,0,0,0,1,0,0,1,0,0,0.005
55,1,4,2.388888888888889,50.392222222222216,119.97319444444445,72.0,11.963909765832623,576,288,2520,3600,1.0,381,0,1,0,0,1,0,1,0,1,0,0,0,0,1,0,1,0,0,0,0,0,0,0,0,0,0,1,0,0,0,1,0,0,0,0.0
25,2,1,2.513888888888889,51.27027777777778,132.15944444444443,36.0,0.05,360,0,3168,4032,1.0,496,0,1,0,0,1,1,0,0,0,1,0,1,0,0,0,0,0,1,0,0,0,1,0,0,0,0,0,0,0,0,0,1,0,0,0.995
22,6,2,2.23943661971831,51.80267605633802,114.34521126760563,11.833333333333334,0.02,0,284,2698,4189,1.0,375,1,1,0,1,0,0,1,0,0,0,1,0,1,0,0,0,0,1,0,0,0,1,0,0,0,0,0,0,0,1,0,0,0,0,0.01
25,6,0,3.125,51.01451989694917,159.63557958779666,12.0,0.3634805127594481,147,87,3095,4685,0.5972222222222222,830,0,1,0,1,0,1,0,0,1,0,0,0,0,1,0,1,0,0,0,0,0,0,1,0,0,0,0,0,0,0,0,0,0,0,0.08
69,10,2,2.2816901408450705,49.94774647887324,116.25549295774648,7.1,11.988521437096658,284,710,1065,2911,1.0,374,0,1,0,0,1,0,0,1,1,0,0,1,0,0,0,0,0,0,0,1,0,0,1,0,0,0,0,0,0,1,0,0,0,0,0.0
64,12,2,2.611111111111111,49.54111111111112,127.18138888888888,6.0,0.25,0,432,1728,3024,1.0,373,0,1,0,1,0,0,0,1,0,1,0,1,0,0,0,0,0,0,1,0,0,0,1,0,0,0,0,0,0,0,0,0,1,0,0.0
48,8,0,2.486111111111111,46.60805555555556,116.99569444444444,9.0,0.03,144,0,2016,4176,1.0,376,0,1,1,0,0,0,1,0,0,1,0,1,0,0,0,0,0,0,0,1,0,0,0,0,1,0,0,0,0,0,1,0,0,0,0.0
47,10,0,2.361111111111111,45.58402777777778,106.0676388888889,7.199999999999999,0.21,72,0,1512,1008,1.0,373,1,1,0,1,0,0,1,0,0,0,1,1,0,0,0,0,1,0,0,0,0,1,0,0,0,0,0,0,0,0,0,0,0,1,0.01
21,5,4,2.563380281690141,51.57929577464789,131.80492957746478,14.2,0.28,71,0,852,6674,1.0,381,0,1,0,1,0,1,0,0,1,0,0,0,1,0,0,0,1,0,0,0,0,0,0,1,0,0,0,0,0,0,0,1,0,0,0.02
38,2,2,2.638888888888889,54.42652777777778,144.98333333333332,36.0,0.14,0,288,2592,1800,1.0,374,1,1,0,1,0,0,1,0,0,1,0,1,0,0,0,0,1,0,0,0,1,0,0,0,0,0,0,0,0,0,1,0,0,0,0.0
38,2,2,2.555555555555556,48.36347222222222,124.63944444444444,36.0,0.14,0,288,2592,1800,1.0,370,1,1,0,1,0,0,1,0,0,1,0,1,0,0,0,0,1,0,0,0,0,0,0,1,0,0,0,0,0,0,0,1,0,0,0.0
33,8,0,2.75,55.09302192995857,154.25486549761206,9.0,0.3200992098453351,143,58,3167,2426,0.6944444444444444,755,0,1,1,0,0,0,0,1,1,0,0,0,0,0,1,0,0,1,0,0,0,0,0,0,0,0,0,1,0,0,0,0,1,0,0.095
31,2,0,2.458333333333333,49.90222222222222,123.11736111111112,36.0,10.871398822095117,0,0,648,792,1.0,372,1,1,1,0,0,0,0,1,0,0,1,0,0,0,1,0,0,1,0,0,0,0,0,0,1,0,0,0,0,0,1,0,0,0,0.0
49,14,1,2.591549295774648,49.22760563380282,130.21352112676055,5.071428571428571,0.15,284,0,1491,7242,1.0,507,1,1,0,0,1,1,0,0,0,0,1,0,0,0,1,0,0,1,0,0,0,0,0,0,0,1,0,0,0,1,0,0,0,0,0.99
32,2,1,2.5774647887323945,51.54647887323943,132.69859154929577,35.5,0.13,426,0,3337,5325,1.0,382,0,1,0,0,1,0,0,1,0,1,0,0,0,1,0,0,1,0,0,0,0,0,0,0,0,0,1,0,0,0,0,0,0,1,0.0
53,15,2,2.555555555555556,48.67,121.03013888888889,4.8,0.04,0,216,1008,6552,1.0,510,0,1,1,0,0,0,1,0,0,0,1,1,0,0,0,1,0,0,0,0,0,0,1,0,0,0,0,0,0,0,0,0,1,0,0.995
44,15,3,2.704225352112676,53.64352112676056,144.3938028169014,4.733333333333333,0.13,0,213,1491,5680,1.0,492,1,1,0,0,1,0,1,0,0,0,1,1,0,0,0,1,0,0,0,0,1,0,0,0,0,0,0,0,0,0,0,0,1,0,0.99
45,6,4,2.388888888888889,47.315694444444446,108.52027777777778,12.0,10.205508242254684,0,504,1800,5472,1.0,373,1,1,0,1,0,1,0,0,0,0,1,0,0,0,1,0,0,1,0,0,0,0,0,0,0,1,0,0,0,1,0,0,0,0,0.0
66,11,1,2.6338028169014085,46.344084507042254,123.1561971830986,6.454545454545454,0.23,71,0,2982,7100,1.0,498,1,1,0,1,0,1,0,0,0,0,1,1,0,0,0,0,0,1,0,0,0,0,0,0,0,0,0,1,0,0,0,1,0,0,0.98
59,3,4,2.263888888888889,47.69125,106.66027777777778,24.0,0.1,144,0,3096,5616,1.0,371,0,1,0,0,1,0,0,1,0,0,1,0,1,0,0,0,0,1,0,0,0,0,1,0,0,0,0,0,0,1,0,0,0,0,0.0
32,8,0,2.380281690140845,50.13760563380281,119.71323943661972,8.875,0.08,213,0,3550,5609,1.0,397,0,1,0,1,0,1,0,0,0,1,0,0,0,0,1,0,0,0,0,1,0,1,0,0,0,0,0,0,0,0,1,0,0,0,0.0
18,13,0,2.6901408450704225,50.21366197183099,138.65788732394364,5.461538461538462,0.18,284,0,2272,6035,1.0,388,1,1,0,0,1,0,1,0,0,0,1,0,1,0,0,0,1,0,0,0,0,0,0,0,0,1,0,0,0,0,1,0,0,0,0.0
56,15,4,2.4722222222222223,46.87472222222223,116.70847222222224,4.8,0.1,144,0,2088,5688,1.0,373,0,1,1,0,0,1,0,0,0,1,0,1,0,0,0,1,0,0,0,0,0,0,0,0,0,0,1,0,0,0,1,0,0,0,0.0
51,13,4,2.3472222222222223,49.12694444444444,116.2688888888889,5.538461538461538,11.450168057204277,504,720,2808,4104,1.0,374,0,1,1,0,0,0,1,0,0,1,0,0,1,0,0,0,0,0,1,0,0,0,0,0,0,1,0,0,0,1,0,0,0,0,0.0
55,7,1,2.507042253521127,50.116056338028166,126.62211267605632,10.142857142857142,0.12,142,0,2414,7242,1.0,376,1,1,0,0,1,0,1,0,0,0,1,0,0,1,0,0,0,0,1,0,0,0,0,0,0,0,1,0,0,0,1,0,0,0,0.01
54,12,2,2.6338028169014085,46.64521126760563,121.3398591549296,5.916666666666667,0.08,0,142,2769,4047,1.0,372,0,1,0,1,0,0,0,1,0,0,1,0,1,0,0,1,0,0,0,0,0,0,0,1,0,0,0,0,0,0,0,0,0,1,0.0
65,15,2,2.6944444444444446,50.66333333333333,140.45805555555555,4.8,0.03,0,144,2880,2232,1.0,371,1,1,0,1,0,0,0,1,0,0,1,0,0,1,0,0,0,0,1,0,0,0,0,1,0,0,0,0,0,0,1,0,0,0,0.0
50,7,1,2.611111111111111,46.97375,122.46083333333334,10.285714285714286,0.14,144,0,2880,3312,1.0,375,1,1,0,1,0,0,1,0,0,0,1,0,0,1,0,1,0,0,0,0,1,0,0,0,0,0,0,0,0,0,0,1,0,0,0.01
40,10,4,2.563380281690141,48.97098591549296,127.14605633802816,7.1,0.0,0,213,2272,6106,1.0,371,1,1,1,0,0,0,1,0,0,0,1,0,1,0,0,0,0,0,0,1,0,0,0,0,1,0,0,0,0,0,0,0,1,0,0.0
66,1,2,2.535211267605634,52.54464788732395,136.72422535211268,71.0,0.08,0,142,994,5254,1.0,377,1,1,0,0,1,0,1,0,1,0,0,0,0,1,0,1,0,0,0,0,0,0,0,0,0,0,0,0,1,0,0,0,0,1,0.0
63,9,0,2.5416666666666665,49.43694444444444,121.15652777777778,8.0,0.07,0,72,2376,2448,1.0,370,1,1,0,0,1,0,0,1,1,0,0,1,0,0,0,0,1,0,0,0,0,1,0,0,0,0,0,0,0,0,0,0,0,1,0.01
40,6,0,2.535211267605634,48.017183098591545,118.0769014084507,11.833333333333334,0.26,284,0,3337,1704,1.0,382,0,1,0,1,0,0,1,0,0,0,1,0,1,0,0,0,0,0,1,0,0,0,0,0,0,0,0,1,0,0,0,0,0,1,0.005
25,6,0,2.647887323943662,49.85056338028169,133.9901408450704,11.833333333333334,0.12,0,213,3053,4615,1.0,370,0,1,0,1,0,1,0,0,1,0,0,0,0,1,0,1,0,0,0,0,0,0,1,0,0,0,0,0,0,0,0,0,1,0,0.005
57,8,4,2.236111111111111,52.12430555555555,116.43291666666669,9.0,0.25,72,0,864,1152,1.0,384,1,1,0,1,0,0,0,1,0,0,1,0,0,1,0,0,0,0,0,1,0,0,0,0,0,1,0,0,0,0,1,0,0,0,0.02
22,10,4,2.5972222222222223,51.23125,131.6447222222222,7.199999999999999,0.13,144,0,648,7200,1.0,376,0,1,0,0,1,0,1,0,0,0,1,1,0,0,0,1,0,0,0,0,1,0,0,0,0,0,0,0,0,0,0,1,0,0,0.0
32,2,1,2.430555555555556,49.81097222222222,123.3861111111111,36.0,0.13,432,0,3384,5400,1.0,372,0,1,0,0,1,0,0,1,0,1,0,0,0,1,0,0,1,0,0,0,1,0,0,0,0,0,0,0,0,0,1,0,0,0,0.005
32,15,2,2.6338028169014085,46.79619718309859,126.8549295774648,4.733333333333333,0.28,0,142,3124,6177,1.0,371,1,1,1,0,0,0,1,0,0,0,1,0,0,0,1,0,1,0,0,0,0,0,0,0,0,1,0,0,0,0,0,0,1,0,0.0
28,10,1,2.422535211267605,47.84154929577465,116.77549295774648,7.1,0.07,213,0,1704,3692,1.0,371,1,1,1,0,0,1,0,0,1,0,0,0,0,0,1,1,0,0,0,0,0,0,1,0,0,0,0,0,0,0,0,0,0,1,0.0
55,4,4,2.704225352112676,49.91309859154929,133.7712676056338,17.75,6.927618209488768,355,426,426,4757,1.0,371,0,1,0,1,0,0,0,1,0,1,0,1,0,0,0,0,0,0,1,0,0,1,0,0,0,0,0,0,0,0,1,0,0,0,0.0
33,4,1,2.492957746478873,48.543098591549295,120.37084507042252,17.75,0.15,0,284,2059,2769,1.0,370,1,1,0,0,1,1,0,0,0,1,0,0,1,0,0,0,0,1,0,0,0,0,1,0,0,0,0,0,0,0,0,1,0,0,0.0
40,2,0,2.9577464788732395,50.85269042034179,152.5115636597784,35.5,0.3029877536571573,137,79,1277,6031,0.6056338028169014,580,0,1,0,1,0,1,0,0,0,0,1,0,0,1,0,0,0,0,0,1,0,0,0,0,0,1,0,0,0,0,0,0,0,0,0.095
40,7,2,2.535211267605634,48.11521126760563,126.01591549295776,10.142857142857142,0.09,71,0,3337,3337,1.0,371,1,1,1,0,0,1,0,0,1,0,0,0,1,0,0,0,0,1,0,0,0,0,0,0,0,0,1,0,0,0,0,1,0,0,0.005
46,4,2,3.014084507042253,53.95682501349033,158.02455954751326,17.75,0.3298850098353348,136,91,2697,7027,0.5633802816901409,432,1,1,0,1,0,0,0,1,0,0,1,1,0,0,0,0,0,1,0,0,1,0,0,0,0,0,0,0,0,0,0,0,0,0,0.095
41,11,2,2.430555555555556,47.96430555555556,115.35041666666666,6.545454545454546,0.28,0,144,1728,4896,1.0,376,1,1,1,0,0,0,1,0,0,1,0,1,0,0,0,0,0,0,0,1,1,0,0,0,0,0,0,0,0,0,0,0,0,1,0.005
25,10,1,2.5774647887323945,46.252535211267606,116.37056338028168,7.1,0.09,213,0,2414,6461,1.0,370,1,1,1,0,0,1,0,0,0,1,0,1,0,0,0,0,0,0,1,0,0,0,0,0,0,0,0,0,1,1,0,0,0,0,0.005
43,12,2,2.7464788732394365,50.655352112676056,141.95183098591548,5.916666666666667,0.12,213,0,3053,2627,1.0,505,1,1,0,1,0,0,1,0,1,0,0,0,0,1,0,0,0,0,0,1,0,1,0,0,0,0,0,0,0,0,0,0,0,1,0.99
39,4,0,2.323943661971831,46.058169014084505,108.19225352112676,17.75,0.18,142,0,852,5822,1.0,491,1,1,0,1,0,1,0,0,0,0,1,0,0,1,0,0,1,0,0,0,0,0,0,0,0,0,0,1,0,0,1,0,0,0,0.97
46,14,2,2.5694444444444446,52.55694444444444,132.6148611111111,5.142857142857143,0.27,0,216,1080,2880,1.0,370,1,1,0,0,1,1,0,0,0,1,0,0,0,0,1,0,0,0,1,0,0,0,0,0,0,0,1,0,0,0,0,0,0,1,0.0
37,13,0,2.422535211267605,48.19338028169014,117.34859154929578,5.461538461538462,13.203249225295048,710,355,1420,1846,1.0,380,1,1,0,0,1,0,0,1,0,0,1,0,0,1,0,0,0,1,0,0,0,0,0,0,1,0,0,0,0,0,0,1,0,0,0.0
49,6,0,2.5694444444444446,48.67402777777777,126.18333333333334,12.0,9.298732098924075,288,720,1368,6696,1.0,383,0,1,1,0,0,0,0,1,0,0,1,0,0,0,1,0,0,1,0,0,0,0,0,0,0,1,0,0,0,1,0,0,0,0,0.0
41,11,2,2.638888888888889,52.43194444444444,140.74194444444444,6.545454545454546,0.28,0,144,1728,4896,1.0,372,1,1,1,0,0,0,1,0,0,1,0,1,0,0,0,0,0,0,0,1,0,0,0,0,0,1,0,0,0,0,0,1,0,0,0.005
33,12,1,2.5416666666666665,48.34097222222223,119.74972222222222,6.0,0.09,0,144,2952,4536,1.0,374,1,1,1,0,0,0,1,0,1,0,0,1,0,0,0,0,0,0,1,0,0,1,0,0,0,0,0,0,0,0,1,0,0,0,0.0
61,15,3,2.4166666666666665,51.89486111111111,125.10333333333334,4.8,6.043439896799889,72,288,1512,6048,1.0,370,1,1,0,0,1,1,0,0,0,1,0,0,1,0,0,0,0,1,0,0,0,0,0,0,0,0,0,0,1,0,0,1,0,0,0.005
33,8,0,2.4788732394366195,51.5943661971831,127.34084507042256,8.875,11.40714310886413,355,142,3053,2201,1.0,370,0,1,1,0,0,0,0,1,1,0,0,0,0,0,1,0,0,1,0,0,0,1,0,0,0,0,0,0,0,1,0,0,0,0,0.0
65,7,1,2.333333333333333,50.52388888888889,116.59847222222224,10.285714285714286,0.18,0,144,576,6696,1.0,492,0,1,1,0,0,0,1,0,1,0,0,0,0,0,1,0,0,1,0,0,0,0,0,1,0,0,0,0,0,1,0,0,0,0,0.99
62,15,2,2.4166666666666665,49.23833333333333,117.82638888888889,4.8,0.08,72,0,1512,4608,1.0,372,0,1,0,0,1,0,1,0,0,0,1,0,1,0,0,0,0,0,0,1,0,0,0,1,0,0,0,0,0,0,1,0,0,0,0.005
65,15,3,2.486111111111111,50.13263888888889,127.66305555555556,4.8,0.15,144,0,1224,3888,1.0,495,1,1,1,0,0,1,0,0,0,1,0,0,1,0,0,0,0,0,1,0,0,0,0,1,0,0,0,0,0,1,0,0,0,0,0.995
56,1,3,2.676056338028169,52.22507042253521,139.96070422535212,71.0,9.99205815441885,497,639,3053,2343,1.0,373,0,1,1,0,0,0,1,0,0,0,1,0,0,0,1,0,0,0,0,1,0,0,0,0,1,0,0,0,0,1,0,0,0,0,0.0
32,15,2,2.486111111111111,54.07875,131.28583333333333,4.8,0.28,0,144,3168,6264,1.0,370,1,1,1,0,0,0,1,0,0,0,1,0,0,0,1,0,1,0,0,0,0,0,0,0,0,0,0,1,0,0,0,0,1,0,0.0
35,2,3,2.5694444444444446,52.30458333333333,133.0751388888889,36.0,0.25,144,0,720,3024,1.0,501,0,1,0,1,0,0,1,0,0,1,0,0,0,1,0,0,0,0,0,1,0,0,0,0,1,0,0,0,0,0,0,0,1,0,0.975
56,7,3,2.5,49.6375,126.37375,10.285714285714286,0.28,0,144,2736,5328,1.0,378,1,1,0,1,0,0,0,1,1,0,0,0,0,0,1,1,0,0,0,0,0,0,0,0,0,0,0,1,0,0,0,1,0,0,0.0
55,2,1,2.5416666666666665,51.459583333333335,131.7938888888889,36.0,0.23,216,0,576,5832,1.0,493,1,1,0,1,0,1,0,0,1,0,0,0,0,1,0,0,0,0,0,1,1,0,0,0,0,0,0,0,0,0,0,1,0,0,0.995
26,4,4,2.736111111111111,49.567563534291125,133.37798020095778,18.0,0.2637180303506471,145,56,1871,5164,0.5972222222222222,612,1,1,0,0,1,1,0,0,1,0,0,0,0,1,0,0,0,0,0,1,0,0,0,1,0,0,0,0,0,0,0,0,0,0,0.785
38,1,2,2.7777777777777777,50.094722222222224,136.82819444444442,72.0,0.0,216,0,2232,4968,1.0,497,0,1,0,1,0,1,0,0,0,0,1,0,0,1,0,1,0,0,0,0,0,0,0,0,0,0,0,1,0,1,0,0,0,0,0.995
23,5,0,2.591549295774648,52.54887323943662,132.5805633802817,14.2,10.441826594846464,142,710,1988,1207,1.0,375,0,1,0,0,1,1,0,0,1,0,0,0,1,0,0,0,0,0,0,1,0,0,1,0,0,0,0,0,0,1,0,0,0,0,0.0
66,10,0,2.605633802816901,53.9343661971831,140.13197183098592,7.1,0.14,0,355,1775,1420,1.0,375,0,1,0,0,1,0,1,0,0,1,0,0,0,0,1,0,0,0,0,1,0,0,0,0,1,0,0,0,0,0,0,1,0,0,0.02
18,1,4,2.718309859154929,47.683098591549296,128.69352112676057,71.0,0.22,213,0,1278,2769,1.0,370,1,1,0,1,0,0,0,1,1,0,0,1,0,0,0,0,1,0,0,0,0,0,0,0,0,1,0,0,0,0,0,1,0,0,0.01
53,3,4,2.6901408450704225,46.53140845070423,123.24478873239435,23.666666666666668,0.13,0,284,1207,4686,1.0,372,1,1,0,0,1,1,0,0,0,0,1,0,1,0,0,1,0,0,0,0,0,1,0,0,0,0,0,0,0,0,1,0,0,0,0.01
27,7,1,2.605633802816901,51.5525352112676,137.93169014084506,10.142857142857142,0.29,71,0,2627,2201,1.0,378,1,1,0,1,0,1,0,0,1,0,0,0,0,0,1,1,0,0,0,0,0,1,0,0,0,0,0,0,0,1,0,0,0,0,0.0
40,15,4,2.388888888888889,45.22861111111112,108.79125,4.8,0.18,288,0,3384,4680,1.0,375,0,1,0,1,0,0,1,0,1,0,0,0,0,0,1,1,0,0,0,0,0,1,0,0,0,0,0,0,0,0,0,0,1,0,0.005
25,14,0,2.535211267605634,48.61338028169014,121.73239436619718,5.071428571428571,0.17,0,142,1562,7029,1.0,509,0,1,1,0,0,1,0,0,1,0,0,1,0,0,0,1,0,0,0,0,0,0,0,0,0,0,0,1,0,0,0,0,0,1,0.975
27,6,2,2.583333333333333,51.640972222222224,131.14847222222224,12.0,0.14,0,72,1872,6264,1.0,371,0,1,0,0,1,0,0,1,1,0,0,0,1,0,0,0,0,1,0,0,0,1,0,0,0,0,0,0,0,1,0,0,0,0,0.0
59,13,0,2.5972222222222223,48.95513888888889,130.7540277777778,5.538461538461538,0.15,288,0,3384,4680,1.0,370,1,1,0,1,0,1,0,0,0,0,1,0,0,0,1,0,0,1,0,0,0,0,0,0,0,0,0,1,0,1,0,0,0,0,0.025
69,13,4,2.305555555555556,49.47375,115.13527777777776,5.538461538461538,0.16,0,360,1728,4608,1.0,379,1,1,0,1,0,1,0,0,1,0,0,0,0,1,0,0,1,0,0,0,0,1,0,0,0,0,0,0,0,0,0,0,1,0,0.005
25,6,0,2.625,53.15097222222222,140.51777777777778,12.0,0.12,0,216,3096,4680,1.0,371,0,1,0,1,0,1,0,0,1,0,0,0,0,1,0,1,0,0,0,0,0,0,0,0,0,1,0,0,0,0,0,0,1,0,0.015
57,10,0,3.125,47.8777365722377,148.4940018445064,7.199999999999999,0.292933935491972,167,67,719,7421,0.7083333333333334,618,0,1,0,1,0,1,0,0,0,0,1,1,0,0,0,0,0,1,0,0,0,0,0,1,0,0,0,0,0,0,0,0,1,0,0.16
27,10,1,3.111111111111111,52.437148476194125,165.06678834922093,7.199999999999999,0.2927268674028312,158,80,1511,2236,0.6805555555555556,622,0,1,0,1,0,0,0,1,0,1,0,0,1,0,0,0,0,0,1,0,0,0,0,1,0,0,0,0,0,0,1,0,0,0,0.805
40,6,0,2.7916666666666665,48.50013888888888,137.23,12.0,0.26,288,0,3384,1728,1.0,375,0,1,0,1,0,0,1,0,0,0,1,0,1,0,0,0,0,0,1,0,0,0,0,0,0,0,0,0,1,1,0,0,0,0,0.005
25,1,2,2.5492957746478875,50.49873239436619,132.76507042253522,71.0,0.2,0,71,3053,2414,1.0,372,0,1,0,1,0,1,0,0,0,0,1,0,1,0,0,0,1,0,0,0,0,0,0,0,1,0,0,0,0,1,0,0,0,0,0.015
57,6,0,2.492957746478873,49.0074647887324,128.0225352112676,11.833333333333334,0.13,142,0,1562,923,1.0,371,1,1,0,0,1,0,1,0,0,1,0,0,0,0,1,0,0,0,1,0,0,0,0,0,0,0,0,1,0,1,0,0,0,0,0.0
34,15,3,2.5492957746478875,50.75323943661972,132.88535211267606,4.733333333333333,0.17,0,142,1917,3550,1.0,370,0,1,0,1,0,0,1,0,0,0,1,0,1,0,0,0,1,0,0,0,1,0,0,0,0,0,0,0,0,1,0,0,0,0,0.0
36,14,0,2.388888888888889,51.10236111111111,120.86972222222224,5.142857142857143,12.27544002550685,360,648,576,1872,1.0,372,0,1,0,0,1,0,0,1,0,0,1,0,1,0,0,0,0,1,0,0,0,0,1,0,0,0,0,0,0,1,0,0,0,0,0.0
34,11,0,3.2222222222222223,53.109648087844974,170.5082591989561,6.545454545454546,0.3019509295171536,191,48,719,3975,0.5972222222222222,686,1,1,0,1,0,1,0,0,0,1,0,0,1,0,0,1,0,0,0,0,0,1,0,0,0,0,0,0,0,0,0,0,0,0,0.08
66,9,3,2.6619718309859155,49.93647887323943,132.0170422535211,7.888888888888888,0.22,284,0,1775,2911,1.0,497,1,1,0,1,0,0,0,1,1,0,0,0,1,0,0,0,0,0,0,1,0,1,0,0,0,0,0,0,0,0,1,0,0,0,0.99
49,6,2,2.513888888888889,48.41388888888889,120.99777777777778,12.0,9.366820202264352,504,72,720,2232,1.0,370,1,1,1,0,0,1,0,0,0,0,1,0,0,1,0,0,1,0,0,0,1,0,0,0,0,0,0,0,0,0,0,1,0,0,0.0
36,6,4,2.605633802816901,51.59507042253521,130.44,11.833333333333334,0.16,355,0,1633,4970,1.0,370,1,1,0,0,1,1,0,0,0,1,0,1,0,0,0,0,0,0,0,1,0,0,0,1,0,0,0,0,0,0,0,1,0,0,0.01
40,8,3,2.492957746478873,51.44704225352113,128.25802816901407,8.875,0.15,0,142,3550,1917,1.0,491,0,1,0,1,0,0,1,0,0,0,1,1,0,0,0,0,0,0,1,0,0,0,0,1,0,0,0,0,0,0,1,0,0,0,0.985
48,10,4,2.638888888888889,47.68305555555556,125.5875,7.199999999999999,13.396364307572856,0,288,432,864,1.0,371,1,1,0,0,1,0,1,0,1,0,0,0,1,0,0,1,0,0,0,0,0,1,0,0,0,0,0,0,0,1,0,0,0,0,0.0
20,9,0,2.625,50.96041666666667,133.8177777777778,8.0,0.13,288,0,2448,5328,1.0,377,0,1,1,0,0,0,1,0,1,0,0,1,0,0,0,0,0,0,1,0,0,0,0,0,1,0,0,0,0,0,0,0,0,1,0.0
25,1,3,2.5277777777777777,48.94638888888889,129.53055555555557,72.0,0.17,504,0,3240,4176,1.0,377,1,1,0,0,1,0,1,0,0,0,1,1,0,0,0,1,0,0,0,0,0,0,0,1,0,0,0,0,0,0,0,0,0,1,0.0
27,7,1,2.5211267605633805,49.08859154929577,122.0850704225352,10.142857142857142,0.29,71,0,2627,2201,1.0,375,1,1,0,1,0,1,0,0,1,0,0,0,0,0,1,1,0,0,0,0,0,0,0,0,0,0,0,1,0,0,1,0,0,0,0.0
59,1,3,2.4027777777777777,49.29819444444444,117.41097222222224,72.0,0.25,216,0,3168,3312,1.0,505,1,1,0,1,0,0,0,1,1,0,0,0,0,1,0,0,0,1,0,0,0,0,0,1,0,0,0,0,0,0,0,1,0,0,0.99
34,13,4,2.9722222222222223,52.424657465552336,157.14487048666024,5.538461538461538,0.3184941543811883,126,92,3383,5324,0.6527777777777778,836,1,1,0,0,1,1,0,0,0,1,0,1,0,0,0,0,0,1,0,0,1,0,0,0,0,0,0,0,0,0,0,0,1,0,0.175
55,7,1,2.492957746478873,47.66211267605634,114.73985915492958,10.142857142857142,0.12,142,0,2414,7242,1.0,373,1,1,0,0,1,0,1,0,0,0,1,0,0,1,0,0,0,0,1,0,0,1,0,0,0,0,0,0,0,0,0,1,0,0,0.0
45,6,4,2.704225352112676,50.44014084507042,132.53225352112676,11.833333333333334,10.205508242254684,0,497,1775,5396,1.0,372,1,1,0,1,0,1,0,0,0,0,1,0,0,0,1,0,0,1,0,0,0,0,0,0,0,0,0,0,1,0,0,0,1,0,0.0
23,5,4,2.5972222222222223,51.145,132.48361111111112,14.4,11.14976367097843,720,576,864,3528,1.0,374,1,1,0,0,1,1,0,0,0,1,0,0,1,0,0,1,0,0,0,0,0,0,0,1,0,0,0,0,0,0,0,1,0,0,0.0
45,1,0,2.492957746478873,49.01929577464789,120.9874647887324,71.0,0.18,71,0,3266,6958,1.0,370,1,1,0,0,1,0,1,0,1,0,0,0,0,0,1,0,1,0,0,0,0,0,0,0,1,0,0,0,0,0,1,0,0,0,0.005
26,4,2,2.4722222222222223,46.450833333333335,113.27361111111112,18.0,0.21,288,0,864,3240,1.0,377,0,1,0,0,1,0,1,0,0,1,0,1,0,0,0,0,0,1,0,0,0,0,0,0,1,0,0,0,0,0,1,0,0,0,0.01
48,10,1,2.5492957746478875,46.14225352112676,119.94281690140846,7.1,0.3,213,0,2840,4615,1.0,375,1,1,0,1,0,0,1,0,1,0,0,0,1,0,0,0,0,1,0,0,0,0,1,0,0,0,0,0,0,0,0,1,0,0,0.005
37,7,4,2.408450704225352,43.2943661971831,105.13577464788732,10.142857142857142,0.07,0,71,710,5112,1.0,491,0,1,0,0,1,0,1,0,0,1,0,0,0,1,0,0,0,1,0,0,0,0,0,0,0,1,0,0,0,0,0,1,0,0,0.96
21,11,4,2.408450704225352,51.45661971830986,123.39042253521126,6.454545454545454,8.744172933134937,71,426,2272,4828,1.0,370,1,1,0,0,1,1,0,0,0,0,1,0,0,0,1,1,0,0,0,0,0,0,1,0,0,0,0,0,0,0,1,0,0,0,0.0
25,10,3,2.676056338028169,52.87028169014084,142.10464788732395,7.1,0.06,213,0,3053,3195,1.0,371,1,1,0,0,1,0,0,1,1,0,0,0,0,1,0,0,1,0,0,0,0,0,0,0,1,0,0,0,0,0,0,0,0,1,0.005
57,9,4,2.5277777777777777,50.34888888888889,125.93138888888888,8.0,0.05,216,0,3672,3744,1.0,492,0,1,0,0,1,1,0,0,1,0,0,0,1,0,0,0,0,0,1,0,0,0,0,0,0,0,0,0,1,1,0,0,0,0,0.985
45,5,4,2.4507042253521125,48.098028169014086,117.92859154929576,14.2,0.06,213,0,1633,7171,1.0,372,0,1,0,0,1,0,0,1,1,0,0,0,0,0,1,0,1,0,0,0,0,0,0,0,0,0,0,0,1,0,0,0,0,1,0.0
24,2,4,2.535211267605634,45.44521126760564,112.28056338028168,35.5,10.783070662780508,568,568,2130,1917,1.0,370,0,1,0,0,1,0,0,1,0,0,1,0,1,0,0,0,1,0,0,0,0,0,0,1,0,0,0,0,0,0,0,0,1,0,0.0
57,12,3,2.563380281690141,47.732816901408455,120.7894366197183,5.916666666666667,0.01,213,0,2272,7171,1.0,372,0,1,1,0,0,0,1,0,0,0,1,1,0,0,0,1,0,0,0,0,0,0,0,0,0,0,0,1,0,0,0,0,0,1,0.0
29,4,1,2.323943661971831,52.19084507042254,124.41253521126762,17.75,0.13,355,0,3053,4189,1.0,374,1,1,1,0,0,0,0,1,0,1,0,1,0,0,0,1,0,0,0,0,0,0,0,0,1,0,0,0,0,0,0,0,0,1,0.005
23,3,4,2.563380281690141,48.33929577464789,124.27309859154929,23.666666666666668,0.08,0,142,2059,6461,1.0,491,1,1,1,0,0,1,0,0,0,0,1,0,1,0,0,0,0,0,0,1,0,0,0,1,0,0,0,0,0,0,0,0,0,1,0.985
51,1,2,2.4444444444444446,44.41111111111111,109.68847222222222,72.0,0.05,360,0,1512,6552,1.0,374,1,1,0,1,0,1,0,0,0,1,0,0,0,0,1,0,0,0,1,0,0,0,0,1,0,0,0,0,0,0,1,0,0,0,0.0
40,8,0,2.4788732394366195,48.626619718309854,117.98521126760564,8.875,0.25,284,0,2201,7313,1.0,370,0,1,0,1,0,1,0,0,0,1,0,1,0,0,0,0,0,0,0,1,0,1,0,0,0,0,0,0,0,0,0,0,1,0,0.0
31,5,4,2.535211267605634,50.68492957746479,129.28774647887323,14.2,0.03,142,0,1349,1562,1.0,493,1,1,0,1,0,0,1,0,1,0,0,0,0,1,0,0,0,0,0,1,1,0,0,0,0,0,0,0,0,0,0,0,1,0,0.995
67,9,1,2.422535211267605,56.97971830985915,138.06549295774647,7.888888888888888,0.16,142,0,2343,2556,1.0,495,1,1,0,1,0,0,0,1,0,1,0,0,0,0,1,0,0,1,0,0,0,0,0,0,1,0,0,0,0,1,0,0,0,0,0.99
66,4,2,2.647887323943662,48.39140845070423,126.49295774647888,17.75,0.21,0,355,2769,6532,1.0,373,0,1,0,0,1,1,0,0,0,0,1,0,0,0,1,0,0,0,1,0,0,0,0,0,0,1,0,0,0,0,1,0,0,0,0.0
26,5,3,2.9722222222222223,52.09260150763531,153.81343484096865,14.4,0.2956895584277659,154,69,2087,1725,0.5833333333333334,750,0,1,1,0,0,0,0,1,0,1,0,0,1,0,0,0,0,0,0,1,0,1,0,0,0,0,0,0,0,0,0,0,0,0,0.725
45,3,1,2.5,48.80222222222222,123.4576388888889,24.0,0.25,144,0,3456,1368,1.0,371,0,1,0,1,0,0,1,0,0,1,0,0,0,1,0,0,0,0,1,0,0,0,1,0,0,0,0,0,0,0,1,0,0,0,0.005
29,14,4,2.3194444444444446,49.00513888888889,116.66569444444444,5.142857142857143,0.28,288,0,2232,2808,1.0,380,1,1,0,1,0,0,1,0,1,0,0,0,0,1,0,0,0,0,1,0,0,0,0,0,0,1,0,0,0,1,0,0,0,0,0.02
54,13,0,2.6619718309859155,48.57295774647887,127.60183098591548,5.461538461538462,0.29,355,0,3408,4402,1.0,373,0,1,1,0,0,0,0,1,0,1,0,0,1,0,0,0,0,0,1,0,0,0,0,0,0,0,0,1,0,0,0,1,0,0,0.01
65,15,2,2.507042253521127,48.07225352112676,121.39169014084506,4.733333333333333,0.03,0,142,2840,2201,1.0,376,1,1,0,1,0,0,0,1,0,0,1,0,0,1,0,0,0,0,1,0,0,0,0,1,0,0,0,0,0,1,0,0,0,0,0.005
37,13,0,2.6666666666666665,49.57291666666666,133.2025,5.538461538461538,13.203249225295048,720,360,1440,1872,1.0,376,1,1,0,0,1,0,0,1,0,0,1,0,0,1,0,0,0,1,0,0,0,0,0,0,0,0,1,0,0,1,0,0,0,0,0.0
18,15,3,2.591549295774648,48.959154929577466,122.69943661971833,4.733333333333333,0.28,213,0,3266,4686,1.0,372,0,1,0,1,0,1,0,0,0,0,1,0,0,0,1,0,1,0,0,0,0,0,0,0,0,0,1,0,0,1,0,0,0,0,0.0
32,4,3,2.4166666666666665,51.80916666666666,125.12083333333334,18.0,10.883620836964743,216,720,2232,1944,1.0,375,1,1,1,0,0,0,0,1,0,0,1,1,0,0,0,1,0,0,0,0,0,1,0,0,0,0,0,0,0,0,0,1,0,0,0.0
66,15,4,2.535211267605634,48.96718309859155,125.73957746478874,4.733333333333333,11.526385894687447,710,355,994,4047,1.0,374,1,1,1,0,0,1,0,0,1,0,0,0,0,0,1,0,0,1,0,0,0,0,0,0,0,0,0,0,1,0,1,0,0,0,0.0
44,9,4,3.138888888888889,47.049444601538056,144.6908339617078,8.0,0.2542339752084529,164,62,2807,1374,0.5972222222222222,755,0,1,0,1,0,0,1,0,0,1,0,0,0,1,0,0,0,1,0,0,0,0,1,0,0,0,0,0,0,0,0,0,0,0,0.125
20,13,1,2.732394366197183,52.35225352112676,144.567323943662,5.461538461538462,0.28,284,0,710,6461,1.0,377,0,1,0,0,1,1,0,0,1,0,0,0,0,1,0,0,1,0,0,0,0,0,0,0,0,1,0,0,0,0,0,1,0,0,0.005
40,12,1,2.4722222222222223,50.18680555555555,126.4238888888889,6.0,0.24,288,0,2880,1296,1.0,490,0,1,0,0,1,1,0,0,0,0,1,0,0,0,1,0,0,0,1,0,0,0,0,0,0,1,0,0,0,1,0,0,0,0,0.995
26,13,1,2.422535211267605,53.42281690140845,134.1766197183099,5.461538461538462,0.15,497,0,2840,6674,1.0,497,1,1,0,1,0,0,0,1,0,1,0,0,0,1,0,0,0,0,1,0,0,0,0,0,0,0,0,1,0,1,0,0,0,0,0.985
36,14,1,2.535211267605634,52.13605633802817,134.13985915492958,5.071428571428571,0.23,142,0,1704,6177,1.0,379,1,1,0,0,1,1,0,0,0,0,1,0,0,0,1,0,0,1,0,0,0,0,0,0,0,0,0,1,0,0,0,0,1,0,0.04
29,4,1,2.5211267605633805,52.75619718309859,134.46408450704226,17.75,0.13,355,0,3053,4189,1.0,370,1,1,1,0,0,0,0,1,0,1,0,1,0,0,0,1,0,0,0,0,0,1,0,0,0,0,0,0,0,0,0,1,0,0,0.005
47,8,1,2.513888888888889,47.78916666666667,123.17486111111111,9.0,12.707630080622156,0,72,792,2808,1.0,370,0,1,1,0,0,1,0,0,0,1,0,1,0,0,0,1,0,0,0,0,0,0,0,0,0,0,1,0,0,0,0,1,0,0,0.0
39,14,4,2.6527777777777777,52.62458333333333,138.52125,5.142857142857143,0.08,144,0,1152,6624,1.0,492,0,1,0,0,1,1,0,0,0,0,1,0,0,0,1,0,1,0,0,0,0,0,0,0,0,0,0,1,0,0,1,0,0,0,0.98
63,1,0,2.5277777777777777,51.49402777777778,126.76722222222222,72.0,0.04,0,288,3528,6912,1.0,371,0,1,0,1,0,0,0,1,1,0,0,0,0,0,1,0,0,0,1,0,0,1,0,0,0,0,0,0,0,0,0,0,1,0,0.0
36,3,0,2.6338028169014085,50.873521126760565,135.69774647887323,23.666666666666668,0.21,0,284,3266,2698,1.0,370,1,1,0,0,1,1,0,0,1,0,0,0,1,0,0,0,0,0,0,1,0,0,0,0,1,0,0,0,0,0,1,0,0,0,0.01
59,3,4,2.4722222222222223,51.46875,128.10319444444443,24.0,0.1,144,0,3096,5616,1.0,372,0,1,0,0,1,0,0,1,0,0,1,0,1,0,0,0,0,1,0,0,0,0,0,0,1,0,0,0,0,0,1,0,0,0,0.0
57,9,4,2.535211267605634,52.45140845070423,130.95408450704224,7.888888888888888,0.05,213,0,3621,3692,1.0,494,0,1,0,0,1,1,0,0,1,0,0,0,1,0,0,0,0,0,1,0,0,0,0,1,0,0,0,0,0,0,0,0,1,0,0.99
55,5,1,2.6901408450704225,51.05084507042254,136.85436619718308,14.2,0.08,142,0,1917,2911,1.0,372,0,1,0,0,1,0,1,0,1,0,0,0,0,0,1,0,0,0,0,1,0,0,0,0,0,0,0,1,0,1,0,0,0,0,0.0
28,10,1,2.704225352112676,47.101549295774646,124.3625352112676,7.1,0.07,213,0,1704,3692,1.0,370,1,1,1,0,0,1,0,0,1,0,0,0,0,0,1,1,0,0,0,0,0,0,0,1,0,0,0,0,0,0,0,1,0,0,0.0
34,8,4,2.5774647887323945,50.29225352112676,128.5043661971831,8.875,9.187651188921814,355,142,1278,1704,1.0,372,0,1,1,0,0,1,0,0,0,0,1,0,0,1,0,0,0,0,0,1,0,0,1,0,0,0,0,0,0,0,0,0,0,1,0.0
47,5,3,2.5972222222222223,45.45,111.24458333333332,14.4,0.08,0,144,576,6120,1.0,502,1,1,1,0,0,0,0,1,1,0,0,1,0,0,0,0,0,1,0,0,0,0,1,0,0,0,0,0,0,0,0,0,0,1,0.98
27,6,2,2.458333333333333,50.927083333333336,122.76055555555556,12.0,0.14,0,72,1872,6264,1.0,370,0,1,0,0,1,0,0,1,1,0,0,0,1,0,0,0,0,1,0,0,0,0,0,1,0,0,0,0,0,1,0,0,0,0,0.0
53,8,3,2.458333333333333,50.220416666666665,125.35819444444444,9.0,0.01,288,0,3528,4320,1.0,500,0,1,0,0,1,0,1,0,1,0,0,0,0,1,0,1,0,0,0,0,1,0,0,0,0,0,0,0,0,1,0,0,0,0,0.99
66,1,2,2.6619718309859155,55.02338028169014,144.016338028169,71.0,0.08,0,142,994,5254,1.0,373,1,1,0,0,1,0,1,0,1,0,0,0,0,1,0,1,0,0,0,0,0,1,0,0,0,0,0,0,0,0,0,1,0,0,0.01
37,5,2,2.5,51.061527777777776,125.78888888888888,14.4,10.56587716784563,216,72,2808,1872,1.0,374,0,1,0,1,0,0,1,0,1,0,0,1,0,0,0,0,1,0,0,0,0,1,0,0,0,0,0,0,0,0,0,0,0,1,0.0
24,4,0,2.6901408450704225,51.22281690140845,138.19070422535214,17.75,10.396433075959326,710,497,2272,1278,1.0,373,1,1,1,0,0,0,0,1,1,0,0,0,1,0,0,1,0,0,0,0,0,1,0,0,0,0,0,0,0,0,0,0,0,1,0.0
43,12,4,2.436619718309859,53.38845070422535,131.36985915492957,5.916666666666667,0.07,213,0,1278,1278,1.0,507,0,1,0,0,1,0,1,0,1,0,0,0,0,1,0,0,0,0,1,0,0,0,0,0,0,0,0,1,0,1,0,0,0,0,1.0
30,12,3,2.388888888888889,53.77291666666667,129.26361111111112,6.0,9.407550945435665,504,0,504,6192,1.0,380,0,1,1,0,0,0,1,0,0,0,1,0,0,1,0,0,1,0,0,0,0,1,0,0,0,0,0,0,0,0,1,0,0,0,0.0
19,11,0,2.5492957746478875,54.17802816901408,139.6918309859155,6.454545454545454,0.25,0,142,1278,4189,1.0,372,1,1,0,0,1,0,1,0,1,0,0,1,0,0,0,0,0,0,1,0,0,0,1,0,0,0,0,0,0,0,0,0,0,1,0.005
51,1,2,2.611111111111111,50.86087330628644,133.20938550146175,72.0,0.2679348016061811,123,75,1511,6378,0.5416666666666666,899,1,1,0,1,0,1,0,0,0,1,0,0,0,0,1,0,0,0,1,0,0,0,0,1,0,0,0,0,0,0,0,0,0,0,0.17
58,4,4,2.507042253521127,49.8530985915493,127.5530985915493,17.75,7.040439272233234,710,284,2698,1988,1.0,374,0,1,0,0,1,0,1,0,0,1,0,0,0,0,1,0,0,0,0,1,0,1,0,0,0,0,0,0,0,0,0,0,1,0,0.0
59,11,2,2.625,42.80916666666667,114.58305555555556,6.545454545454546,0.06,0,288,936,6480,1.0,374,0,1,1,0,0,0,1,0,0,0,1,1,0,0,0,0,0,0,1,0,0,0,0,0,0,0,1,0,0,0,1,0,0,0,0.025
19,8,2,2.680555555555556,51.97972222222222,139.45930555555557,9.0,0.29,72,0,1944,1512,1.0,372,1,1,1,0,0,0,0,1,0,0,1,0,0,1,0,0,0,0,0,1,0,0,0,0,1,0,0,0,0,0,1,0,0,0,0.005
21,10,2,2.555555555555556,46.78180555555556,121.41777777777776,7.199999999999999,0.11,0,360,1008,6192,1.0,373,0,1,1,0,0,1,0,0,1,0,0,0,1,0,0,0,1,0,0,0,0,0,0,0,0,0,0,1,0,0,1,0,0,0,0.01
47,11,1,2.563380281690141,50.63549295774648,129.55070422535212,6.454545454545454,7.038417437673107,0,355,2059,5538,1.0,370,0,1,1,0,0,0,1,0,0,0,1,0,0,1,0,0,1,0,0,0,0,0,0,0,0,0,0,0,1,0,0,0,1,0,0.0
57,9,3,2.4507042253521125,51.25070422535212,124.4112676056338,7.888888888888888,0.16,213,0,2201,5325,1.0,495,1,1,0,0,1,0,0,1,0,1,0,0,0,0,1,0,0,1,0,0,0,0,1,0,0,0,0,0,0,0,0,0,0,1,1.0
43,4,1,2.3380281690140845,50.77661971830986,119.76436619718312,17.75,0.28,284,0,1917,5325,1.0,371,0,1,0,1,0,0,1,0,0,1,0,1,0,0,0,0,0,0,1,0,0,0,0,1,0,0,0,0,0,0,0,1,0,0,0.02
24,9,2,2.388888888888889,54.80791666666667,128.42305555555555,8.0,0.29,288,0,1728,1440,1.0,371,0,1,1,0,0,1,0,0,0,0,1,0,1,0,0,0,0,1,0,0,0,0,0,0,0,0,0,1,0,0,0,1,0,0,0.01
53,6,4,2.6901408450704225,51.14718309859155,139.7750704225352,11.833333333333334,0.06,0,142,497,1065,1.0,503,0,1,0,1,0,0,0,1,1,0,0,0,1,0,0,1,0,0,0,0,0,0,0,0,0,0,1,0,0,1,0,0,0,0,0.995
22,6,2,3.014084507042253,50.40660728513709,150.59007867920658,11.833333333333334,0.3537136920292805,157,60,2697,4114,0.5633802816901409,431,1,1,0,1,0,0,1,0,0,0,1,0,1,0,0,0,0,1,0,0,0,0,0,1,0,0,0,0,0,0,0,0,0,0,0.06
51,11,4,2.5211267605633805,49.85394366197183,124.16042253521124,6.454545454545454,0.1,213,0,1988,1349,1.0,376,1,1,0,0,1,1,0,0,0,0,1,0,0,1,0,0,0,0,0,1,0,0,0,0,0,0,0,1,0,0,0,0,0,1,0.0
22,15,2,2.486111111111111,49.39,127.45041666666668,4.8,0.1,360,0,2736,2736,1.0,371,0,1,0,1,0,0,1,0,1,0,0,0,1,0,0,0,0,1,0,0,0,0,0,0,0,1,0,0,0,0,0,0,1,0,0.0
55,8,4,2.380281690140845,49.50464788732394,116.93774647887324,8.875,0.07,0,71,2840,2840,1.0,371,1,1,1,0,0,0,0,1,1,0,0,1,0,0,0,0,1,0,0,0,0,0,0,0,0,1,0,0,0,1,0,0,0,0,0.0
50,6,4,2.430555555555556,51.48319444444444,125.16583333333334,12.0,0.04,216,0,1728,3528,1.0,373,1,1,0,0,1,1,0,0,1,0,0,0,1,0,0,0,0,1,0,0,0,1,0,0,0,0,0,0,0,0,0,0,1,0,0.0
54,12,2,2.361111111111111,48.41708333333334,118.26347222222222,6.0,0.08,0,144,2808,4104,1.0,375,0,1,0,1,0,0,0,1,0,0,1,0,1,0,0,1,0,0,0,0,0,0,0,0,0,1,0,0,0,0,0,0,0,1,0.005
29,6,0,2.5416666666666665,53.78013888888889,136.3861111111111,12.0,0.29,0,360,1368,5040,1.0,494,1,1,0,1,0,0,1,0,1,0,0,0,0,0,1,0,0,0,1,0,0,0,0,0,0,0,1,0,0,0,0,1,0,0,0.96
35,14,1,2.625,44.02708333333333,117.40430555555557,5.142857142857143,0.05,432,0,3456,4896,1.0,371,1,1,0,1,0,0,1,0,1,0,0,0,0,0,1,1,0,0,0,0,0,0,0,0,0,0,0,1,0,1,0,0,0,0,0.0
41,3,3,2.5416666666666665,48.99916666666667,125.69,24.0,7.683813403410544,72,504,3384,3168,1.0,370,1,1,0,1,0,1,0,0,1,0,0,1,0,0,0,1,0,0,0,0,0,0,0,0,1,0,0,0,0,0,0,0,0,1,0.0
62,12,1,2.492957746478873,51.48718309859155,130.71605633802818,5.916666666666667,0.29,213,0,2911,3550,1.0,492,1,1,0,0,1,0,1,0,0,0,1,0,0,1,0,1,0,0,0,0,0,0,0,0,0,0,0,0,1,0,1,0,0,0,0.97
24,2,3,2.859154929577465,46.95331932217068,137.28635695420053,35.5,0.2325880686171396,136,78,3265,1124,0.6056338028169014,452,0,1,0,1,0,0,0,1,0,1,0,0,0,0,1,0,0,0,1,0,0,0,0,0,0,0,0,1,0,0,0,0,0,0,0.045
34,15,3,2.605633802816901,49.487605633802815,123.93901408450704,4.733333333333333,0.17,0,142,1917,3550,1.0,377,0,1,0,1,0,0,1,0,0,0,1,0,1,0,0,0,1,0,0,0,0,1,0,0,0,0,0,0,0,0,0,0,0,1,0.0
32,2,0,2.6619718309859155,46.30507042253521,121.97492957746478,35.5,5.848132087047908,710,0,710,5467,1.0,370,0,1,0,1,0,0,1,0,0,0,1,0,0,1,0,0,0,0,0,1,0,0,0,0,0,0,1,0,0,0,0,1,0,0,0.005
69,10,2,2.6666666666666665,53.71041666666667,142.98305555555555,7.199999999999999,11.988521437096658,288,720,1080,2952,1.0,370,0,1,0,0,1,0,0,1,1,0,0,1,0,0,0,0,0,0,0,1,0,0,0,0,0,0,0,0,1,1,0,0,0,0,0.005
25,2,1,2.436619718309859,48.52338028169014,118.25830985915492,35.5,0.05,355,0,3124,3976,1.0,492,0,1,0,0,1,1,0,0,0,1,0,1,0,0,0,0,0,1,0,0,0,0,0,0,0,0,0,1,0,0,0,0,1,0,0.99
63,10,4,2.436619718309859,51.30718309859155,120.95478873239438,7.1,0.11,213,0,1846,3834,1.0,490,0,1,0,0,1,1,0,0,1,0,0,0,0,0,1,0,0,1,0,0,0,0,0,0,0,0,0,0,1,0,1,0,0,0,0.99
64,13,3,2.4444444444444446,45.21305555555556,111.57138888888888,5.538461538461538,0.29,288,0,648,4824,1.0,493,1,1,0,1,0,0,1,0,0,0,1,0,1,0,0,0,1,0,0,0,0,0,0,1,0,0,0,0,0,1,0,0,0,0,0.98
68,1,4,2.380281690140845,49.8530985915493,116.98056338028168,71.0,0.01,284,0,781,5680,1.0,370,0,1,1,0,0,0,0,1,0,0,1,1,0,0,0,0,0,0,1,0,0,0,0,0,0,0,0,1,0,0,0,0,0,1,0.005
18,7,3,2.8450704225352115,47.03239436619719,135.8976056338028,10.142857142857142,0.27,0,213,3053,5396,1.0,370,0,1,1,0,0,0,0,1,0,1,0,0,0,0,1,0,1,0,0,0,0,0,0,0,1,0,0,0,0,0,0,0,1,0,0.01
58,1,0,2.5492957746478875,50.08577464788733,129.79521126760562,71.0,0.09,0,71,426,3976,1.0,370,1,1,0,1,0,1,0,0,0,1,0,1,0,0,0,0,0,0,0,1,0,0,0,0,0,0,0,0,1,0,0,0,0,1,0.005
59,1,3,2.458333333333333,48.61638888888889,116.23013888888887,72.0,0.02,72,0,2880,1440,1.0,384,1,1,1,0,0,0,0,1,1,0,0,0,0,1,0,1,0,0,0,0,0,0,0,0,1,0,0,0,0,0,0,1,0,0,0.005
26,10,2,2.5972222222222223,49.52583333333334,128.45958333333334,7.199999999999999,0.11,288,0,1656,3312,1.0,519,0,1,0,0,1,1,0,0,0,0,1,0,1,0,0,0,0,0,1,0,1,0,0,0,0,0,0,0,0,0,1,0,0,0,0.99
60,6,2,2.408450704225352,50.96408450704225,122.44901408450704,11.833333333333334,0.12,355,0,3053,1988,1.0,375,0,1,0,1,0,0,1,0,0,0,1,0,0,1,0,0,0,0,1,0,1,0,0,0,0,0,0,0,0,0,1,0,0,0,0.0
35,3,4,2.591549295774648,51.90323943661972,133.82760563380282,23.666666666666668,0.02,213,0,3195,4402,1.0,490,1,1,0,0,1,1,0,0,0,0,1,0,0,1,0,0,0,0,1,0,0,0,0,0,0,0,0,1,0,0,1,0,0,0,0.995
58,1,0,2.4444444444444446,48.00125,119.7948611111111,72.0,0.09,0,72,432,4032,1.0,370,1,1,0,1,0,1,0,0,0,1,0,1,0,0,0,0,0,0,0,1,0,0,0,0,1,0,0,0,0,0,0,0,0,1,0.005
37,11,3,2.486111111111111,47.70430555555556,121.10555555555555,6.545454545454546,0.09,0,288,2088,4104,1.0,372,1,1,1,0,0,1,0,0,1,0,0,1,0,0,0,0,0,0,0,1,0,0,0,0,1,0,0,0,0,1,0,0,0,0,0.0
57,8,4,2.422535211267605,50.53577464788732,122.4038028169014,8.875,0.25,71,0,852,1136,1.0,370,1,1,0,1,0,0,0,1,0,0,1,0,0,1,0,0,0,0,0,1,0,0,0,0,0,1,0,0,0,0,0,1,0,0,0.005
27,4,0,2.3943661971830985,46.91718309859155,111.47042253521126,17.75,0.2,0,284,1278,5680,1.0,374,1,1,1,0,0,1,0,0,1,0,0,0,0,0,1,0,0,0,0,1,0,0,0,0,0,0,1,0,0,0,0,0,1,0,0.025
34,15,2,2.535211267605634,45.39577464788732,112.45605633802818,4.733333333333333,0.07,284,0,1846,1917,1.0,494,1,1,0,1,0,0,1,0,0,0,1,1,0,0,0,0,1,0,0,0,0,0,0,0,0,1,0,0,0,1,0,0,0,0,0.995
68,1,4,2.513888888888889,55.67541666666667,138.25625000000002,72.0,0.21,288,0,3168,6480,1.0,498,1,1,0,1,0,0,1,0,0,1,0,1,0,0,0,0,0,0,0,1,0,0,0,0,0,1,0,0,0,0,0,1,0,0,0.985
39,4,0,2.5694444444444446,51.33847222222222,130.94166666666666,18.0,0.18,144,0,864,5904,1.0,494,1,1,0,1,0,1,0,0,0,0,1,0,0,1,0,0,1,0,0,0,0,0,0,0,1,0,0,0,0,0,0,0,0,1,1.0
69,13,4,2.5972222222222223,53.52763888888889,140.01208333333335,5.538461538461538,0.16,0,360,1728,4608,1.0,371,1,1,0,1,0,1,0,0,1,0,0,0,0,1,0,0,1,0,0,0,0,0,1,0,0,0,0,0,0,1,0,0,0,0,0.02
47,11,1,2.3661971830985915,46.07859154929577,107.34549295774649,6.454545454545454,7.038417437673107,0,355,2059,5538,1.0,382,0,1,1,0,0,0,1,0,0,0,1,0,0,1,0,0,1,0,0,0,0,1,0,0,0,0,0,0,0,0,0,0,1,0,0.005
55,8,4,2.4507042253521125,47.48042253521127,116.61338028169013,8.875,0.07,0,71,2840,2840,1.0,384,1,1,1,0,0,0,0,1,1,0,0,1,0,0,0,0,1,0,0,0,0,0,1,0,0,0,0,0,0,0,0,0,1,0,0.0
70,3,2,2.492957746478873,45.97521126760564,114.36732394366196,23.666666666666668,0.25,213,0,1420,4473,1.0,495,1,1,0,1,0,0,0,1,0,0,1,0,0,0,1,0,0,1,0,0,0,0,0,0,0,1,0,0,0,0,0,0,1,0,0.965
60,4,0,2.5972222222222223,51.528055555555554,132.00347222222223,18.0,0.15,0,144,2016,4896,1.0,371,0,1,0,1,0,0,0,1,0,1,0,0,0,0,1,0,1,0,0,0,0,0,0,0,0,0,0,0,1,0,0,0,0,1,0.01
33,12,3,2.888888888888889,53.53558434893748,157.70736618913187,6.0,0.3205048341238961,158,62,2303,3227,0.5694444444444444,782,0,1,0,0,1,0,1,0,0,0,1,0,0,0,1,0,1,0,0,0,0,0,0,0,0,0,0,1,0,0,0,0,0,0,0.115
66,9,3,2.638888888888889,47.450833333333335,127.57597222222222,8.0,0.22,288,0,1800,2952,1.0,492,1,1,0,1,0,0,0,1,1,0,0,0,1,0,0,0,0,0,0,1,0,0,0,0,0,1,0,0,0,0,0,0,1,0,0.995
23,2,0,2.788732394366197,53.06943661971831,143.83704225352113,35.5,0.02,284,0,639,5964,1.0,374,1,1,0,1,0,0,0,1,0,1,0,0,0,1,0,0,0,1,0,0,0,0,0,0,0,1,0,0,0,0,0,0,0,1,0.01
57,12,3,2.492957746478873,50.09239436619718,126.95774647887325,5.916666666666667,0.01,213,0,2272,7171,1.0,371,0,1,1,0,0,0,1,0,0,0,1,1,0,0,0,1,0,0,0,0,0,0,0,0,0,0,1,0,0,0,0,0,0,1,0.005
43,6,1,2.4444444444444446,47.68,116.72166666666664,12.0,0.11,144,0,2448,5472,1.0,373,1,1,0,0,1,1,0,0,0,1,0,0,1,0,0,0,0,0,1,0,0,0,0,0,1,0,0,0,0,0,0,1,0,0,0.0
29,12,0,2.4027777777777777,50.388333333333335,121.6738888888889,6.0,0.26,144,0,1872,4824,1.0,490,0,1,1,0,0,0,0,1,0,0,1,0,0,0,1,0,0,0,0,1,0,0,0,0,0,0,0,0,1,0,0,0,1,0,1.0
51,13,3,2.5211267605633805,52.14098591549296,134.66408450704225,5.461538461538462,0.08,284,0,3621,1065,1.0,377,1,1,0,1,0,0,1,0,0,1,0,1,0,0,0,1,0,0,0,0,0,0,1,0,0,0,0,0,0,0,0,1,0,0,0.01
20,2,1,2.25,49.16041666666667,110.43916666666668,36.0,0.09,360,0,2664,3456,1.0,370,0,1,0,0,1,0,1,0,0,0,1,0,0,1,0,0,0,0,0,1,0,0,0,0,1,0,0,0,0,0,0,0,1,0,0.01
54,4,4,2.7777777777777777,48.13570930074579,131.27630942520537,18.0,0.3361976188713156,166,47,3383,4804,0.5277777777777778,864,1,1,1,0,0,0,0,1,1,0,0,0,0,1,0,0,1,0,0,0,0,0,0,0,0,1,0,0,0,0,0,0,0,0,0.11
50,12,2,2.563380281690141,53.24633802816902,140.65338028169012,5.916666666666667,0.19,284,0,1491,2485,1.0,377,0,1,0,1,0,0,0,1,1,0,0,0,0,0,1,0,1,0,0,0,0,0,1,0,0,0,0,0,0,1,0,0,0,0,0.025
60,4,0,2.638888888888889,52.12638888888889,138.20875,18.0,0.15,0,144,2016,4896,1.0,382,0,1,0,1,0,0,0,1,0,1,0,0,0,0,1,0,1,0,0,0,1,0,0,0,0,0,0,0,0,1,0,0,0,0,0.005
29,6,0,2.591549295774648,48.10225352112676,118.7749295774648,11.833333333333334,0.29,0,355,1349,4970,1.0,490,1,1,0,1,0,0,1,0,1,0,0,0,0,0,1,0,0,0,1,0,0,0,0,1,0,0,0,0,0,0,0,0,0,1,0.975
40,12,4,2.7746478873239435,51.20211267605634,141.18788732394367,5.916666666666667,0.0,142,0,3621,3550,1.0,496,0,1,1,0,0,0,1,0,0,0,1,0,0,1,0,0,0,0,0,1,0,0,0,0,0,0,0,1,0,0,0,0,1,0,0.99
42,13,0,2.9722222222222223,50.43803128964618,150.14781960302918,5.538461538461538,0.227835001938447,168,53,2231,2370,0.5555555555555556,726,0,1,0,1,0,0,1,0,0,1,0,0,0,0,1,0,0,1,0,0,0,0,0,0,0,0,0,1,0,0,0,0,0,0,0.15
32,7,1,2.583333333333333,56.94472222222223,147.4586111111111,10.285714285714286,0.05,216,0,792,4248,1.0,495,0,1,0,0,1,1,0,0,1,0,0,0,0,0,1,0,0,1,0,0,0,0,0,0,1,0,0,0,0,0,0,1,0,0,0.97
36,6,4,2.611111111111111,48.559583333333336,126.32708333333332,12.0,0.16,360,0,1656,5040,1.0,376,1,1,0,0,1,1,0,0,0,1,0,1,0,0,0,0,0,0,0,1,0,0,0,0,0,1,0,0,0,0,1,0,0,0,0.005
45,5,4,2.323943661971831,46.51197183098592,107.7718309859155,14.2,0.06,213,0,1633,7171,1.0,370,0,1,0,0,1,0,0,1,1,0,0,0,0,0,1,0,1,0,0,0,1,0,0,0,0,0,0,0,0,0,0,1,0,0,0.0
30,12,1,2.507042253521127,49.153521126760566,120.96661971830989,5.916666666666667,10.382436680341316,142,355,3124,6887,1.0,376,0,1,0,1,0,0,1,0,1,0,0,0,0,1,0,1,0,0,0,0,0,0,0,0,1,0,0,0,0,0,0,1,0,0,0.0
22,2,3,2.2916666666666665,51.90125,116.09125,36.0,0.24,0,360,1656,5904,1.0,502,0,1,0,1,0,0,1,0,0,1,0,0,0,1,0,0,0,0,0,1,0,1,0,0,0,0,0,0,0,0,0,1,0,0,0.99
60,5,4,2.6527777777777777,48.38208333333333,130.53666666666666,14.4,0.02,72,0,3528,3744,1.0,505,0,1,0,1,0,0,1,0,1,0,0,1,0,0,0,0,0,1,0,0,0,0,0,0,1,0,0,0,0,1,0,0,0,0,0.995
32,4,3,2.638888888888889,53.42930555555555,143.0713888888889,18.0,10.883620836964743,216,720,2232,1944,1.0,370,1,1,1,0,0,0,0,1,0,0,1,1,0,0,0,1,0,0,0,0,0,0,0,0,0,0,0,0,1,0,1,0,0,0,0.0
43,12,2,2.763888888888889,50.43014473402998,140.59445028958555,6.0,0.236520325298879,135,76,3095,2646,0.6527777777777778,778,1,1,0,1,0,0,1,0,1,0,0,0,0,1,0,0,0,0,0,1,0,0,0,0,0,0,0,1,0,0,0,0,1,0,0.83
33,12,1,2.4166666666666665,50.56597222222222,116.94875,6.0,0.09,0,144,2952,4536,1.0,370,1,1,1,0,0,0,1,0,1,0,0,1,0,0,0,0,0,0,1,0,0,0,0,0,0,0,1,0,0,1,0,0,0,0,0.0
41,3,3,2.680555555555556,49.78,135.9676388888889,24.0,7.683813403410544,72,504,3384,3168,1.0,375,1,1,0,1,0,1,0,0,1,0,0,1,0,0,0,1,0,0,0,0,1,0,0,0,0,0,0,0,0,0,0,1,0,0,0.0
25,9,2,2.6619718309859155,53.92591549295774,142.94281690140846,7.888888888888888,0.02,142,0,2627,1562,1.0,372,0,1,0,1,0,1,0,0,0,1,0,0,0,0,1,1,0,0,0,0,0,0,0,1,0,0,0,0,0,0,0,0,1,0,0.0
18,3,0,2.75,51.35888888888889,140.57555555555555,24.0,0.29,0,360,1656,4752,1.0,374,1,1,0,0,1,1,0,0,1,0,0,1,0,0,0,1,0,0,0,0,0,0,0,1,0,0,0,0,0,0,1,0,0,0,0.0
48,3,2,2.492957746478873,50.800563380281694,124.8225352112676,23.666666666666668,0.11,284,0,3266,7313,1.0,371,0,1,0,1,0,0,1,0,0,1,0,0,1,0,0,0,0,0,1,0,0,0,1,0,0,0,0,0,0,0,0,0,1,0,0.0
25,6,4,2.6527777777777777,45.50666666666667,123.60694444444444,12.0,0.11,144,0,2016,1224,1.0,491,0,1,1,0,0,0,1,0,0,1,0,0,0,1,0,0,0,0,1,0,0,1,0,0,0,0,0,0,0,0,0,0,0,1,0.97
31,3,3,2.361111111111111,52.33972222222222,122.08319444444444,24.0,0.03,288,0,2880,1512,1.0,371,1,1,1,0,0,0,1,0,0,0,1,0,0,0,1,0,1,0,0,0,1,0,0,0,0,0,0,0,0,0,1,0,0,0,0.005
63,4,2,2.436619718309859,50.73521126760563,117.63605633802815,17.75,0.19,0,355,497,2414,1.0,373,1,1,1,0,0,1,0,0,0,1,0,0,0,1,0,0,0,0,0,1,0,0,0,0,0,1,0,0,0,0,0,0,1,0,0.0
65,4,4,2.8194444444444446,48.872638888888886,137.82777777777778,18.0,9.824867521735362,432,144,1800,6552,1.0,371,0,1,0,0,1,1,0,0,0,1,0,0,1,0,0,0,0,0,0,1,0,0,1,0,0,0,0,0,0,0,0,0,1,0,0.0
24,4,0,2.605633802816901,49.51366197183099,129.3943661971831,17.75,10.396433075959326,710,497,2272,1278,1.0,371,1,1,1,0,0,0,0,1,1,0,0,0,1,0,0,1,0,0,0,0,0,0,0,1,0,0,0,0,0,0,1,0,0,0,0.0
35,2,1,2.4507042253521125,47.75295774647888,117.39943661971832,35.5,0.04,142,0,2130,994,1.0,492,0,1,0,0,1,0,0,1,0,1,0,0,0,1,0,1,0,0,0,0,0,0,1,0,0,0,0,0,0,0,0,1,0,0,0.995
55,9,0,2.7746478873239435,50.65112676056338,145.18521126760564,7.888888888888888,8.151890842042395,142,213,1491,2698,1.0,372,1,1,0,0,1,0,0,1,0,1,0,1,0,0,0,0,0,0,1,0,0,0,0,0,0,0,1,0,0,1,0,0,0,0,0.0
44,9,2,3.180555555555556,52.11813708569547,157.65502417139092,8.0,0.2484035795181123,170,64,3383,5915,0.6111111111111112,777,0,1,1,0,0,1,0,0,0,0,1,0,0,1,0,0,0,0,1,0,0,0,1,0,0,0,0,0,0,0,0,0,0,0,0.09
25,10,3,2.492957746478873,47.57647887323943,119.82661971830989,7.1,0.06,213,0,3053,3195,1.0,373,1,1,0,0,1,0,0,1,1,0,0,0,0,1,0,0,1,0,0,0,1,0,0,0,0,0,0,0,0,1,0,0,0,0,0.0
31,13,4,2.408450704225352,45.34647887323944,107.85225352112676,5.461538461538462,9.81401991006413,355,71,2059,2201,1.0,373,1,1,0,1,0,1,0,0,0,0,1,1,0,0,0,1,0,0,0,0,1,0,0,0,0,0,0,0,0,1,0,0,0,0,0.005
33,8,0,2.535211267605634,52.81985915492958,132.566338028169,8.875,11.40714310886413,355,142,3053,2201,1.0,372,0,1,1,0,0,0,0,1,1,0,0,0,0,0,1,0,0,1,0,0,0,0,1,0,0,0,0,0,0,0,0,0,1,0,0.0
33,4,1,2.6666666666666665,49.609722222222224,133.79819444444445,18.0,0.15,0,288,2088,2808,1.0,377,1,1,0,0,1,1,0,0,0,1,0,0,1,0,0,0,0,1,0,0,0,0,0,1,0,0,0,0,0,0,1,0,0,0,0.0
37,8,4,2.4722222222222223,51.58305555555555,127.74055555555556,9.0,0.18,216,0,3528,2952,1.0,371,0,1,1,0,0,1,0,0,1,0,0,0,0,0,1,0,0,1,0,0,0,0,0,0,0,0,0,0,1,0,1,0,0,0,0.005
58,1,0,2.901408450704225,48.80081099542706,144.24119945564286,71.0,0.3101770148958808,152,55,425,4109,0.7183098591549296,566,1,1,0,1,0,1,0,0,0,1,0,1,0,0,0,0,0,0,0,1,0,0,0,0,0,0,0,1,0,0,0,0,1,0,0.09
21,5,4,2.535211267605634,48.60788732394366,121.57521126760564,14.2,0.28,71,0,852,6674,1.0,373,0,1,0,1,0,1,0,0,1,0,0,0,1,0,0,0,1,0,0,0,1,0,0,0,0,0,0,0,0,0,0,0,0,1,0.005
35,2,4,2.6901408450704225,50.18183098591549,134.39901408450703,35.5,6.744251972501145,213,426,1491,1775,1.0,392,1,1,0,1,0,1,0,0,0,0,1,1,0,0,0,1,0,0,0,0,0,0,0,0,1,0,0,0,0,0,0,1,0,0,0.0
47,2,0,3.180555555555556,48.11160012068461,149.09139468581367,36.0,0.3102779737441754,170,74,647,4043,0.625,653,0,1,0,0,1,0,0,1,0,0,1,0,1,0,0,0,0,0,0,1,0,0,0,0,0,0,0,1,0,0,0,0,0,0,0.725
42,13,0,2.619718309859155,48.75239436619719,126.03661971830986,5.461538461538462,5.584120139568189,426,355,2130,2130,1.0,370,0,1,0,1,0,0,1,0,0,1,0,0,0,0,1,0,0,1,0,0,1,0,0,0,0,0,0,0,0,0,0,1,0,0,0.0
62,6,3,2.647887323943662,52.959154929577466,139.22816901408453,11.833333333333334,0.26,0,142,1562,4899,1.0,495,0,1,0,0,1,0,0,1,0,0,1,0,0,1,0,1,0,0,0,0,1,0,0,0,0,0,0,0,0,0,0,0,0,1,0.98
58,12,1,2.486111111111111,51.46736111111111,126.6248611111111,6.0,0.18,72,0,648,4968,1.0,490,0,1,1,0,0,0,1,0,0,1,0,0,0,0,1,0,0,0,0,1,0,0,0,0,0,1,0,0,0,0,0,1,0,0,1.0
46,9,3,3.183098591549296,49.3668220262892,152.3461613445934,7.888888888888888,0.2511666304321368,174,66,3620,6825,0.676056338028169,559,0,1,1,0,0,1,0,0,0,0,1,0,1,0,0,0,0,0,0,1,0,1,0,0,0,0,0,0,0,0,1,0,0,0,0.105
66,4,2,2.5,49.687777777777775,126.26791666666664,18.0,0.21,0,360,2808,6624,1.0,372,0,1,0,0,1,1,0,0,0,0,1,0,0,0,1,0,0,0,1,0,0,1,0,0,0,0,0,0,0,0,0,1,0,0,0.0
21,7,1,2.736111111111111,49.32694444444444,135.26097222222222,10.285714285714286,0.02,216,0,3672,6408,1.0,376,1,1,1,0,0,1,0,0,0,0,1,0,1,0,0,0,0,0,0,1,1,0,0,0,0,0,0,0,0,1,0,0,0,0,0.005
64,13,3,2.583333333333333,49.70555555555556,131.1725,5.538461538461538,0.29,288,0,648,4824,1.0,491,1,1,0,1,0,0,1,0,0,0,1,0,1,0,0,0,1,0,0,0,1,0,0,0,0,0,0,0,0,0,1,0,0,0,1.0
26,4,4,2.5774647887323945,54.75464788732394,141.8425352112676,17.75,0.21,142,0,1846,5041,1.0,502,1,1,0,0,1,1,0,0,1,0,0,0,0,1,0,0,0,0,0,1,0,1,0,0,0,0,0,0,0,0,0,0,1,0,0.97
25,10,1,2.5,48.85472222222222,122.26,7.199999999999999,0.09,216,0,2448,6552,1.0,371,1,1,1,0,0,1,0,0,0,1,0,1,0,0,0,0,0,0,1,0,1,0,0,0,0,0,0,0,0,1,0,0,0,0,0.005
40,15,3,2.555555555555556,53.03597222222223,137.68625,4.8,0.16,432,0,2808,2088,1.0,511,0,1,0,0,1,0,0,1,1,0,0,0,0,0,1,0,0,1,0,0,0,0,1,0,0,0,0,0,0,0,0,1,0,0,0.98
40,12,4,2.5774647887323945,48.49183098591549,125.57112676056336,5.916666666666667,0.0,142,0,3621,3550,1.0,496,0,1,1,0,0,0,1,0,0,0,1,0,0,1,0,0,0,0,0,1,0,1,0,0,0,0,0,0,0,1,0,0,0,0,0.98
39,10,4,2.388888888888889,44.761944444444445,114.18555555555557,7.199999999999999,0.22,144,0,1800,7056,1.0,497,0,1,1,0,0,1,0,0,1,0,0,0,0,1,0,1,0,0,0,0,0,0,0,0,1,0,0,0,0,0,0,0,1,0,0.96
37,15,4,2.6944444444444446,52.31305555555556,139.12597222222223,4.8,0.22,0,144,2808,7056,1.0,490,0,1,0,1,0,0,1,0,0,1,0,0,0,1,0,0,0,1,0,0,0,0,0,0,0,0,0,1,0,0,0,0,1,0,0.98
64,13,3,2.535211267605634,46.74535211267606,117.55028169014084,5.461538461538462,0.29,284,0,639,4757,1.0,490,1,1,0,1,0,0,1,0,0,0,1,0,1,0,0,0,1,0,0,0,1,0,0,0,0,0,0,0,0,1,0,0,0,0,0.995
40,2,0,2.4027777777777777,54.19875,132.31152777777777,36.0,0.08,144,0,1296,6048,1.0,372,0,1,0,1,0,1,0,0,0,0,1,0,0,1,0,0,0,0,0,1,0,0,0,1,0,0,0,0,0,0,1,0,0,0,0.0
25,10,4,2.5416666666666665,48.64652777777778,128.89097222222222,7.199999999999999,0.15,288,0,648,6480,1.0,496,0,1,0,1,0,1,0,0,1,0,0,0,1,0,0,0,0,0,1,0,0,0,0,0,0,0,0,1,0,0,0,0,0,1,1.0
66,1,2,2.263888888888889,48.13458333333333,108.75402777777778,72.0,0.15,0,216,1656,5544,1.0,370,0,1,0,1,0,0,0,1,0,1,0,1,0,0,0,0,0,1,0,0,0,0,0,0,0,1,0,0,0,1,0,0,0,0,0.03
49,3,1,2.8450704225352115,54.711839869299865,156.41256186142073,23.666666666666668,0.2542086448643817,158,54,3265,4317,0.6338028169014085,464,1,1,0,1,0,0,1,0,0,1,0,0,0,1,0,0,0,0,0,1,0,0,1,0,0,0,0,0,0,0,0,0,0,0,0.075
65,15,2,2.5211267605633805,53.32014084507042,130.886338028169,4.733333333333333,0.03,0,142,2840,2201,1.0,378,1,1,0,1,0,0,0,1,0,0,1,0,0,1,0,0,0,0,1,0,0,0,0,0,0,1,0,0,0,0,0,0,1,0,0.0
19,13,3,2.625,52.01041666666666,136.21138888888888,5.538461538461538,0.21,216,0,3456,5112,1.0,502,0,1,0,1,0,1,0,0,0,0,1,0,1,0,0,0,0,0,1,0,1,0,0,0,0,0,0,0,0,0,1,0,0,0,0.99
57,2,1,2.619718309859155,50.68492957746479,132.2619718309859,35.5,0.05,0,142,1562,2130,1.0,372,0,1,0,1,0,1,0,0,0,1,0,0,0,1,0,0,0,0,0,1,0,0,0,1,0,0,0,0,0,0,1,0,0,0,0.005
50,7,1,2.5,52.31625,132.0415277777778,10.285714285714286,0.14,144,0,2880,3312,1.0,379,1,1,0,1,0,0,1,0,0,0,1,0,0,1,0,1,0,0,0,0,0,0,0,0,0,0,1,0,0,0,0,1,0,0,0.005
46,12,3,3.0704225352112675,46.184770506944304,142.50769180252306,5.916666666666667,0.3446208469322322,175,54,1845,2700,0.6338028169014085,433,0,1,1,0,0,1,0,0,1,0,0,1,0,0,0,1,0,0,0,0,1,0,0,0,0,0,0,0,0,0,0,0,0,0,0.055
31,2,0,2.464788732394366,53.94154929577465,129.30239436619718,35.5,10.871398822095117,0,0,639,781,1.0,373,1,1,1,0,0,0,0,1,0,0,1,0,0,0,1,0,0,1,0,0,0,0,0,0,0,0,0,0,1,1,0,0,0,0,0.0
61,2,4,3.2535211267605635,50.51139663233754,160.54799271391403,35.5,0.2970600537983748,172,69,2626,6050,0.5633802816901409,547,1,1,1,0,0,0,1,0,0,0,1,0,0,1,0,0,0,1,0,0,0,0,0,0,0,1,0,0,0,0,0,0,0,0,0.78
57,10,0,2.4027777777777777,54.53916666666667,133.3720833333333,7.199999999999999,0.27,0,288,720,7488,1.0,370,0,1,0,1,0,1,0,0,0,0,1,1,0,0,0,0,0,1,0,0,0,0,0,0,0,1,0,0,0,0,1,0,0,0,0.0
31,9,1,2.333333333333333,48.65958333333334,115.54805555555556,8.0,0.09,144,0,3096,7272,1.0,372,1,1,0,0,1,0,1,0,1,0,0,0,1,0,0,1,0,0,0,0,0,0,0,0,0,0,0,1,0,0,0,0,1,0,0.0
58,5,2,2.535211267605634,50.89577464788732,130.41971830985915,14.2,0.28,213,0,3479,1491,1.0,371,0,1,1,0,0,0,0,1,0,0,1,1,0,0,0,0,0,0,0,1,0,0,0,1,0,0,0,0,0,0,0,1,0,0,0.0
50,4,3,2.507042253521127,48.12014084507042,120.44521126760564,17.75,0.08,142,0,2059,3976,1.0,370,0,1,0,0,1,1,0,0,0,0,1,0,0,1,0,0,0,0,1,0,0,0,0,0,0,1,0,0,0,0,0,0,1,0,0.015
69,4,2,2.458333333333333,51.78375,133.05277777777778,18.0,0.22,144,0,2088,2376,1.0,522,1,1,0,0,1,1,0,0,1,0,0,0,0,1,0,0,1,0,0,0,0,0,0,0,0,0,1,0,0,0,0,1,0,0,0.985
25,6,4,2.507042253521127,46.2556338028169,114.33309859154927,11.833333333333334,0.11,142,0,1988,1207,1.0,499,0,1,1,0,0,0,1,0,0,1,0,0,0,1,0,0,0,0,1,0,0,1,0,0,0,0,0,0,0,0,0,0,1,0,0.97
56,1,2,2.704225352112676,50.21802816901408,131.23591549295776,71.0,10.494749073824448,213,710,2343,4189,1.0,371,0,1,0,1,0,0,0,1,0,0,1,0,0,1,0,1,0,0,0,0,0,0,0,0,0,0,0,1,0,0,0,0,0,1,0.0
69,4,2,2.4722222222222223,49.86486111111111,122.04916666666664,18.0,0.22,144,0,2088,2376,1.0,495,1,1,0,0,1,1,0,0,1,0,0,0,0,1,0,0,1,0,0,0,0,0,0,0,1,0,0,0,0,0,0,0,0,1,0.98
24,12,2,3.1549295774647885,47.98735180286954,149.05752050714753,5.916666666666667,0.2235509234778918,151,78,425,1216,0.5492957746478874,447,1,1,0,1,0,1,0,0,0,0,1,0,0,1,0,0,0,0,0,1,1,0,0,0,0,0,0,0,0,0,0,0,0,0,0.105
36,5,4,2.555555555555556,51.861666666666665,132.32888888888888,14.4,6.181456079389093,648,72,720,5256,1.0,375,0,1,1,0,0,1,0,0,0,0,1,0,0,1,0,0,0,0,1,0,0,0,0,0,0,1,0,0,0,0,0,0,1,0,0.0
66,11,2,3.3472222222222223,50.2056099352133,166.20835758341772,6.545454545454546,0.2236135628182416,185,61,3311,4702,0.7083333333333334,891,1,1,0,0,1,1,0,0,0,1,0,0,0,1,0,0,0,1,0,0,1,0,0,0,0,0,0,0,0,0,0,0,1,0,0.135
25,9,2,2.625,50.63958333333333,135.51208333333335,8.0,0.02,144,0,2664,1584,1.0,371,0,1,0,1,0,1,0,0,0,1,0,0,0,0,1,1,0,0,0,0,0,0,0,0,0,1,0,0,0,0,0,1,0,0,0.0
51,11,4,2.436619718309859,47.53647887323944,116.60915492957749,6.454545454545454,0.1,213,0,1988,1349,1.0,372,1,1,0,0,1,1,0,0,0,0,1,0,0,1,0,0,0,0,0,1,0,0,0,1,0,0,0,0,0,0,1,0,0,0,0.01
22,15,2,2.5972222222222223,51.2576517227647,134.5415534455294,4.8,0.2952017356819948,149,53,2735,2561,0.6666666666666666,905,0,1,0,1,0,0,1,0,1,0,0,0,1,0,0,0,0,1,0,0,1,0,0,0,0,0,0,0,0,0,1,0,0,0,0.135
29,2,3,2.507042253521127,49.610140845070426,126.56971830985916,35.5,10.422353915074105,284,71,3550,6532,1.0,384,0,1,0,1,0,1,0,0,0,1,0,0,0,0,1,1,0,0,0,0,0,0,0,0,0,1,0,0,0,1,0,0,0,0,0.0
58,5,2,2.5,48.06555555555556,121.32763888888888,14.4,0.28,216,0,3528,1512,1.0,378,0,1,1,0,0,0,0,1,0,0,1,1,0,0,0,0,0,0,0,1,0,0,0,0,0,0,1,0,0,1,0,0,0,0,0.005
55,9,0,2.4788732394366195,49.65802816901409,124.77873239436622,7.888888888888888,8.151890842042395,142,213,1491,2698,1.0,371,1,1,0,0,1,0,0,1,0,1,0,1,0,0,0,0,0,0,1,0,1,0,0,0,0,0,0,0,0,0,0,1,0,0,0.01
68,1,2,2.680555555555556,48.20097222222223,127.81944444444444,72.0,0.25,288,0,2952,7416,1.0,373,0,1,0,0,1,1,0,0,0,1,0,1,0,0,0,0,0,0,0,1,0,0,0,0,0,1,0,0,0,0,0,1,0,0,0.005
24,4,0,2.6944444444444446,45.01111111111111,118.97333333333331,18.0,10.396433075959326,720,504,2304,1296,1.0,373,1,1,1,0,0,0,0,1,1,0,0,0,1,0,0,1,0,0,0,0,0,0,0,1,0,0,0,0,0,0,0,1,0,0,0.0
24,2,3,2.625,51.074444444444445,134.86083333333332,36.0,0.02,216,0,3312,1152,1.0,394,0,1,0,1,0,0,0,1,0,1,0,0,0,0,1,0,0,0,1,0,1,0,0,0,0,0,0,0,0,0,0,0,0,1,0.0
27,4,0,3.0694444444444446,51.02715082902287,159.3581230512451,18.0,0.2156611346669457,155,80,1295,5692,0.6527777777777778,856,1,1,1,0,0,1,0,0,1,0,0,0,0,0,1,0,0,0,0,1,0,0,0,0,0,1,0,0,0,0,1,0,0,0,0.07
66,12,0,2.263888888888889,46.78347222222222,104.51041666666669,6.0,12.246906308329049,216,360,1944,6624,1.0,371,0,1,0,1,0,0,0,1,1,0,0,0,0,0,1,0,0,1,0,0,0,0,1,0,0,0,0,0,0,0,1,0,0,0,0.0
42,5,1,2.4166666666666665,54.17805555555556,129.10694444444445,14.4,5.925676610997473,360,216,1800,1944,1.0,374,1,1,0,1,0,1,0,0,0,0,1,0,0,0,1,0,0,0,1,0,0,0,0,0,1,0,0,0,0,0,1,0,0,0,0.0
23,9,3,2.625,52.11208333333334,136.83402777777778,8.0,0.18,360,0,2592,3816,1.0,499,1,1,0,1,0,1,0,0,0,1,0,0,0,0,1,0,0,0,1,0,0,0,0,1,0,0,0,0,0,0,1,0,0,0,0.99
55,3,3,2.5774647887323945,53.39929577464789,133.6156338028169,23.666666666666668,9.222769018017392,568,71,568,852,1.0,375,0,1,0,0,1,1,0,0,0,1,0,0,0,1,0,0,0,1,0,0,0,1,0,0,0,0,0,0,0,1,0,0,0,0,0.0
40,8,3,2.464788732394366,51.19267605633802,125.38859154929578,8.875,12.152893382918927,213,142,923,4828,1.0,376,1,1,1,0,0,1,0,0,0,0,1,0,1,0,0,0,0,1,0,0,0,0,0,1,0,0,0,0,0,1,0,0,0,0,0.0
50,13,0,2.647887323943662,51.63225352112676,141.18309859154928,5.461538461538462,0.03,284,0,568,5893,1.0,375,0,1,0,0,1,0,0,1,0,0,1,1,0,0,0,0,0,0,1,0,0,1,0,0,0,0,0,0,0,0,1,0,0,0,0.005
19,11,1,2.323943661971831,48.52901408450704,112.35211267605634,6.454545454545454,0.26,142,0,2840,4686,1.0,374,0,1,0,0,1,0,1,0,0,0,1,0,1,0,0,0,1,0,0,0,0,1,0,0,0,0,0,0,0,0,1,0,0,0,0.005
48,1,0,2.75,51.406666666666666,142.6963888888889,72.0,0.17,0,216,648,4752,1.0,371,1,1,1,0,0,0,0,1,0,1,0,0,0,0,1,1,0,0,0,0,1,0,0,0,0,0,0,0,0,0,1,0,0,0,0.0
32,2,0,2.4166666666666665,51.69083333333334,124.19194444444445,36.0,0.1,216,0,3312,4896,1.0,514,1,1,1,0,0,1,0,0,1,0,0,0,0,1,0,0,0,0,1,0,0,0,0,0,1,0,0,0,0,0,0,0,0,1,0.985
48,3,2,2.4507042253521125,48.69647887323944,118.26098591549297,23.666666666666668,0.11,284,0,3266,7313,1.0,371,0,1,0,1,0,0,1,0,0,1,0,0,1,0,0,0,0,0,1,0,0,0,0,0,0,0,0,0,1,0,0,0,0,1,0.005
32,7,1,2.5492957746478875,51.651830985915495,129.21845070422535,10.142857142857142,0.05,213,0,781,4189,1.0,494,0,1,0,0,1,1,0,0,1,0,0,0,0,0,1,0,0,1,0,0,0,0,0,0,0,1,0,0,0,1,0,0,0,0,0.995
49,15,3,2.436619718309859,49.8861971830986,118.12323943661973,4.733333333333333,0.17,284,0,3124,1917,1.0,501,1,1,0,1,0,0,0,1,0,0,1,0,0,0,1,0,1,0,0,0,0,0,1,0,0,0,0,0,0,0,0,0,0,1,0.995
51,1,3,3.25,47.99897983046468,161.688563163798,72.0,0.2405676516081427,168,80,2375,3257,0.4305555555555556,781,0,1,0,0,1,1,0,0,0,1,0,0,0,1,0,0,1,0,0,0,0,0,0,0,0,1,0,0,0,0,0,0,0,0,0.12
50,7,1,2.5972222222222223,50.11013888888888,132.15944444444443,10.285714285714286,0.14,144,0,2880,3312,1.0,371,1,1,0,1,0,0,1,0,0,0,1,0,0,1,0,1,0,0,0,0,0,0,0,0,1,0,0,0,0,0,1,0,0,0,0.02
68,1,2,2.3380281690140845,50.13549295774648,113.8356338028169,71.0,10.559115930120193,142,0,2627,3550,1.0,370,0,1,0,1,0,0,0,1,0,0,1,0,1,0,0,0,0,0,0,1,0,1,0,0,0,0,0,0,0,1,0,0,0,0,0.005
32,7,1,3.180555555555556,52.2633575726658,168.80692675221786,10.285714285714286,0.3379053233325406,172,56,791,4256,0.5972222222222222,650,0,1,0,0,1,1,0,0,1,0,0,0,0,0,1,0,0,1,0,0,0,0,0,0,0,1,0,0,0,0,0,0,0,0,0.785
34,15,2,2.7777777777777777,48.49333333333333,132.6751388888889,4.8,0.07,288,0,1872,1944,1.0,512,1,1,0,1,0,0,1,0,0,0,1,1,0,0,0,0,1,0,0,0,0,1,0,0,0,0,0,0,0,0,0,1,0,0,1.0
58,3,2,2.4507042253521125,49.90042253521126,122.3649295774648,23.666666666666668,0.03,213,0,2343,5467,1.0,504,0,1,1,0,0,0,1,0,0,0,1,0,0,1,0,0,1,0,0,0,0,0,0,0,0,0,1,0,0,1,0,0,0,0,0.98
46,4,4,2.6901408450704225,48.7869014084507,127.27549295774648,17.75,0.01,213,0,1846,6106,1.0,377,1,1,1,0,0,1,0,0,0,0,1,0,0,0,1,1,0,0,0,0,0,0,0,0,0,0,0,1,0,1,0,0,0,0,0.0
65,15,2,2.5277777777777777,54.35611111111111,139.4356944444445,4.8,0.03,0,144,2880,2232,1.0,372,1,1,0,1,0,0,0,1,0,0,1,0,0,1,0,0,0,0,1,0,0,1,0,0,0,0,0,0,0,1,0,0,0,0,0.0
46,4,2,2.436619718309859,49.5630985915493,121.90295774647888,17.75,0.15,71,0,2698,6887,1.0,371,1,1,0,1,0,0,0,1,0,0,1,1,0,0,0,0,0,1,0,0,1,0,0,0,0,0,0,0,0,0,0,0,1,0,0.0
23,9,4,2.333333333333333,53.25638888888889,124.29305555555555,8.0,0.1,0,216,2808,6264,1.0,501,1,1,0,1,0,0,1,0,1,0,0,1,0,0,0,0,1,0,0,0,0,0,0,0,0,1,0,0,0,0,0,0,0,1,1.0
25,15,1,2.352112676056338,47.19154929577465,111.52788732394366,4.733333333333333,0.29,0,426,710,6887,1.0,375,0,1,0,1,0,0,0,1,0,0,1,0,1,0,0,1,0,0,0,0,0,0,1,0,0,0,0,0,0,0,1,0,0,0,0.01
47,11,1,2.3194444444444446,50.34736111111111,118.96347222222224,6.545454545454546,7.038417437673107,0,360,2088,5616,1.0,373,0,1,1,0,0,0,1,0,0,0,1,0,0,1,0,0,1,0,0,0,0,0,1,0,0,0,0,0,0,0,0,0,1,0,0.0
25,1,2,2.619718309859155,52.23028169014084,139.0380281690141,71.0,0.13,213,0,1491,4899,1.0,490,0,1,1,0,0,0,0,1,0,0,1,1,0,0,0,0,0,0,1,0,0,0,0,0,0,1,0,0,0,0,0,0,1,0,0.99
56,7,3,2.4507042253521125,53.87028169014084,131.25957746478875,10.142857142857142,0.28,0,142,2698,5254,1.0,370,1,1,0,1,0,0,0,1,1,0,0,0,0,0,1,1,0,0,0,0,1,0,0,0,0,0,0,0,0,0,1,0,0,0,0.0
45,2,4,2.4166666666666665,44.08180555555556,106.18097222222222,36.0,11.342879700165357,360,432,504,1512,1.0,371,0,1,1,0,0,1,0,0,0,1,0,0,0,0,1,0,0,0,1,0,0,0,0,0,0,0,1,0,0,1,0,0,0,0,0.01
46,12,4,2.492957746478873,51.820281690140845,127.5761971830986,5.916666666666667,0.07,0,284,2627,2698,1.0,504,0,1,0,0,1,1,0,0,1,0,0,1,0,0,0,0,0,1,0,0,0,0,1,0,0,0,0,0,0,0,0,1,0,0,1.0
25,14,0,2.5972222222222223,52.46236111111111,133.9390277777778,5.142857142857143,0.17,0,144,1584,7128,1.0,492,0,1,1,0,0,1,0,0,1,0,0,1,0,0,0,1,0,0,0,0,0,1,0,0,0,0,0,0,0,0,1,0,0,0,0.995
68,2,3,2.3661971830985915,54.219718309859154,131.07464788732392,35.5,0.08,0,71,852,1491,1.0,380,1,1,0,0,1,0,1,0,0,1,0,0,0,0,1,0,0,1,0,0,0,1,0,0,0,0,0,0,0,0,0,1,0,0,0.0
25,10,1,2.4507042253521125,45.68169014084507,113.98,7.1,0.09,213,0,2414,6461,1.0,370,1,1,1,0,0,1,0,0,0,1,0,1,0,0,0,0,0,0,1,0,0,0,0,0,0,0,0,1,0,0,0,0,0,1,0.01
25,11,3,2.5972222222222223,51.22666666666667,129.11416666666665,6.545454545454546,0.11,0,288,3312,3744,1.0,377,0,1,0,0,1,0,1,0,1,0,0,0,1,0,0,0,1,0,0,0,0,0,0,1,0,0,0,0,0,0,0,0,1,0,0.005
39,4,0,2.4027777777777777,50.094027777777775,117.80208333333331,18.0,0.18,144,0,864,5904,1.0,496,1,1,0,1,0,1,0,0,0,0,1,0,0,1,0,0,1,0,0,0,0,1,0,0,0,0,0,0,0,0,0,0,0,1,0.99
40,13,4,2.943661971830986,52.268372927527,154.9256674545364,5.461538461538462,0.2578327599438544,141,69,2768,3044,0.5774647887323944,425,1,1,0,1,0,0,0,1,0,0,1,1,0,0,0,0,0,0,1,0,0,0,1,0,0,0,0,0,0,0,0,0,0,0,0.075
43,12,2,2.3943661971830985,49.82704225352112,116.19,5.916666666666667,0.12,213,0,3053,2627,1.0,490,1,1,0,1,0,0,1,0,1,0,0,0,0,1,0,0,0,0,0,1,0,0,0,0,0,0,0,0,1,0,0,0,1,0,0.995
41,11,4,2.333333333333333,48.67444444444445,114.42680555555556,6.545454545454546,0.26,72,0,2160,6336,1.0,371,1,1,0,0,1,1,0,0,0,1,0,0,0,1,0,0,0,0,1,0,0,0,0,0,0,0,0,1,0,0,0,0,0,1,0.005
68,2,3,2.388888888888889,53.79236111111111,128.26069444444445,36.0,0.08,0,72,864,1512,1.0,381,1,1,0,0,1,0,1,0,0,1,0,0,0,0,1,0,0,1,0,0,0,0,0,0,0,0,0,1,0,0,1,0,0,0,0.0
59,1,3,2.408450704225352,51.110845070422535,127.3280281690141,71.0,0.02,71,0,2840,1420,1.0,373,1,1,1,0,0,0,0,1,1,0,0,0,0,1,0,1,0,0,0,0,0,0,0,0,1,0,0,0,0,0,1,0,0,0,0.0
33,1,2,2.513888888888889,50.08819444444444,127.43333333333334,72.0,0.04,144,0,3024,4104,1.0,375,1,1,0,0,1,0,0,1,1,0,0,0,0,1,0,0,1,0,0,0,0,0,1,0,0,0,0,0,0,0,1,0,0,0,0.0
49,5,3,2.4722222222222223,48.76708333333333,120.7486111111111,14.4,0.03,216,0,2592,4680,1.0,494,1,1,0,0,1,0,0,1,1,0,0,1,0,0,0,1,0,0,0,0,0,0,0,0,0,0,0,1,0,0,0,1,0,0,1.0
70,3,2,2.4507042253521125,51.13197183098591,125.54859154929578,23.666666666666668,0.03,142,0,1491,5183,1.0,376,0,1,0,0,1,1,0,0,0,1,0,0,0,0,1,0,0,0,1,0,0,0,0,0,0,0,0,0,1,0,0,0,1,0,0.0
54,4,1,2.943661971830986,55.00591704467027,157.68521437103067,17.75,0.2547322104706722,155,63,851,4183,0.6338028169014085,487,1,1,1,0,0,1,0,0,1,0,0,1,0,0,0,1,0,0,0,0,1,0,0,0,0,0,0,0,0,0,0,0,0,0,0.08
57,2,1,2.647887323943662,44.90732394366197,122.10535211267604,35.5,0.05,0,142,1562,2130,1.0,370,0,1,0,1,0,1,0,0,0,1,0,0,0,1,0,0,0,0,0,1,0,0,0,0,1,0,0,0,0,0,1,0,0,0,0.015
42,13,2,2.4788732394366195,50.018169014084506,125.07154929577464,5.461538461538462,0.01,426,0,497,7384,1.0,370,0,1,0,0,1,1,0,0,0,0,1,0,1,0,0,0,0,1,0,0,0,0,0,0,0,0,0,1,0,0,1,0,0,0,0.005
50,7,1,2.436619718309859,53.3156338028169,132.2625352112676,10.142857142857142,0.14,142,0,2840,3266,1.0,372,1,1,0,1,0,0,1,0,0,0,1,0,0,1,0,1,0,0,0,0,0,0,0,0,0,0,1,0,0,0,0,1,0,0,0.005
41,11,2,2.5416666666666665,50.54212285486232,130.92099141944928,6.545454545454546,0.2244454107344317,149,44,1727,4931,0.6666666666666666,672,1,1,1,0,0,0,1,0,0,1,0,1,0,0,0,0,0,0,0,1,1,0,0,0,0,0,0,0,0,0,0,0,1,0,0.17
49,8,4,2.4722222222222223,46.80763888888889,118.27930555555557,9.0,0.05,144,0,1368,1080,1.0,500,1,1,0,0,1,0,1,0,0,0,1,0,1,0,0,0,1,0,0,0,0,0,0,0,0,0,1,0,0,0,0,1,0,0,0.98
26,14,0,3.1549295774647885,53.77767410185181,170.59999609102758,5.071428571428571,0.2504113893557161,158,73,1135,2849,0.5915492957746479,515,1,1,0,1,0,0,1,0,0,0,1,0,1,0,0,0,0,1,0,0,1,0,0,0,0,0,0,0,0,0,0,0,0,0,0.045
33,12,1,2.5211267605633805,53.65422535211268,141.11225352112675,5.916666666666667,0.09,0,142,2911,4473,1.0,372,1,1,1,0,0,0,1,0,1,0,0,1,0,0,0,0,0,0,1,0,0,0,0,0,0,0,0,0,1,1,0,0,0,0,0.01
58,4,4,2.625,46.97347222222223,124.7275,18.0,7.040439272233234,720,288,2736,2016,1.0,375,0,1,0,0,1,0,1,0,0,1,0,0,0,0,1,0,0,0,0,1,0,0,1,0,0,0,0,0,0,0,0,1,0,0,0.0
33,5,4,2.4722222222222223,48.36625,118.99902777777778,14.4,0.13,0,288,864,1872,1.0,370,0,1,1,0,0,0,1,0,0,1,0,0,0,0,1,0,1,0,0,0,0,0,0,1,0,0,0,0,0,0,0,1,0,0,0.0
68,15,1,2.486111111111111,53.47902777777777,130.0623611111111,4.8,0.1,288,0,864,3672,1.0,382,1,1,1,0,0,0,1,0,0,0,1,1,0,0,0,1,0,0,0,0,0,0,0,1,0,0,0,0,0,1,0,0,0,0,0.005
52,9,3,2.619718309859155,52.095774647887325,136.3530985915493,7.888888888888888,0.25,142,0,2343,5964,1.0,502,1,1,1,0,0,0,1,0,1,0,0,1,0,0,0,0,0,1,0,0,0,0,0,0,0,1,0,0,0,0,1,0,0,0,0.995
21,5,4,2.388888888888889,45.72375,107.78069444444444,14.4,0.28,72,0,864,6768,1.0,371,0,1,0,1,0,1,0,0,1,0,0,0,1,0,0,0,1,0,0,0,0,0,0,0,0,1,0,0,0,0,1,0,0,0,0.005
31,5,4,2.888888888888889,48.0467247141323,143.04692165048684,14.4,0.2854454016989675,149,65,1367,1646,0.5277777777777778,695,1,1,0,1,0,0,1,0,1,0,0,0,0,1,0,0,0,0,0,1,0,0,0,1,0,0,0,0,0,0,0,0,0,0,0.76
48,3,2,2.4507042253521125,49.27380281690141,119.99028169014085,23.666666666666668,0.11,284,0,3266,7313,1.0,372,0,1,0,1,0,0,1,0,0,1,0,0,1,0,0,0,0,0,1,0,0,0,0,0,0,0,1,0,0,0,1,0,0,0,0.005
40,13,4,2.5,50.60930555555555,131.6788888888889,5.538461538461538,0.25,144,0,2808,3024,1.0,373,1,1,0,1,0,0,0,1,0,0,1,1,0,0,0,0,0,0,1,0,0,0,0,0,0,1,0,0,0,0,1,0,0,0,0.02
33,12,3,2.680555555555556,50.2275,131.74125,6.0,0.15,72,0,1296,5472,1.0,371,1,1,0,0,1,0,0,1,0,0,1,0,0,1,0,1,0,0,0,0,0,0,0,1,0,0,0,0,0,0,0,0,1,0,0.0
46,4,2,2.430555555555556,50.59458333333333,122.46152777777776,18.0,0.15,72,0,2736,6984,1.0,375,1,1,0,1,0,0,0,1,0,0,1,1,0,0,0,0,0,1,0,0,0,0,0,0,0,0,0,0,1,0,0,0,1,0,0.005
56,15,3,2.6666666666666665,49.21097222222223,124.66305555555556,4.8,0.17,216,0,3672,5184,1.0,490,0,1,0,0,1,0,0,1,0,0,1,0,0,1,0,0,0,0,0,1,0,0,1,0,0,0,0,0,0,0,1,0,0,0,0.995
64,13,3,2.5774647887323945,51.17887323943662,133.22605633802817,5.461538461538462,0.29,284,0,639,4757,1.0,494,1,1,0,1,0,0,1,0,0,0,1,0,1,0,0,0,1,0,0,0,0,1,0,0,0,0,0,0,0,0,1,0,0,0,1.0
31,13,4,2.676056338028169,48.71056338028169,133.6545070422535,5.461538461538462,9.81401991006413,355,71,2059,2201,1.0,380,1,1,0,1,0,1,0,0,0,0,1,1,0,0,0,1,0,0,0,0,0,1,0,0,0,0,0,0,0,0,0,0,0,1,0.0
62,6,2,2.7916666666666665,48.11722222222223,134.01208333333335,12.0,0.25,216,0,2448,4248,1.0,371,0,1,0,0,1,0,1,0,0,1,0,0,1,0,0,0,0,1,0,0,0,1,0,0,0,0,0,0,0,0,0,1,0,0,0.015
18,15,3,2.638888888888889,50.64847222222223,132.72944444444445,4.8,0.28,216,0,3312,4752,1.0,373,0,1,0,1,0,1,0,0,0,0,1,0,0,0,1,0,1,0,0,0,0,1,0,0,0,0,0,0,0,0,0,0,0,1,0.0
37,9,4,2.4722222222222223,49.341388888888886,117.81847222222224,8.0,0.25,216,0,648,5112,1.0,377,1,1,0,1,0,0,1,0,0,0,1,1,0,0,0,0,0,0,0,1,1,0,0,0,0,0,0,0,0,0,0,1,0,0,0.005
60,2,0,3.295774647887324,53.7542136657364,169.68291100097375,35.5,0.2846028898022387,194,52,1206,2786,0.5633802816901409,506,0,1,1,0,0,0,1,0,1,0,0,0,0,1,0,1,0,0,0,0,0,0,1,0,0,0,0,0,0,0,0,0,0,0,0.165
19,8,2,2.638888888888889,46.76972222222222,123.94791666666669,9.0,0.29,72,0,1944,1512,1.0,385,1,1,1,0,0,0,0,1,0,0,1,0,0,1,0,0,0,0,0,1,0,0,0,0,1,0,0,0,0,0,1,0,0,0,0.01
57,12,3,2.736111111111111,50.10791666666667,135.8973611111111,6.0,0.01,216,0,2304,7272,1.0,372,0,1,1,0,0,0,1,0,0,0,1,1,0,0,0,1,0,0,0,0,0,0,1,0,0,0,0,0,0,1,0,0,0,0,0.01
56,10,2,2.388888888888889,49.025000000000006,115.86708333333334,7.199999999999999,0.28,0,216,3384,2088,1.0,496,0,1,0,1,0,0,0,1,0,0,1,0,0,0,1,1,0,0,0,0,0,0,0,0,0,0,1,0,0,0,1,0,0,0,1.0
60,2,0,2.2816901408450705,49.64112676056338,113.50295774647888,35.5,0.01,355,0,1207,2911,1.0,374,0,1,1,0,0,0,1,0,1,0,0,0,0,1,0,1,0,0,0,0,0,0,0,0,0,0,0,1,0,0,0,0,0,1,0.005
38,2,2,2.958333333333333,53.23055264898019,151.75415504036522,36.0,0.3403449553172982,154,69,2591,1721,0.5694444444444444,587,1,1,0,1,0,0,1,0,0,1,0,1,0,0,0,0,1,0,0,0,0,0,0,0,0,1,0,0,0,0,0,0,0,0,0.055
29,4,1,2.5492957746478875,46.5187323943662,115.83661971830983,17.75,0.13,355,0,3053,4189,1.0,371,1,1,1,0,0,0,0,1,0,1,0,1,0,0,0,1,0,0,0,0,0,0,0,0,0,0,0,0,1,0,0,1,0,0,0.01
31,5,1,2.680555555555556,52.909444444444446,144.49208333333334,14.4,10.511517226231629,288,648,2808,1440,1.0,378,1,1,0,0,1,1,0,0,1,0,0,1,0,0,0,0,0,0,0,1,0,0,0,0,0,1,0,0,0,0,0,0,1,0,0.0
31,12,1,2.388888888888889,50.70291666666667,120.02291666666666,6.0,0.17,288,0,504,6048,1.0,370,0,1,1,0,0,1,0,0,0,1,0,1,0,0,0,0,1,0,0,0,0,0,0,0,0,0,0,1,0,0,0,0,1,0,0.0
47,8,1,2.7916666666666665,48.529583333333335,134.44472222222225,9.0,12.707630080622156,0,72,792,2808,1.0,370,0,1,1,0,0,1,0,0,0,1,0,1,0,0,0,1,0,0,0,0,0,0,0,0,1,0,0,0,0,0,1,0,0,0,0.0
19,8,2,2.861111111111111,49.43299915950406,145.68282997134955,9.0,0.3005737983066282,151,59,1943,1642,0.5555555555555556,661,1,1,1,0,0,0,0,1,0,0,1,0,0,1,0,0,0,0,0,1,0,1,0,0,0,0,0,0,0,0,0,0,0,0,0.06
57,1,1,2.5416666666666665,49.00861111111111,123.4686111111111,72.0,0.23,0,216,3312,4896,1.0,495,0,1,0,1,0,0,1,0,0,1,0,0,0,1,0,0,0,0,1,0,0,0,1,0,0,0,0,0,0,1,0,0,0,0,0.97
33,7,0,3.0,49.31874377874075,148.05499377874077,10.285714285714286,0.3257578850489978,168,60,3023,3455,0.5833333333333334,767,1,1,0,0,1,0,1,0,0,1,0,0,0,0,1,0,0,0,1,0,1,0,0,0,0,0,0,0,0,0,0,0,0,0,0.075
43,5,1,2.430555555555556,48.93375,119.70833333333331,14.4,0.08,0,288,3168,5544,1.0,507,1,1,0,1,0,1,0,0,0,1,0,0,1,0,0,1,0,0,0,0,0,1,0,0,0,0,0,0,0,1,0,0,0,0,0.98
23,5,4,2.8194444444444446,48.81063150211405,136.82848522645034,14.4,0.2991633843191448,150,69,935,3729,0.5555555555555556,726,1,1,0,0,1,1,0,0,0,1,0,0,1,0,0,1,0,0,0,0,0,0,0,0,0,1,0,0,0,0,0,0,0,0,0.135
48,1,0,2.5,50.53333333333333,125.91236111111112,72.0,0.17,0,216,648,4752,1.0,376,1,1,1,0,0,0,0,1,0,1,0,0,0,0,1,1,0,0,0,0,0,0,0,0,0,0,0,1,0,0,0,0,0,1,0.005
47,5,3,2.2816901408450705,47.21014084507043,111.85774647887324,14.2,0.08,0,142,568,6035,1.0,493,1,1,1,0,0,0,0,1,1,0,0,1,0,0,0,0,0,1,0,0,0,0,0,0,0,1,0,0,0,0,0,1,0,0,0.975
55,5,1,2.859154929577465,53.30380281690141,147.6549295774648,14.2,0.08,142,0,1917,2911,1.0,375,0,1,0,0,1,0,1,0,1,0,0,0,0,0,1,0,0,0,0,1,1,0,0,0,0,0,0,0,0,1,0,0,0,0,0.01
68,1,4,2.422535211267605,49.2887323943662,119.57788732394368,71.0,0.21,284,0,3124,6390,1.0,504,1,1,0,1,0,0,1,0,0,1,0,1,0,0,0,0,0,0,0,1,0,0,0,0,0,0,0,1,0,1,0,0,0,0,0.995
33,7,4,2.805555555555556,50.90055555555556,143.3322222222222,10.285714285714286,0.29,72,0,2160,2376,1.0,376,0,1,0,0,1,0,1,0,1,0,0,0,0,0,1,0,0,0,1,0,0,0,0,0,1,0,0,0,0,1,0,0,0,0,0.005
19,8,2,2.555555555555556,48.924166666666665,127.77722222222224,9.0,0.29,72,0,1944,1512,1.0,370,1,1,1,0,0,0,0,1,0,0,1,0,0,1,0,0,0,0,0,1,0,0,0,0,0,0,0,1,0,0,0,1,0,0,0.0
56,8,0,2.6338028169014085,49.23676056338028,129.72647887323944,8.875,0.04,0,426,1491,7029,1.0,371,0,1,0,0,1,0,0,1,0,1,0,0,1,0,0,0,0,0,0,1,0,0,0,0,0,1,0,0,0,0,0,0,0,1,0.005
59,3,4,2.436619718309859,47.66211267605633,114.08859154929576,23.666666666666668,0.1,142,0,3053,5538,1.0,371,0,1,0,0,1,0,0,1,0,0,1,0,1,0,0,0,0,1,0,0,1,0,0,0,0,0,0,0,0,0,0,0,1,0,0.0
70,3,2,2.4507042253521125,52.71450704225352,126.19774647887326,23.666666666666668,0.25,213,0,1420,4473,1.0,493,1,1,0,1,0,0,0,1,0,0,1,0,0,0,1,0,0,1,0,0,0,0,0,0,0,0,0,0,1,0,1,0,0,0,0.995
54,4,1,2.458333333333333,48.208888888888886,115.12569444444443,18.0,0.11,144,0,864,4176,1.0,370,1,1,1,0,0,1,0,0,1,0,0,1,0,0,0,1,0,0,0,0,0,1,0,0,0,0,0,0,0,0,1,0,0,0,0.0
59,3,4,2.422535211267605,53.55126760563381,129.67887323943663,23.666666666666668,0.1,142,0,3053,5538,1.0,371,0,1,0,0,1,0,0,1,0,0,1,0,1,0,0,0,0,1,0,0,0,0,0,1,0,0,0,0,0,0,0,1,0,0,0.0
56,15,1,2.4788732394366195,51.289718309859154,125.21478873239435,4.733333333333333,0.19,142,0,923,5751,1.0,371,1,1,0,1,0,1,0,0,0,0,1,0,0,1,0,0,1,0,0,0,0,0,0,0,0,1,0,0,0,0,0,1,0,0,0.0
25,10,4,2.5211267605633805,46.39845070422536,116.06591549295776,7.1,0.15,284,0,639,6390,1.0,491,0,1,0,1,0,1,0,0,1,0,0,0,1,0,0,0,0,0,1,0,0,0,0,0,0,0,1,0,0,0,0,0,0,1,1.0
24,2,0,2.708333333333333,48.01896927838135,129.82754378019206,36.0,0.311582842497941,144,57,2375,6887,0.6111111111111112,585,0,1,1,0,0,0,0,1,1,0,0,0,1,0,0,0,1,0,0,0,0,0,0,0,0,0,0,1,0,0,0,0,0,0,0.145
50,9,2,2.5972222222222223,48.12861111111111,126.99625,8.0,0.22,360,0,1152,3456,1.0,373,1,1,1,0,0,0,1,0,0,0,1,1,0,0,0,1,0,0,0,0,1,0,0,0,0,0,0,0,0,0,0,0,1,0,0.0
44,3,3,2.591549295774648,47.39338028169014,120.9361971830986,23.666666666666668,0.25,355,0,1136,6390,1.0,378,1,1,0,1,0,0,1,0,0,0,1,1,0,0,0,0,1,0,0,0,0,0,0,1,0,0,0,0,0,0,1,0,0,0,0.005
52,6,3,2.126760563380281,52.10887323943662,113.34915492957748,11.833333333333334,0.17,142,0,1349,1704,1.0,497,1,1,0,1,0,1,0,0,0,1,0,1,0,0,0,0,0,0,0,1,0,0,0,1,0,0,0,0,0,0,0,0,0,1,0.965
52,9,3,2.5972222222222223,48.8025,125.98041666666668,8.0,0.25,144,0,2376,6048,1.0,491,1,1,1,0,0,0,1,0,1,0,0,1,0,0,0,0,0,1,0,0,0,0,0,0,0,0,0,0,1,0,0,1,0,0,0.99
29,4,1,2.625,50.10347222222222,130.7815277777778,18.0,0.13,360,0,3096,4248,1.0,372,1,1,1,0,0,0,0,1,0,1,0,1,0,0,0,1,0,0,0,0,0,0,0,0,0,0,0,1,0,0,0,1,0,0,0.01
56,15,1,2.361111111111111,53.46458333333333,127.09347222222222,4.8,0.19,144,0,936,5832,1.0,373,1,1,0,1,0,1,0,0,0,0,1,0,0,1,0,0,1,0,0,0,0,0,0,1,0,0,0,0,0,0,1,0,0,0,0.0
33,4,1,2.4722222222222223,50.2825,124.64194444444443,18.0,0.15,0,288,2088,2808,1.0,374,1,1,0,0,1,1,0,0,0,1,0,0,1,0,0,0,0,1,0,0,0,0,0,1,0,0,0,0,0,0,0,0,0,1,0.0
66,11,2,2.507042253521127,51.624507042253526,127.98028169014086,6.454545454545454,5.520176522913397,497,71,3195,4402,1.0,377,1,1,0,0,1,1,0,0,0,1,0,0,0,1,0,0,0,1,0,0,0,0,0,1,0,0,0,0,0,0,0,1,0,0,0.0
34,15,2,2.388888888888889,49.02291666666667,116.86986111111112,4.8,0.07,288,0,1872,1944,1.0,499,1,1,0,1,0,0,1,0,0,0,1,1,0,0,0,0,1,0,0,0,0,0,0,0,0,0,0,0,1,0,1,0,0,0,1.0
67,9,1,2.6619718309859155,47.3756338028169,130.9449295774648,7.888888888888888,0.16,142,0,2343,2556,1.0,499,1,1,0,1,0,0,0,1,0,1,0,0,0,0,1,0,0,1,0,0,0,0,0,0,0,0,0,0,1,0,0,0,0,1,0.995
34,9,2,2.2916666666666665,52.89055555555555,125.31958333333334,8.0,14.663665891596189,576,0,1728,5328,1.0,374,0,1,1,0,0,1,0,0,1,0,0,0,1,0,0,0,0,1,0,0,0,0,0,0,0,0,1,0,0,0,1,0,0,0,0.0
51,11,4,2.788732394366197,48.41661971830986,129.51521126760562,6.454545454545454,0.1,213,0,1988,1349,1.0,372,1,1,0,0,1,1,0,0,0,0,1,0,0,1,0,0,0,0,0,1,0,0,0,0,0,1,0,0,0,1,0,0,0,0,0.005
26,4,4,2.352112676056338,49.44549295774648,116.22535211267606,17.75,0.21,142,0,1846,5041,1.0,495,1,1,0,0,1,1,0,0,1,0,0,0,0,1,0,0,0,0,0,1,0,0,0,0,0,0,0,0,1,0,0,0,1,0,0.985
48,11,0,2.611111111111111,46.76319444444445,120.545,6.545454545454546,11.7797599545946,504,576,432,5184,1.0,375,0,1,0,1,0,1,0,0,0,0,1,1,0,0,0,0,0,1,0,0,0,0,0,1,0,0,0,0,0,0,1,0,0,0,0.0
38,15,4,2.4507042253521125,47.49788732394366,118.35802816901408,4.733333333333333,0.19,71,0,3337,2272,1.0,490,0,1,0,0,1,1,0,0,0,1,0,0,1,0,0,0,1,0,0,0,0,0,0,0,0,1,0,0,0,0,0,1,0,0,0.99
50,12,2,2.380281690140845,52.30690140845071,124.67169014084509,5.916666666666667,0.19,284,0,1491,2485,1.0,378,0,1,0,1,0,0,0,1,1,0,0,0,0,0,1,0,1,0,0,0,0,0,0,0,1,0,0,0,0,0,0,1,0,0,0.02
50,7,3,2.352112676056338,49.40887323943662,116.7587323943662,10.142857142857142,0.03,142,0,2769,6177,1.0,372,1,1,1,0,0,0,1,0,0,0,1,0,0,1,0,0,0,0,0,1,0,0,0,0,0,1,0,0,0,0,0,0,0,1,0.01
56,8,0,2.75,50.522891128980106,137.9657822579602,9.0,0.3473391645002024,154,52,1511,6892,0.7222222222222222,809,0,1,0,0,1,0,0,1,0,1,0,0,1,0,0,0,0,0,0,1,0,0,1,0,0,0,0,0,0,0,1,0,0,0,0.11
56,1,2,2.9722222222222223,51.03984286062055,155.86187144248223,72.0,0.2914548482475617,154,69,2447,4458,0.6388888888888888,732,0,1,0,1,0,0,0,1,0,0,1,0,0,1,0,1,0,0,0,0,0,0,0,0,0,1,0,0,0,0,0,0,0,0,0.12
49,2,0,2.492957746478873,51.42915492957746,129.60112676056335,35.5,0.11,284,0,2769,2201,1.0,370,1,1,0,0,1,0,0,1,1,0,0,1,0,0,0,1,0,0,0,0,0,1,0,0,0,0,0,0,0,0,0,0,0,1,0.005
57,10,1,2.611111111111111,50.83166666666667,135.5851388888889,7.199999999999999,0.17,216,0,2448,4824,1.0,493,1,1,0,1,0,1,0,0,1,0,0,0,0,0,1,0,0,1,0,0,0,0,0,1,0,0,0,0,0,1,0,0,0,0,0.995
53,15,2,2.486111111111111,50.52986111111111,125.52277777777778,4.8,0.04,0,216,1008,6552,1.0,490,0,1,1,0,0,0,1,0,0,0,1,1,0,0,0,1,0,0,0,0,0,0,0,0,0,0,1,0,0,1,0,0,0,0,1.0
28,13,2,2.611111111111111,48.973055555555554,122.91430555555556,5.538461538461538,5.674058651816404,144,216,1368,720,1.0,370,1,1,0,0,1,0,0,1,0,0,1,0,0,1,0,0,0,0,0,1,0,0,0,0,0,0,0,1,0,0,1,0,0,0,0.0
23,3,2,2.430555555555556,52.727222222222224,128.4684722222222,24.0,0.27,0,72,3384,4176,1.0,497,0,1,0,1,0,1,0,0,0,1,0,0,1,0,0,0,1,0,0,0,0,1,0,0,0,0,0,0,0,0,0,1,0,0,0.985
47,11,1,2.638888888888889,50.34680555555556,132.39277777777778,6.545454545454546,7.038417437673107,0,360,2088,5616,1.0,376,0,1,1,0,0,0,1,0,0,0,1,0,0,1,0,0,1,0,0,0,0,0,0,0,1,0,0,0,0,0,1,0,0,0,0.0
58,5,2,2.647887323943662,46.80915492957746,123.58577464788732,14.2,0.28,213,0,3479,1491,1.0,375,0,1,1,0,0,0,0,1,0,0,1,1,0,0,0,0,0,0,0,1,0,0,1,0,0,0,0,0,0,0,1,0,0,0,0.0
35,12,3,2.605633802816901,54.13267605633803,143.2994366197183,5.916666666666667,0.03,0,213,3337,5467,1.0,490,1,1,0,1,0,1,0,0,0,1,0,1,0,0,0,0,1,0,0,0,0,1,0,0,0,0,0,0,0,0,0,0,1,0,0.985
